timestamp_s,speed_target_rps,direction,rps,Iq_A,Id_A,Vbus_V,P_elec_W,T_fet_C
9.899988071992993e-06,10,CW,9.946375846862793,0.3888336718082428,-0.00043690577149391174,24.084379196166992,0.10310453176498413,36.74492645263672
0.012795899994671345,10,CW,9.83916187286377,0.44405755400657654,-0.009492143988609314,24.09404945373535,0.1112435832619667,36.74584197998047
0.0254199999908451,10,CW,9.80084228515625,0.39665254950523376,-0.04875103756785393,24.084379196166992,0.14660309255123138,36.74703598022461
0.03921479999553412,10,CW,9.872291564941406,0.39709562063217163,-0.057898152619600296,24.087602615356445,0.10461616516113281,36.74819564819336
0.052565299993148074,10,CW,9.937080383300781,0.3702523112297058,-0.07133058458566666,24.08599090576172,0.1316695660352707,36.74906921386719
0.0649614999856567,10,CW,9.90427303314209,0.37867993116378784,-0.00286710262298584,24.09404945373535,0.08918836712837219,36.74981689453125
0.07525369999348186,10,CW,9.96998405456543,0.3292325735092163,-0.04270466789603233,24.07793426513672,0.09412051737308502,36.750484466552734
0.08636209998803679,10,CW,9.96343994140625,0.4226335287094116,0.01824510097503662,24.092437744140625,0.09668415039777756,36.75130844116211
0.09770239998761099,10,CW,10.035224914550781,0.37245476245880127,-0.05136788636445999,24.068265914916992,0.11604928970336914,36.751949310302734
0.10845189999963623,10,CW,9.967286109924316,0.35725700855255127,-0.11597122251987457,24.079545974731445,0.11790603399276733,36.752620697021484
0.11953179999545682,10,CW,9.824244499206543,0.35189881920814514,0.059420764446258545,24.089214324951172,0.15504272282123566,36.75339126586914
0.1300918999913847,10,CW,9.752459526062012,0.3613017499446869,-0.06954607367515564,24.11016273498535,0.12199446558952332,36.75429153442383
0.13997849999577738,10,CW,9.824076652526855,0.387685090303421,0.1669992357492447,24.097270965576172,0.11720317602157593,36.755096435546875
0.1502351999952225,10,CW,9.784969329833984,0.3961610794067383,0.10109417140483856,24.074710845947266,0.11018986254930496,36.75608444213867
0.16241819999413565,10,CW,9.817344665527344,0.4384470582008362,0.15365594625473022,24.0988826751709,0.12674440443515778,36.7570915222168
0.17361469999013934,10,CW,9.957428932189941,0.32327166199684143,0.010256871581077576,24.074710845947266,0.11548129469156265,36.75776290893555
0.18443339999066666,10,CW,10.054986953735352,0.30186551809310913,0.03135931119322777,24.089214324951172,0.1087261289358139,36.75862503051758
0.199777499990887,10,CW,10.017099380493164,0.43627190589904785,0.15674513578414917,24.089214324951172,0.12205293029546738,36.759490966796875
0.2133488999970723,10,CW,9.906865119934082,0.25322917103767395,-0.06938295811414719,24.084379196166992,0.12130581587553024,36.76034927368164
0.22386499999265652,10,CW,9.800174713134766,0.3386651575565338,0.0671437606215477,24.095659255981445,0.11594552546739578,36.76106643676758
0.23613799999293406,10,CW,9.904561042785645,0.37179434299468994,-0.07922489941120148,24.08599090576172,0.10799422115087509,36.7619514465332
0.24645509998663329,10,CW,9.937238693237305,0.3466460406780243,0.06315751373767853,24.089214324951172,0.13943271338939667,36.762672424316406
0.25689629999396857,10,CW,9.969840049743652,0.4050024747848511,0.17115777730941772,24.095659255981445,0.11661677807569504,36.763282775878906
0.26747619999514427,10,CW,10.005629539489746,0.4199211597442627,0.12530551850795746,24.07793426513672,0.09982630610466003,36.763763427734375
0.27430269999604207,10,CW,10.04172134399414,0.4035821855068207,0.11591638624668121,24.092437744140625,0.11683003604412079,36.76404571533203
0.28006139998615254,10,CW,10.04172134399414,0.3374992907047272,-0.00821569561958313,24.087602615356445,0.11266349256038666,36.76450729370117
0.2881968000001507,10,CW,10.038759231567383,0.3410951793193817,-0.07033795118331909,24.092437744140625,0.09612677991390228,36.76493453979492
0.295630099994014,10,CW,10.110544204711914,0.34324732422828674,0.03131185844540596,24.092437744140625,0.08057552576065063,36.76524353027344
0.30214849999174476,10,CW,10.042379379272461,0.35789626836776733,0.17159374058246613,24.0908260345459,0.12388443946838379,36.765586853027344
0.30782399998861365,10,CW,9.97125244140625,0.39514145255088806,0.0868852511048317,24.1069393157959,0.0899018794298172,36.765968322753906
0.31619519999367185,10,CW,9.899337768554688,0.448359876871109,-0.042967163026332855,24.08599090576172,0.11263719946146011,36.76651382446289
0.32201289999648,10,CW,9.828210830688477,0.3886198103427887,0.1016133725643158,24.08599090576172,0.11907626688480377,36.76719284057617
0.33322669999324717,10,CW,9.8248929977417,0.3835967779159546,0.09354202449321747,24.087602615356445,0.10225341469049454,36.76808547973633
0.3461423999979161,10,CW,9.818554878234863,0.3698306977748871,0.15551860630512238,24.084379196166992,0.13960976898670197,36.76919174194336
0.35826219999580644,10,CW,9.850930213928223,0.43297263979911804,0.06537022441625595,24.081157684326172,0.08820983022451401,36.770137786865234
0.36831799999345094,10,CW,9.922677040100098,0.3924836814403534,-0.03228302299976349,24.08599090576172,0.08016516268253326,36.770652770996094
0.3760036999883596,10,CW,9.991144180297852,0.2870226800441742,-0.06644117832183838,24.097270965576172,0.07296783477067947,36.77132034301758
0.38908229999651667,10,CW,10.020989418029785,0.401837557554245,-0.07139870524406433,24.087602615356445,0.08308921009302139,36.77182388305664
0.399161199995433,10,CW,10.092774391174316,0.33345046639442444,-0.014068152755498886,24.087602615356445,0.10794354975223541,36.772361755371094
0.40861869999207556,10,CW,9.989272117614746,0.3414883315563202,-0.060092806816101074,24.0988826751709,0.11313360184431076,36.77292251586914
0.41910089999146294,10,CW,9.917357444763184,0.4362943172454834,0.0011330172419548035,24.087602615356445,0.10703487694263458,36.773719787597656
0.4293333999958122,10,CW,9.843474388122559,0.40374624729156494,0.024211138486862183,24.0908260345459,0.11865733563899994,36.774471282958984
0.43896819998917636,10,CW,9.807743072509766,0.3759201765060425,-0.22012849152088165,24.0908260345459,0.12499027699232101,36.77532196044922
0.44914119999157265,10,CW,9.876378059387207,0.3881080448627472,-0.04987145587801933,24.087602615356445,0.12181341648101807,36.77599334716797
0.4586305999982869,10,CW,9.90871524810791,0.45053938031196594,0.1345643699169159,24.08599090576172,0.10539528727531433,36.776615142822266
0.4656080999993719,10,CW,9.90871524810791,0.3955717086791992,-0.029486171901226044,24.089214324951172,0.09100428968667984,36.7773323059082
0.4776073999964865,10,CW,10.081342697143555,0.39769265055656433,-0.001909848302602768,24.08599090576172,0.12701494991779327,36.77772521972656
0.4857080999936443,10,CW,10.149507522583008,0.3916821777820587,0.07795470952987671,24.0827693939209,0.0815865620970726,36.77800369262695
0.4921895999868866,10,CW,10.078380584716797,0.36265137791633606,0.15798401832580566,24.08599090576172,0.10451526194810867,36.77836990356445
0.4988318999967305,10,CW,10.078380584716797,0.38325583934783936,-0.052916642278432846,24.0908260345459,0.12598717212677002,36.77872085571289
0.5039190999959828,10,CW,10.010215759277344,0.30558329820632935,0.17382551729679108,24.092437744140625,0.08766957372426987,36.778953552246094
0.5104425999888917,10,CW,9.941844940185547,0.33372390270233154,-0.08755870163440704,24.087602615356445,0.1403890699148178,36.77957534790039
0.5204917999944882,10,CW,9.869930267333984,0.4028344750404358,0.157404363155365,24.087602615356445,0.10890030860900879,36.780181884765625
0.5300901999871712,10,CW,9.798803329467773,0.39251160621643066,0.04846242442727089,24.092437744140625,0.09027034789323807,36.7810173034668
0.5404395999939879,10,CW,9.831404685974121,0.3909425139427185,0.007966607809066772,24.0908260345459,0.11823394149541855,36.7818603515625
0.5504473999899346,10,CW,9.864082336425781,0.41516029834747314,-0.0005152523517608643,24.087602615356445,0.12101342529058456,36.7826042175293
0.5604559999919729,10,CW,9.899909973144531,0.3107717037200928,0.008372697047889233,24.103717803955078,0.12613055109977722,36.78335189819336
0.5700819999910891,10,CW,9.932117462158203,0.386819064617157,0.2161230444908142,24.0827693939209,0.10341151803731918,36.78413009643555
0.5801593999931356,10,CW,10.036580085754395,0.35479477047920227,-0.017811138182878494,24.074710845947266,0.1075020283460617,36.78463363647461
0.5903910999913933,10,CW,10.030203819274902,0.34108859300613403,-0.09590017795562744,24.089214324951172,0.0965169295668602,36.78518295288086
0.6004531999933533,10,CW,10.098968505859375,0.3965405225753784,0.012637987732887268,24.087602615356445,0.05085211992263794,36.78582763671875
0.6106124999932945,10,CW,9.995466232299805,0.31606248021125793,0.01216861605644226,24.081157684326172,0.1295696645975113,36.786224365234375
0.620336199994199,10,CW,9.923383712768555,0.37813156843185425,0.14263054728507996,24.087602615356445,0.12675760686397552,36.78704833984375
0.6305752999905962,10,CW,9.852256774902344,0.3399357497692108,-0.09774937480688095,24.10210609436035,0.0841384306550026,36.787784576416016
0.6401894999871729,10,CW,9.820107460021973,0.34202125668525696,-0.0542379766702652,24.089214324951172,0.10531995445489883,36.788429260253906
0.6501262999954633,10,CW,9.888742446899414,0.351793110370636,0.06802742183208466,24.074710845947266,0.11994154006242752,36.79171371459961
0.7000879999977769,10,CW,10.05216121673584,0.32228684425354004,-0.07564762234687805,24.0827693939209,0.10091446340084076,36.79228591918945
0.7088071999896783,10,CW,9.912869453430176,0.334669291973114,-0.051235657185316086,24.092437744140625,0.10686532407999039,36.792762756347656
0.7150342999957502,10,CW,9.843975067138672,0.344808429479599,-0.012934326194226742,24.095659255981445,0.11829552054405212,36.79338836669922
0.7246726999874227,10,CW,9.772848129272461,0.36757826805114746,-0.07813207060098648,24.087602615356445,0.11242697387933731,36.794071197509766
0.7327565999876242,10,CW,9.769827842712402,0.4122452735900879,0.04402471333742142,24.0908260345459,0.13685046136379242,36.79475784301758
0.7414887999912025,10,CW,9.77005386352539,0.36144623160362244,-0.04626467823982239,24.0988826751709,0.11829082667827606,36.795352935791016
0.7493112999945879,10,CW,9.80273151397705,0.4452182650566101,0.15638034045696259,24.097270965576172,0.15285800397396088,36.79610061645508
0.7581593999930192,10,CW,9.870896339416504,0.297492116689682,-0.08352835476398468,24.09404945373535,0.10778484493494034,36.79676818847656
0.7654264999873703,10,CW,9.870896339416504,0.34132689237594604,0.14501452445983887,24.079545974731445,0.1210877001285553,36.79737091064453
0.7744961999997031,10,CW,9.903497695922852,0.4291103780269623,0.032440945506095886,24.081157684326172,0.09612127393484116,36.797935485839844
0.7821813999908045,10,CW,10.010980606079102,0.41358986496925354,0.0884341299533844,24.07309913635254,0.11387614905834198,36.79832458496094
0.7909168999904068,10,CW,10.040393829345703,0.3281237483024597,0.07234756648540497,24.08599090576172,0.12543067336082458,36.79882049560547
0.7992323999933433,10,CW,10.112178802490234,0.3400959074497223,0.018932461738586426,24.087602615356445,0.12712065875530243,36.79922866821289
0.8079721999965841,10,CW,9.97288703918457,0.4134482145309448,-0.05941301956772804,24.09404945373535,0.08776860684156418,36.799686431884766
0.8167126999906031,10,CW,9.96960735321045,0.31930503249168396,0.052904412150382996,24.087602615356445,0.13363993167877197,36.80023956298828
0.8252547999873059,10,CW,9.898480415344238,0.39908990263938904,-0.08470553904771805,24.0827693939209,0.08411744982004166,36.80082702636719
0.8345637999882456,10,CW,9.826695442199707,0.29807695746421814,-0.08585570752620697,24.0827693939209,0.11608954519033432,36.801536560058594
0.8445750999962911,10,CW,9.898538589477539,0.32559797167778015,0.143212229013443,24.092437744140625,0.09707536548376083,36.80210876464844
0.8546038999920711,10,CW,9.9605712890625,0.3561567962169647,0.21848927438259125,24.084379196166992,0.09183526784181595,36.802894592285156
0.864792899999884,10,CW,9.993378639221191,0.38089877367019653,-0.01651238277554512,24.08599090576172,0.06492570042610168,36.8034553527832
0.8739237999980105,10,CW,9.990022659301758,0.40000811219215393,-0.16931359469890594,24.08599090576172,0.1133575364947319,36.804019927978516
0.8835232999990694,10,CW,10.025720596313477,0.341500848531723,-0.10965882986783981,24.081157684326172,0.10693255066871643,36.804603576660156
0.8953785999910906,10,CW,10.022758483886719,0.30221468210220337,-0.04678996652364731,24.09404945373535,0.1135818362236023,36.805213928222656
0.906288999991375,10,CW,9.986968994140625,0.34330159425735474,-0.08379897475242615,24.092437744140625,0.13236959278583527,36.80587387084961
0.9167764999874635,10,CW,9.80797004699707,0.41032278537750244,0.022061392664909363,24.079545974731445,0.12573939561843872,36.80669021606445
0.9267702999932226,10,CW,9.73684310913086,0.3282942473888397,-0.023782433941960335,24.105329513549805,0.06728676706552505,36.807437896728516
0.9356358999939403,10,CW,9.700885772705078,0.39592668414115906,-0.06663104891777039,24.0908260345459,0.1278575211763382,36.80813980102539
0.9426622999890242,10,CW,9.769050598144531,0.3674759864807129,0.03778758645057678,24.0908260345459,0.14374586939811707,36.80876541137695
0.951925499990466,10,CW,9.870492935180664,0.3547545373439789,-0.04072894901037216,24.089214324951172,0.11404815316200256,36.809593200683594
0.960702999989735,10,CW,9.938657760620117,0.38342657685279846,0.0027615949511528015,24.09404945373535,0.08265887945890427,36.81011962890625
0.967007699990063,10,CW,9.977635383605957,0.3331820070743561,0.040775932371616364,24.092437744140625,0.07502704113721848,36.81043243408203
0.9729888000001665,10,CW,10.042386054992676,0.3307783305644989,0.09747539460659027,24.0908260345459,0.0983789935708046,36.810813903808594
0.9800568999926327,10,CW,10.111285209655762,0.2824755012989044,-0.1147494986653328,24.0827693939209,0.12838564813137054,36.81121063232422
0.9903036999894539,10,CW,10.179450035095215,0.23645856976509094,-0.00973057933151722,24.092437744140625,0.07571679353713989,36.81150817871094
1.0002281999913976,10,CW,10.144280433654785,0.41587796807289124,0.14973454177379608,24.089214324951172,0.09580555558204651,36.81199264526367
1.0140542999870377,10,CW,10.004988670349121,0.35604265332221985,-0.08800484985113144,24.07309913635254,0.10113774985074997,36.812904357910156
1.0234984999988228,10,CW,9.933073997497559,0.36380085349082947,-0.06678120791912079,24.087602615356445,0.11479547619819641,36.81344985961914
1.0310418999870308,10,CW,9.894754409790039,0.4279743432998657,-0.08028751611709595,24.095659255981445,0.10956249386072159,36.813880920410156
1.0404196999879787,10,CW,9.926961898803711,0.428340882062912,-0.03913348540663719,24.0908260345459,0.0874752327799797,36.814552307128906
1.0503857999865431,10,CW,9.924076080322266,0.3741331994533539,0.09998483955860138,24.0908260345459,0.1098782941699028,36.815242767333984
1.0603928999917116,10,CW,9.956451416015625,0.3937412202358246,-0.08914359658956528,24.092437744140625,0.11665038019418716,36.81597137451172
1.0705390999937663,10,CW,9.959433555603027,0.32892197370529175,-0.1554618924856186,24.089214324951172,0.1002504900097847,36.816593170166016
1.0800647999858484,10,CW,9.992337226867676,0.3972005844116211,-0.060453400015830994,24.0908260345459,0.11465118080377579,36.81702423095703
1.090208799985703,10,CW,10.09330940246582,0.33571916818618774,0.0037104710936546326,24.089214324951172,0.09989769011735916,36.81752014160156
1.100414099986665,10,CW,10.05813980102539,0.36110419034957886,0.0715986043214798,24.079545974731445,0.07832050323486328,36.81807327270508
1.1103890999947907,10,CW,9.95463752746582,0.3163433074951172,-0.10718415677547455,24.092437744140625,0.11046387255191803,36.818748474121094
1.1201411999936681,10,CW,9.954339981079102,0.42089247703552246,-0.09595786035060883,24.08599090576172,0.10208760201931,36.819419860839844
1.1302809999906458,10,CW,9.88321304321289,0.3387581408023834,0.0037932656705379486,24.089214324951172,0.11736010015010834,36.820159912109375
1.140144799996051,10,CW,9.918834686279297,0.38689136505126953,0.17372149229049683,24.089214324951172,0.12582841515541077,36.8209228515625
1.151684699987527,10,CW,9.948756217956543,0.3083217740058899,-0.01635012775659561,24.079545974731445,0.11125652492046356,36.82182693481445
1.1655701999989105,10,CW,9.981093406677246,0.44948479533195496,-0.06570783257484436,24.087602615356445,0.09198375046253204,36.82254409790039
1.17655509999895,10,CW,10.013694763183594,0.32314151525497437,-0.09140891581773758,24.084379196166992,0.0850377082824707,36.823062896728516
1.1865446999872802,10,CW,10.085182189941406,0.3642202317714691,-0.012218065559864044,24.08599090576172,0.08195235580205917,36.823570251464844
1.1954359999945154,10,CW,10.01086711883545,0.3583768606185913,0.08735792338848114,24.0908260345459,0.10118721425533295,36.82417297363281
1.2050947999960044,10,CW,9.975077629089355,0.3893139064311981,-0.03874555230140686,24.08599090576172,0.08838727325201035,36.82468032836914
1.2132836999953724,10,CW,9.871575355529785,0.36337313055992126,-0.025107890367507935,24.095659255981445,0.12274924665689468,36.82526397705078
1.2200075999862747,10,CW,9.766853332519531,0.3470832407474518,-0.013804279267787933,24.08599090576172,0.14588744938373566,36.825889587402344
1.2302072999882512,10,CW,9.731289863586426,0.4092958867549896,-0.09842073917388916,24.092437744140625,0.13924746215343475,36.82695007324219
1.2403732999955537,10,CW,9.799454689025879,0.3675302267074585,-0.02792372927069664,24.079545974731445,0.0887238085269928,36.8276252746582
1.250851299992064,10,CW,9.86808967590332,0.438663125038147,0.02551950141787529,24.095659255981445,0.11824885755777359,36.82848358154297
1.2603308999969158,10,CW,9.90046501159668,0.3561393618583679,-0.07286471128463745,24.09404945373535,0.09647002816200256,36.829341888427734
1.270549899985781,10,CW,9.933272361755371,0.3574250042438507,-0.06372082233428955,24.074710845947266,0.13623017072677612,36.82997131347656
1.2800536999857286,10,CW,10.108920097351074,0.3031530976295471,0.038466520607471466,24.089214324951172,0.11729949712753296,36.83042907714844
1.290681999991648,10,CW,10.173670768737793,0.3289676308631897,0.02629327028989792,24.0827693939209,0.09598319977521896,36.83097457885742
1.3004935999924783,10,CW,10.135351181030273,0.3412133455276489,0.06575030833482742,24.087602615356445,0.0696774423122406,36.8312873840332
1.3100919999997132,10,CW,10.03201675415039,0.3924314081668854,-0.09184332191944122,24.0827693939209,0.08268861472606659,36.8317985534668
1.3202696999942418,10,CW,9.960102081298828,0.3526283800601959,-0.08763473480939865,24.0908260345459,0.10527538508176804,36.83235168457031
1.330181499986793,10,CW,9.849997520446777,0.4561561346054077,0.10593949258327484,24.0908260345459,0.08287404477596283,36.83302307128906
1.340482699990389,10,CW,9.88220500946045,0.40257367491722107,0.06919355690479279,24.076322555541992,0.07561039179563522,36.83389663696289
1.3503930999868317,10,CW,9.915276527404785,0.37637609243392944,-0.08006565272808075,24.09404945373535,0.10488973557949066,36.834510803222656
1.3605216999858385,10,CW,9.947257995605469,0.4626687467098236,-0.09314815700054169,24.097270965576172,0.10742784291505814,36.835384368896484
1.3702427999960491,10,CW,9.914450645446777,0.2639611065387726,-0.05364394187927246,24.087602615356445,0.1189490258693695,36.83613967895508
1.380109799996717,10,CW,10.018707275390625,0.37861528992652893,0.13797716796398163,24.09404945373535,0.09877075254917145,36.836509704589844
1.3906267999991542,10,CW,10.083457946777344,0.34416407346725464,0.08521085977554321,24.097270965576172,0.1200157180428505,36.83709716796875
1.4005496999889147,10,CW,10.012595176696777,0.3171827495098114,-0.07213779538869858,24.081157684326172,0.09568582475185394,36.83765411376953
1.4103401999891503,10,CW,9.909486770629883,0.3719575107097626,-0.1028442457318306,24.09404945373535,0.11062248051166534,36.83824157714844
1.4205263999901945,10,CW,9.906207084655762,0.24817222356796265,-0.025984909385442734,24.089214324951172,0.1264328956604004,36.839012145996094
1.4305066999950213,10,CW,9.87060546875,0.31615152955055237,0.18102814257144928,24.09404945373535,0.10516056418418884,36.839698791503906
1.4402672999858623,10,CW,9.942352294921875,0.41222134232521057,-0.01517384685575962,24.095659255981445,0.07674112170934677,36.84027862548828
1.4501453999982914,10,CW,10.004778861999512,0.37190091609954834,-0.13037869334220886,24.084379196166992,0.10141278803348541,36.8409423828125
1.46044759999495,10,CW,10.00119686126709,0.38286668062210083,-0.05155200883746147,24.10210609436035,0.11362004280090332,36.84162139892578
1.470159499993315,10,CW,10.00119686126709,0.26371389627456665,-0.058180827647447586,24.084379196166992,0.09727854281663895,36.842159271240234
1.4805379999888828,10,CW,10.069664001464844,0.3578507602214813,-0.02407003939151764,24.076322555541992,0.10867282748222351,36.84267044067383
1.4902089999959571,10,CW,10.066082000732422,0.3869262635707855,0.11166010797023773,24.0908260345459,0.10955314338207245,36.843116760253906
1.5006515999994008,10,CW,9.99150276184082,0.39169076085090637,-0.011992022395133972,24.07793426513672,0.09791267663240433,36.843692779541016
1.5103170999936992,10,CW,9.920543670654297,0.3076811134815216,-0.09729961305856705,24.06987762451172,0.09880700707435608,36.8443489074707
1.520485799992457,10,CW,9.851649284362793,0.4446013867855072,0.14137201011180878,24.08599090576172,0.1271856427192688,36.84498596191406
1.5302803999948082,10,CW,9.816085815429688,0.4223680794239044,0.01811905950307846,24.0988826751709,0.1132742166519165,36.84589385986328
1.5402472999994643,10,CW,9.920639991760254,0.33742061257362366,-0.06262669712305069,24.087602615356445,0.07152966409921646,36.84641647338867
1.5504278999869712,10,CW,10.01889419555664,0.3390485644340515,-0.08291874080896378,24.084379196166992,0.11231337487697601,36.8470573425293
1.5604561999934958,10,CW,10.015538215637207,0.2987704575061798,-0.20022360980510712,24.079545974731445,0.12246052175760269,36.847591400146484
1.5704213999997592,10,CW,9.979710578918457,0.2821440100669861,0.04506555199623108,24.087602615356445,0.11471927165985107,36.84813690185547
1.5804357999877539,10,CW,10.048177719116211,0.3591395616531372,0.16057711839675903,24.09404945373535,0.0770316943526268,36.84860610961914
1.5905175999942003,10,CW,10.048009872436523,0.3830030560493469,-0.07227863371372223,24.087602615356445,0.1096801683306694,36.84921646118164
1.600023399994825,10,CW,10.042065620422363,0.38765648007392883,-0.1520564705133438,24.095659255981445,0.09276096522808075,36.849632263183594
1.6103132999996888,10,CW,9.93873119354248,0.3400745987892151,-0.14040540158748627,24.10210609436035,0.13131330907344818,36.850284576416016
1.6205789999949047,10,CW,9.866816520690918,0.3794279098510742,-0.09351770579814911,24.079545974731445,0.09958582371473312,36.85109329223633
1.6313866999989841,10,CW,9.759861946105957,0.3422446548938751,0.027974367141723633,24.09404945373535,0.09228149056434631,36.85190963745117
1.6410598999937065,10,CW,9.831440925598145,0.29036086797714233,0.004374444484710693,24.0827693939209,0.10032439231872559,36.85270309448242
1.6958526999951573,10,CW,10.099586486816406,0.4133864939212799,0.03702376037836075,24.079545974731445,0.0994238406419754,36.85606384277344
1.7064743999944767,10,CW,10.099754333496094,0.3918508291244507,-0.02859857864677906,24.097270965576172,0.07270918786525726,36.856510162353516
1.7155238999985158,10,CW,9.996252059936523,0.29411324858665466,0.019660621881484985,24.06987762451172,0.12130367755889893,36.856998443603516
1.7236699999921257,10,CW,9.924337387084961,0.4103754460811615,-0.02504279837012291,24.084379196166992,0.09614970535039902,36.8575439453125
1.732835899994825,10,CW,9.82083511352539,0.31517696380615234,0.05135246738791466,24.089214324951172,0.13308821618556976,36.858238220214844
1.741385299988906,10,CW,9.853474617004395,0.34435755014419556,0.06729008257389069,24.087602615356445,0.11135092377662659,36.85883331298828
1.7513731999933952,10,CW,9.954484939575195,0.38424476981163025,-0.07125239819288254,24.089214324951172,0.0927412137389183,36.85956954956055
1.761860999991768,10,CW,9.915339469909668,0.3542068302631378,-0.1215263307094574,24.0827693939209,0.10589012503623962,36.860252380371094
1.7719811999995727,10,CW,9.9154691696167,0.3582788109779358,-0.12867018580436707,24.08599090576172,0.10432147234678268,36.86091995239258
1.7817839999916032,10,CW,10.055289268493652,0.3080187439918518,-0.07247314602136612,24.097270965576172,0.086578868329525,36.86146926879883
1.7920648999861442,10,CW,10.155829429626465,0.33228620886802673,0.063070148229599,24.092437744140625,0.12646308541297913,36.86178970336914
1.8023494999943068,10,CW,10.153731346130371,0.40736451745033264,0.005741354078054428,24.09404945373535,0.10965932160615921,36.8623161315918
1.812991199985845,10,CW,10.050003051757812,0.36949604749679565,-0.019186438992619514,24.0908260345459,0.09684890508651733,36.86283493041992
1.82313149998663,10,CW,9.942298889160156,0.3568412661552429,0.023164723068475723,24.081157684326172,0.08288640528917313,36.86348342895508
1.83276739998837,10,CW,9.835344314575195,0.3159675598144531,-0.09162741899490356,24.09404945373535,0.11617206782102585,36.8641242980957
1.8464733999862801,10,CW,9.867945671081543,0.37501290440559387,0.01105121523141861,24.071489334106445,0.07200800627470016,36.865135192871094
1.856917799988878,10,CW,9.900623321533203,0.3960028290748596,-0.012181723490357399,24.0908260345459,0.1002243384718895,36.86588668823242
1.8663380999932997,10,CW,9.897435188293457,0.34407854080200195,-0.030987296253442764,24.0827693939209,0.13991481065750122,36.866493225097656
1.8755403999966802,10,CW,9.90041732788086,0.3657052218914032,0.07703442871570587,24.092437744140625,0.10976171493530273,36.86711120605469
1.883886599985999,10,CW,10.001691818237305,0.3346271812915802,-0.1444830596446991,24.089214324951172,0.11911797523498535,36.86764144897461
1.8941660999989836,10,CW,10.066274642944336,0.302054226398468,-0.0310562364757061,24.08599090576172,0.11069769412279129,36.868202209472656
1.901998499990441,10,CW,10.028219223022461,0.3542664647102356,-0.06005074828863144,24.097270965576172,0.08827400952577591,36.86856460571289
1.9093861999863293,10,CW,10.064176559448242,0.30587655305862427,0.11930633336305618,24.084379196166992,0.0970831885933876,36.86897659301758
1.9160294999892358,10,CW,9.993049621582031,0.36962565779685974,-0.004274175968021154,24.095659255981445,0.1083509549498558,36.869380950927734
1.9227465999865672,10,CW,9.989899635314941,0.39981570839881897,-0.02023385837674141,24.092437744140625,0.10788671672344208,36.869712829589844
1.9276248999958625,10,CW,9.989899635314941,0.3551161289215088,0.10438187420368195,24.08599090576172,0.1217268779873848,36.869937896728516
1.9327071999869077,10,CW,9.91877269744873,0.43084609508514404,0.09916312247514725,24.089214324951172,0.08593587577342987,36.87035369873047
1.9406297999958042,10,CW,9.918604850769043,0.4489690065383911,-0.028947100043296814,24.09404945373535,0.10810693353414536,36.8708381652832
1.9467711999895982,10,CW,9.915416717529297,0.37700408697128296,-0.026865601539611816,24.081157684326172,0.10323411226272583,36.871299743652344
1.9533328999968944,10,CW,9.984051704406738,0.4016469419002533,-0.01666083186864853,24.087602615356445,0.10519251227378845,36.87163543701172
1.9585219000000507,10,CW,9.912304878234863,0.39127862453460693,-0.0120963454246521,24.089214324951172,0.1036367192864418,36.871917724609375
1.963113899997552,10,CW,9.944680213928223,0.37699586153030396,0.0312950536608696,24.09404945373535,0.09863695502281189,36.8721923828125
1.9702380999951856,10,CW,9.908852577209473,0.42465847730636597,-0.04660259932279587,24.0908260345459,0.10520629584789276,36.87269592285156
1.9803117999981623,10,CW,9.977017402648926,0.3322644531726837,-0.004113554954528809,24.087602615356445,0.0648776963353157,36.87331771850586
1.9902171999856364,10,CW,10.117269515991211,0.4110979735851288,-0.10770517587661743,24.087602615356445,0.10495684295892715,36.87370681762695
4.3000036384910345e-06,20,CW,19.723840713500977,0.49544647336006165,-0.003852101042866707,24.087602615356445,0.2948734760284424,37.53861999511719
0.013671599997906014,20,CW,19.68512725830078,0.433148592710495,-0.17013977468013763,24.084379196166992,0.23562784492969513,37.54027557373047
0.035799200006294996,20,CW,19.81978988647461,0.48454365134239197,0.005453478544950485,24.092437744140625,0.1658991426229477,37.54243469238281
0.051267000002553686,20,CW,19.858823776245117,0.4676327109336853,0.06151599809527397,24.089214324951172,0.21255551278591156,37.54328536987305
0.06496630000765435,20,CW,19.75151252746582,0.5246543288230896,-0.08399824798107147,24.0908260345459,0.18133442103862762,37.545021057128906
0.0831054000009317,20,CW,19.85270881652832,0.5230739116668701,0.044283315539360046,24.092437744140625,0.20573289692401886,37.5460205078125
0.09654529999534134,20,CW,19.745622634887695,0.42058229446411133,0.0740852877497673,24.084379196166992,0.26215821504592896,37.54705810546875
0.10873269999865443,20,CW,19.742698669433594,0.47917628288269043,0.009590938687324524,24.08599090576172,0.19378408789634705,37.5482292175293
0.11946080000780057,20,CW,19.707134246826172,0.5113895535469055,0.05345636606216431,24.0827693939209,0.24044153094291687,37.5491828918457
0.1304006999998819,20,CW,19.846954345703125,0.4043302834033966,0.13832858204841614,24.09404945373535,0.24121898412704468,37.55021286010742
0.14124890000675805,20,CW,19.912363052368164,0.5496659278869629,0.05402578040957451,24.07793426513672,0.1827636957168579,37.5511474609375
0.15529209999658633,20,CW,19.90292739868164,0.5017277598381042,-0.08051234483718872,24.092437744140625,0.21219784021377563,37.55207824707031
0.1699365999957081,20,CW,19.899738311767578,0.48809564113616943,-0.16855141520500183,24.092437744140625,0.24393852055072784,37.55299758911133
0.1817412999953376,20,CW,19.932376861572266,0.48760560154914856,-0.06381292641162872,24.097270965576172,0.1677912026643753,37.55397033691406
0.19458799999847542,20,CW,19.789501190185547,0.49208778142929077,-0.05949883908033371,24.0827693939209,0.2403748780488968,37.55509948730469
0.2073281000048155,20,CW,19.750917434692383,0.37711748480796814,-0.04551763832569122,24.095659255981445,0.26210346817970276,37.556312561035156
0.22385789999680128,20,CW,19.78398895263672,0.5302504301071167,0.09214511513710022,24.0908260345459,0.2498490959405899,37.55783462524414
0.23639400000683963,20,CW,19.888336181640625,0.47427788376808167,0.06946966797113419,24.095659255981445,0.22802919149398804,37.55866241455078
0.24534639999910723,20,CW,19.88501739501953,0.4656318128108978,0.03420131653547287,24.100494384765625,0.1853335052728653,37.55923843383789
0.25513230000797193,20,CW,19.84945297241211,0.4553438723087311,-0.02390781231224537,24.0908260345459,0.18181447684764862,37.560089111328125
0.26555179999559186,20,CW,19.810306549072266,0.4584883451461792,0.10628366470336914,24.089214324951172,0.18036869168281555,37.56112289428711
0.277228599996306,20,CW,19.874927520751953,0.4518727958202362,-0.03476879000663757,24.0827693939209,0.1793966144323349,37.56192398071289
0.2876615999994101,20,CW,19.83975601196289,0.4748121500015259,0.1666814535856247,24.084379196166992,0.2573625445365906,37.56289291381836
0.2979771999962395,20,CW,19.768234252929688,0.47054949402809143,-0.009874880313873291,24.100494384765625,0.21848566830158234,37.563777923583984
0.3079072999971686,20,CW,19.70012664794922,0.551256537437439,0.15388339757919312,24.097270965576172,0.2273881584405899,37.56475067138672
0.3161210999969626,20,CW,19.63136100769043,0.4786003828048706,0.1188235878944397,24.089214324951172,0.23587840795516968,37.56586456298828
0.3292440000077477,20,CW,19.729015350341797,0.566973865032196,-0.10833616554737091,24.08599090576172,0.20308610796928406,37.5671272277832
0.33976600000460166,20,CW,19.729408264160156,0.4322514832019806,0.004750020802021027,24.081157684326172,0.23268504440784454,37.56816101074219
0.34708360000513494,20,CW,19.758634567260742,0.49249526858329773,-0.036727674305438995,24.071489334106445,0.19855844974517822,37.56880187988281
0.3556710999982897,20,CW,19.72307014465332,0.4904746115207672,-0.021943677216768265,24.0908260345459,0.2269677370786667,37.56980895996094
0.36488930000632536,20,CW,19.719921112060547,0.4769897162914276,0.0015172213315963745,24.08599090576172,0.19182614982128143,37.57069396972656
0.3746168000070611,20,CW,19.788782119750977,0.5028961896896362,0.010945059359073639,24.0908260345459,0.24297426640987396,37.571773529052734
0.38603080000029877,20,CW,19.85733985900879,0.49903157353401184,0.013202016241848469,24.08599090576172,0.22142294049263,37.57276153564453
0.39554969999880996,20,CW,19.854150772094727,0.41763103008270264,-0.0506136417388916,24.07793426513672,0.21268154680728912,37.57356262207031
0.40438960000756197,20,CW,19.782629013061523,0.49142953753471375,-0.2133985161781311,24.08599090576172,0.25010034441947937,37.57432556152344
0.4144753000000492,20,CW,19.672561645507812,0.48635873198509216,0.16773344576358795,24.084379196166992,0.24856385588645935,37.575435638427734
0.425008499994874,20,CW,19.70865249633789,0.4514247477054596,-0.06083333119750023,24.084379196166992,0.21366718411445618,37.57658767700195
0.43523659999482334,20,CW,19.813167572021484,0.5101657509803772,-0.07038568705320358,24.08599090576172,0.2274627685546875,37.577579498291016
0.4454054000088945,20,CW,19.813262939453125,0.5079752206802368,-0.06452811509370804,24.087602615356445,0.22704079747200012,37.57853317260742
0.4558891000051517,20,CW,19.77450942993164,0.4321095645427704,0.03400162607431412,24.095659255981445,0.24144791066646576,37.5793571472168
0.466251400008332,20,CW,19.77092742919922,0.6425046920776367,-0.07245779782533646,24.074710845947266,0.250957190990448,37.580440521240234
0.47689370000443887,20,CW,19.835981369018555,0.43293023109436035,0.02287793904542923,24.087602615356445,0.224683940410614,37.58122634887695
0.4869796999992104,20,CW,19.9009952545166,0.5358952283859253,-0.04903998598456383,24.095659255981445,0.24282652139663696,37.58204650878906
0.49677900000824593,20,CW,19.86530113220215,0.5159167647361755,-0.0884321928024292,24.087602615356445,0.22422434389591217,37.58272933959961
0.506265899995924,20,CW,19.761629104614258,0.4411720335483551,-0.14016489684581757,24.087602615356445,0.22441868484020233,37.583282470703125
0.5138662999961525,20,CW,19.758047103881836,0.5020915865898132,-0.12220963835716248,24.087602615356445,0.23597171902656555,37.584346771240234
0.5236740999971516,20,CW,19.754858016967773,0.503196120262146,0.1492992490530014,24.084379196166992,0.22523441910743713,37.58528137207031
0.5331814999954076,20,CW,19.85613250732422,0.44192901253700256,0.0012841299176216125,24.08599090576172,0.23231376707553864,37.58957290649414
0.585193499995512,20,CW,19.87708854675293,0.45903822779655457,0.006529320031404495,24.095659255981445,0.2549363374710083,37.590057373046875
0.5903910000051837,20,CW,19.87748146057129,0.5097906589508057,0.05024586617946625,24.095659255981445,0.2078973799943924,37.590431213378906
0.5958011000038823,20,CW,19.841524124145508,0.5101714134216309,0.080470010638237,24.09404945373535,0.1927703320980072,37.59095001220703
0.602305599997635,20,CW,19.805959701538086,0.45523521304130554,0.033952921628952026,24.087602615356445,0.24261991679668427,37.591583251953125
0.6094586999970488,20,CW,19.77341651916504,0.42277079820632935,0.049323517829179764,24.089214324951172,0.22138717770576477,37.592018127441406
0.6162585999991279,20,CW,19.6984806060791,0.47396281361579895,-0.05287376418709755,24.089214324951172,0.13766390085220337,37.59266662597656
0.6231077999982517,20,CW,19.6984806060791,0.4454224407672882,-0.01904122903943062,24.084379196166992,0.23376666009426117,37.5934944152832
0.6305318000086118,20,CW,19.76750946044922,0.43129491806030273,0.0196389053016901,24.092437744140625,0.2519742250442505,37.59410858154297
0.6369147000077646,20,CW,19.833086013793945,0.4272024631500244,-0.08782953768968582,24.0908260345459,0.2668881416320801,37.59483337402344
0.6424270999996224,20,CW,19.797521591186523,0.5473622679710388,0.10163449496030807,24.089214324951172,0.2580021619796753,37.59524154663086
0.6476043000002392,20,CW,19.862537384033203,0.47833743691444397,-0.044594235718250275,24.089214324951172,0.27623042464256287,37.595848083496094
0.654057699997793,20,CW,19.79114532470703,0.4610787332057953,-0.06339070200920105,24.08599090576172,0.22892679274082184,37.596336364746094
0.6601689000090118,20,CW,19.75558090209961,0.513832688331604,-0.2151007354259491,24.09404945373535,0.18915289640426636,37.59698486328125
0.6664904000062961,20,CW,19.784807205200195,0.520115077495575,0.0007354319095611572,24.0827693939209,0.1887136846780777,37.59748840332031
0.6721282000071369,20,CW,19.784807205200195,0.5626134872436523,-0.0482194684445858,24.084379196166992,0.2222217172384262,37.59799575805664
0.678978099997039,20,CW,19.84986114501953,0.4976186752319336,-0.08551526069641113,24.08599090576172,0.2118515521287918,37.59857940673828
0.6870885999960592,20,CW,19.88262939453125,0.477713406085968,-0.1080993264913559,24.081157684326172,0.2269100397825241,37.599143981933594
0.6951355000055628,20,CW,19.87970542907715,0.5601886510848999,0.025952501222491264,24.08599090576172,0.23572362959384918,37.59965133666992
0.703875599996536,20,CW,19.808183670043945,0.4953676164150238,0.0036405157297849655,24.092437744140625,0.25408515334129333,37.600486755371094
0.7093381000013324,20,CW,19.772619247436523,0.5413863062858582,0.059729933738708496,24.0908260345459,0.22676610946655273,37.60094451904297
0.7144968000066001,20,CW,19.80542755126953,0.5733685493469238,-0.019469186663627625,24.1069393157959,0.22490791976451874,37.60136795043945
0.7194674000056693,20,CW,19.80542755126953,0.4606136083602905,-0.1146637573838234,24.084379196166992,0.20172500610351562,37.60182189941406
0.7245913000078872,20,CW,19.80542755126953,0.466722697019577,0.021163640543818474,24.0908260345459,0.21395638585090637,37.60228729248047
0.7297521000000415,20,CW,19.80569076538086,0.48573583364486694,0.030135486274957657,24.0908260345459,0.2567742168903351,37.60273361206055
0.7359758999955375,20,CW,19.83806610107422,0.5125701427459717,0.08346995711326599,24.089214324951172,0.21715201437473297,37.603153228759766
0.7417438999982551,20,CW,19.838459014892578,0.46348837018013,-0.03152507171034813,24.084379196166992,0.2040863335132599,37.60380172729492
0.7483423000085168,20,CW,19.83829116821289,0.5342068672180176,0.12865430116653442,24.074710845947266,0.21800771355628967,37.60435104370117
0.7548782000085339,20,CW,19.835102081298828,0.47037631273269653,-0.01274416595697403,24.0827693939209,0.2294006198644638,37.604915618896484
0.7623018000012962,20,CW,19.867910385131836,0.5286597013473511,0.015813350677490234,24.09404945373535,0.19120725989341736,37.60551071166992
0.7701689999958035,20,CW,19.799312591552734,0.5154526829719543,0.09048397839069366,24.089214324951172,0.24116359651088715,37.60612487792969
0.7803851000062423,20,CW,19.835365295410156,0.4645080268383026,-0.0843108743429184,24.087602615356445,0.23057033121585846,37.60675811767578
0.7904752000031294,20,CW,19.867965698242188,0.5674066543579102,0.13465411961078644,24.097270965576172,0.1948052942752838,37.607688903808594
0.8001089000026695,20,CW,19.82606315612793,0.4931388795375824,0.011016981676220894,24.084379196166992,0.2223803550004959,37.608489990234375
0.8101369000069099,20,CW,19.754541397094727,0.5007787942886353,0.13221882283687592,24.07793426513672,0.23069597780704498,37.60932922363281
0.8201606000075117,20,CW,19.787220001220703,0.42332881689071655,-0.0734027773141861,24.095659255981445,0.19043219089508057,37.61029815673828
0.8304793999996036,20,CW,19.85227394104004,0.3960692882537842,-0.03901941329240799,24.092437744140625,0.21231672167778015,37.61100387573242
0.840235700001358,20,CW,19.914268493652344,0.509328305721283,0.07797626405954361,24.089214324951172,0.25241807103157043,37.61175537109375
0.8501420999964466,20,CW,19.911344528198242,0.47676900029182434,-0.16596022248268127,24.097270965576172,0.27172940969467163,37.612586975097656
0.8601081000088016,20,CW,19.879194259643555,0.5587246417999268,0.027712201699614525,24.092437744140625,0.21480011940002441,37.61316680908203
0.8705370999959996,20,CW,19.840255737304688,0.4986603856086731,0.038695547729730606,24.09404945373535,0.25008779764175415,37.61408996582031
0.880525900007342,20,CW,19.840518951416016,0.6258255839347839,0.2063598781824112,24.0908260345459,0.21856777369976044,37.61524963378906
0.8954164000024321,20,CW,19.873512268066406,0.5169905424118042,-0.02756159007549286,24.0988826751709,0.21002434194087982,37.615840911865234
0.9010644000081811,20,CW,19.837779998779297,0.453429251909256,-0.17939409613609314,24.0908260345459,0.25332778692245483,37.61634826660156
0.9103995000041323,20,CW,19.84102439880371,0.5845052599906921,0.06378432363271713,24.07309913635254,0.24029509723186493,37.616912841796875
0.920220200001495,20,CW,19.83800506591797,0.5039786100387573,-0.07864298671483994,24.092437744140625,0.20787078142166138,37.617591857910156
0.9304883000004338,20,CW,19.90643310546875,0.44520053267478943,-0.02516135573387146,24.087602615356445,0.19859880208969116,37.61827850341797
0.9404628000047524,20,CW,19.974990844726562,0.3731854259967804,-0.02465042844414711,24.09404945373535,0.2185172438621521,37.61930465698242
0.9563183999998728,20,CW,19.832077026367188,0.5718584656715393,-0.20152798295021057,24.0827693939209,0.21759957075119019,37.620140075683594
0.9668283000064548,20,CW,19.796119689941406,0.5206049680709839,-0.05145913362503052,24.089214324951172,0.24035188555717468,37.62114334106445
0.9750685000035446,20,CW,19.796119689941406,0.547431468963623,-0.004261050373315811,24.07309913635254,0.19421541690826416,37.621864318847656
0.9848233000084292,20,CW,19.896923065185547,0.47948500514030457,-0.1916360855102539,24.0988826751709,0.22559073567390442,37.622440338134766
0.9908250000007683,20,CW,19.932880401611328,0.46956703066825867,-0.08329618722200394,24.081157684326172,0.24098291993141174,37.623023986816406
1.0001687000039965,20,CW,19.89714813232422,0.47581830620765686,-0.10347574204206467,24.084379196166992,0.2731463313102722,37.62373352050781
1.01031110000622,20,CW,19.790191650390625,0.5747573971748352,0.05682757496833801,24.089214324951172,0.19350586831569672,37.62443923950195
1.0203006000083406,20,CW,19.786346435546875,0.5435447096824646,0.07050967216491699,24.0827693939209,0.21931566298007965,37.625362396240234
1.0302576999965822,20,CW,19.887357711791992,0.4749990403652191,-0.06550151109695435,24.074710845947266,0.23717300593852997,37.6260986328125
1.0403587000037078,20,CW,19.8840389251709,0.4425337016582489,-0.02636517956852913,24.084379196166992,0.24199178814888,37.62690734863281
1.050206200001412,20,CW,19.84830665588379,0.5114278197288513,-0.02841867320239544,24.0908260345459,0.24751809239387512,37.627811431884766
1.0604044000065187,20,CW,19.88090705871582,0.45706886053085327,-0.10027167946100235,24.09404945373535,0.2379143387079239,37.62837219238281
1.0711869000078877,20,CW,19.877758026123047,0.5048185586929321,-0.22856760025024414,24.1069393157959,0.18289169669151306,37.629127502441406
1.080165000006673,20,CW,19.943204879760742,0.4623299837112427,0.09245505928993225,24.0827693939209,0.2777943015098572,37.62981414794922
1.090250900000683,20,CW,19.90418815612793,0.49528467655181885,-0.1053646132349968,24.0988826751709,0.2341429889202118,37.63054275512695
1.1001612999971258,20,CW,19.901168823242188,0.4661819040775299,-0.05164502188563347,24.081157684326172,0.2284632921218872,37.63123321533203
1.1104276999976719,20,CW,19.901168823242188,0.4836733937263489,0.060034215450286865,24.0827693939209,0.23773960769176483,37.63161849975586
1.1203419000084978,20,CW,19.898019790649414,0.5330294370651245,0.14361438155174255,24.089214324951172,0.2088046669960022,37.632225036621094
1.130201499996474,20,CW,19.9306583404541,0.4850049614906311,0.053486306220293045,24.0827693939209,0.22846506536006927,37.633052825927734
1.1403380999981891,20,CW,19.92746925354004,0.45012402534484863,-0.06342752277851105,24.09404945373535,0.22466810047626495,37.633724212646484
1.1503523999999743,20,CW,19.888755798339844,0.4841168522834778,0.03896398842334747,24.084379196166992,0.24362027645111084,37.63441467285156
1.160456500001601,20,CW,19.88556671142578,0.47672563791275024,-0.09252949059009552,24.097270965576172,0.17326302826404572,37.635005950927734
1.1704647000005934,20,CW,19.846628189086914,0.5897893309593201,0.1321413367986679,24.10210609436035,0.2537797689437866,37.63589096069336
1.180458400005591,20,CW,19.846891403198242,0.43506181240081787,-0.0632929652929306,24.097270965576172,0.22732819616794586,37.636749267578125
1.19047679999494,20,CW,19.951013565063477,0.4767538607120514,-0.03991399705410004,24.0908260345459,0.25556233525276184,37.637516021728516
1.200251100002788,20,CW,19.915281295776367,0.4574225842952728,-0.07011394202709198,24.089214324951172,0.29490089416503906,37.63803482055664
1.2104083000012906,20,CW,19.912092208862305,0.47385871410369873,-0.04445645585656166,24.089214324951172,0.25180673599243164,37.63872146606445
1.2204016000032425,20,CW,19.87328338623047,0.4470086991786957,0.12485315650701523,24.09404945373535,0.2187068909406662,37.639747619628906
1.2303921999991871,20,CW,19.873546600341797,0.5094068646430969,-0.10818062722682953,24.074710845947266,0.24181976914405823,37.64031982421875
1.2400787000078708,20,CW,19.941879272460938,0.46753332018852234,-0.09237141907215118,24.087602615356445,0.18058928847312927,37.641014099121094
1.2500999000039883,20,CW,19.906147003173828,0.4948574900627136,0.0676138699054718,24.09404945373535,0.19002880156040192,37.64158630371094
1.2601873999956297,20,CW,19.902957916259766,0.5178782939910889,-0.03338296711444855,24.087602615356445,0.2801430821418762,37.64215087890625
1.2702385000011418,20,CW,19.79564666748047,0.5338883399963379,0.060126014053821564,24.09404945373535,0.20689596235752106,37.64303970336914
1.280457300003036,20,CW,19.795909881591797,0.49204370379447937,-0.010623674839735031,24.0827693939209,0.2861870229244232,37.64386749267578
1.2904733000032138,20,CW,19.828285217285156,0.5196863412857056,0.004680009093135595,24.089214324951172,0.2610915005207062,37.64469528198242
1.3007629000057932,20,CW,19.93250274658203,0.4794689416885376,-0.01930232346057892,24.06987762451172,0.26025205850601196,37.64543914794922
1.3101229000021704,20,CW,19.932727813720703,0.5472909212112427,0.017588146030902863,24.081157684326172,0.2224072962999344,37.645999908447266
1.3201840999972774,20,CW,19.894014358520508,0.46124035120010376,0.16874843835830688,24.103717803955078,0.2534315884113312,37.64664077758789
1.3303114000009373,20,CW,19.929841995239258,0.5785515308380127,0.030191559344530106,24.089214324951172,0.21039380133152008,37.64725875854492
1.340493499999866,20,CW,19.893844604492188,0.47671204805374146,0.0012154176365584135,24.084379196166992,0.26069915294647217,37.647987365722656
1.3507283000071766,20,CW,19.822490692138672,0.46606358885765076,0.09960559010505676,24.079545974731445,0.2700052857398987,37.64889907836914
1.3602765999967232,20,CW,19.75096893310547,0.4507141709327698,0.09580819308757782,24.08599090576172,0.22578851878643036,37.64979934692383
1.3701995000010356,20,CW,19.71242332458496,0.5395198464393616,-0.0475761741399765,24.09404945373535,0.2056344598531723,37.65076446533203
1.3800929999997607,20,CW,19.745023727416992,0.5082871317863464,0.06191219389438629,24.081157684326172,0.24628379940986633,37.65143966674805
1.390110399996047,20,CW,19.810302734375,0.5152241587638855,-0.01002177968621254,24.076322555541992,0.21582235395908356,37.65269088745117
1.400134600000456,20,CW,19.840187072753906,0.514401912689209,0.031251512467861176,24.081157684326172,0.24844437837600708,37.65342330932617
1.4101607000047807,20,CW,19.876201629638672,0.44768330454826355,-0.06102939695119858,24.089214324951172,0.23139970004558563,37.65423583984375
1.420719800007646,20,CW,19.87663459777832,0.5017560720443726,-0.1186552345752716,24.095659255981445,0.2401880919933319,37.6547737121582
1.4302711000054842,20,CW,19.873445510864258,0.41315579414367676,-0.13158152997493744,24.087602615356445,0.20591454207897186,37.6553840637207
1.4404653999954462,20,CW,19.94187355041504,0.48617810010910034,0.12005330622196198,24.087602615356445,0.2077648788690567,37.6559944152832
1.450309499996365,20,CW,19.906309127807617,0.5152831077575684,0.11952599138021469,24.0908260345459,0.20307768881320953,37.65680694580078
1.460136199995759,20,CW,19.798959732055664,0.47922614216804504,-0.0061573125422000885,24.097270965576172,0.21321861445903778,37.657493591308594
1.470163699996192,20,CW,19.724586486816406,0.5688168406486511,0.03075307607650757,24.095659255981445,0.2820705473423004,37.65851974487305
1.4802188000030583,20,CW,19.685569763183594,0.5620825886726379,-0.14911651611328125,24.0988826751709,0.1947077214717865,37.659385681152344
1.490204600006109,20,CW,19.789562225341797,0.50728839635849,-0.07115011662244797,24.0827693939209,0.25856655836105347,37.660545349121094
1.5007490999996662,20,CW,19.894155502319336,0.6077492237091064,-0.018816083669662476,24.07793426513672,0.21437746286392212,37.66123580932617
1.5102181999973254,20,CW,19.894155502319336,0.49315860867500305,-0.017262406647205353,24.089214324951172,0.18344272673130035,37.66171646118164
1.5203365000052145,20,CW,19.82280158996582,0.41742685437202454,-0.0024900659918785095,24.08599090576172,0.3159615695476532,37.66276931762695
1.5301860000035958,20,CW,19.82319450378418,0.5009879469871521,-0.07635809481143951,24.081157684326172,0.25940555334091187,37.66353988647461
1.5791384000040125,20,CW,19.781476974487305,0.5151469111442566,-0.010619893670082092,24.084379196166992,0.24807272851467133,37.667293548583984
1.5870772000052966,20,CW,19.846923828125,0.45402592420578003,0.047479048371315,24.07793426513672,0.19603168964385986,37.667747497558594
1.593352900003083,20,CW,19.912067413330078,0.4654349386692047,0.010891236364841461,24.08599090576172,0.25509679317474365,37.66817855834961
1.5992440999980317,20,CW,19.912330627441406,0.48440948128700256,-0.07754510641098022,24.089214324951172,0.2858351469039917,37.6687126159668
1.6065365999966161,20,CW,19.873184204101562,0.5259340405464172,0.052577488124370575,24.087602615356445,0.219863623380661,37.66923522949219
1.6144938000070397,20,CW,19.83761978149414,0.5637167692184448,-0.02584657073020935,24.0827693939209,0.19800551235675812,37.66977310180664
1.6207136000011815,20,CW,19.80166244506836,0.5125007629394531,0.10890360176563263,24.0988826751709,0.23351359367370605,37.670318603515625
1.6262122000043746,20,CW,19.79821014404297,0.48962944746017456,-0.10315868258476257,24.09404945373535,0.20298844575881958,37.670753479003906
1.6323574999987613,20,CW,19.830585479736328,0.5163620114326477,0.0008163340389728546,24.084379196166992,0.21980902552604675,37.67113494873047
1.638841299994965,20,CW,19.89862060546875,0.4445992112159729,0.0001031169667840004,24.092437744140625,0.2547709047794342,37.671653747558594
1.644229900004575,20,CW,19.895864486694336,0.5353555083274841,0.018493646755814552,24.08599090576172,0.20148327946662903,37.672119140625
1.6501827000029152,20,CW,19.896127700805664,0.43424612283706665,0.03583076223731041,24.0988826751709,0.23788346350193024,37.67262649536133
1.6603619999950752,20,CW,19.85698127746582,0.4087599813938141,-0.051084477454423904,24.0827693939209,0.2921033501625061,37.67341232299805
1.6701430999964941,20,CW,19.782440185546875,0.48755353689193726,-0.006135104224085808,24.081157684326172,0.22343790531158447,37.67392349243164
1.6801120000018273,20,CW,19.78183937072754,0.5289061069488525,0.16200341284275055,24.0827693939209,0.2212352603673935,37.67485046386719
1.6902165000064997,20,CW,19.778913497924805,0.5152624845504761,-0.007314398884773254,24.089214324951172,0.23413001000881195,37.67575454711914
1.7001920000038808,20,CW,19.84781265258789,0.5236238837242126,0.04658810794353485,24.100494384765625,0.23445957899093628,37.67662048339844
1.7104261000058614,20,CW,19.844623565673828,0.5256829261779785,0.10286462306976318,24.068265914916992,0.197512686252594,37.67732238769531
1.720350600007805,20,CW,19.88084602355957,0.5727141499519348,-0.03101108968257904,24.07793426513672,0.19928860664367676,37.678009033203125
1.7303708999970695,20,CW,19.916635513305664,0.5474911332130432,0.13253255188465118,24.0908260345459,0.23113465309143066,37.67863082885742
1.7403319000004558,20,CW,19.94927406311035,0.4669700562953949,-0.00873736571520567,24.10210609436035,0.22397391498088837,37.679222106933594
1.750345100008417,20,CW,19.985456466674805,0.4256613850593567,-0.032508738338947296,24.087602615356445,0.24034687876701355,37.67989730834961
1.7602310000074795,20,CW,19.91048240661621,0.48228713870048523,-0.001988455653190613,24.0908260345459,0.24336521327495575,37.68043899536133
1.7702817999961553,20,CW,19.838960647583008,0.48297128081321716,0.07417083531618118,24.087602615356445,0.2158088982105255,37.68115234375
1.7802737000019988,20,CW,19.803133010864258,0.4810759425163269,0.12750686705112457,24.087602615356445,0.21279816329479218,37.68210220336914
1.7902074000012362,20,CW,19.86499786376953,0.46097317337989807,0.12688030302524567,24.084379196166992,0.23675811290740967,37.68286895751953
1.8003066000092076,20,CW,19.901050567626953,0.4850882887840271,-0.0013140235096216202,24.076322555541992,0.25432366132736206,37.68345642089844
1.8101576000044588,20,CW,19.86190414428711,0.5177925229072571,-0.06923043727874756,24.095659255981445,0.17855794727802277,37.68406295776367
1.8201693000009982,20,CW,19.89493751525879,0.4076164662837982,-0.012020152062177658,24.07793426513672,0.19510306417942047,37.68471908569336
1.8300849000079324,20,CW,19.89493751525879,0.4809264838695526,-0.04268749803304672,24.089214324951172,0.18442028760910034,37.68532180786133
1.8401254000054905,20,CW,19.95978355407715,0.40686243772506714,0.006582062691450119,24.09404945373535,0.20801131427288055,37.685997009277344
1.8502425000042422,20,CW,19.992551803588867,0.45194414258003235,-0.029225079342722893,24.0908260345459,0.21839354932308197,37.68680191040039
1.8602357000054326,20,CW,19.989233016967773,0.4136468172073364,0.016829319298267365,24.0908260345459,0.2776632606983185,37.6873664855957
1.8702310000080615,20,CW,19.917543411254883,0.4481624364852905,0.001763366162776947,24.084379196166992,0.2435380518436432,37.68783187866211
1.8802430000068853,20,CW,19.949918746948242,0.5402349829673767,0.10999701172113419,24.0827693939209,0.24387241899967194,37.688575744628906
1.890521199995419,20,CW,19.946992874145508,0.5012378692626953,0.1363772600889206,24.084379196166992,0.20048575103282928,37.68920135498047
1.9003910000028554,20,CW,19.911821365356445,0.44450291991233826,-0.043050236999988556,24.07793426513672,0.23699617385864258,37.68990707397461
1.9104661000019405,20,CW,19.840299606323242,0.5187135934829712,0.03447338938713074,24.092437744140625,0.26257818937301636,37.69055938720703
1.9205246000055922,20,CW,19.840524673461914,0.34490421414375305,-0.024061713367700577,24.0827693939209,0.22023189067840576,37.69110870361328
1.930253400001675,20,CW,19.840524673461914,0.44667109847068787,0.02372872829437256,24.081157684326172,0.2312725931406021,37.692081451416016
1.9402611999976216,20,CW,19.908952713012695,0.503513753414154,0.03802630305290222,24.08599090576172,0.21307265758514404,37.69276809692383
1.950268500004313,20,CW,19.944910049438477,0.4916609227657318,0.12570320069789886,24.071489334106445,0.2204996645450592,37.693359375
1.9601479999982985,20,CW,19.906326293945312,0.5683292150497437,-0.018415816128253937,24.0827693939209,0.23549865186214447,37.6938362121582
1.9702711999998428,20,CW,19.83480453491211,0.47591039538383484,0.09976926445960999,24.092437744140625,0.24641208350658417,37.69478988647461
1.9804144000081578,20,CW,19.83437156677246,0.5252419710159302,-0.03930549696087837,24.089214324951172,0.21717406809329987,37.69553756713867
1.9900693999952637,20,CW,19.896236419677734,0.4880524277687073,-0.03272753953933716,24.092437744140625,0.17220093309879303,37.696250915527344
4.799992893822491e-06,30,CW,29.551576614379883,0.681381106376648,0.1284462958574295,24.08599090576172,0.4334896504878998,38.120933532714844
0.05106270000396762,30,CW,29.542442321777344,0.4922100901603699,-0.11843276768922806,24.07793426513672,0.37240874767303467,38.1227912902832
0.06483010000374634,30,CW,29.574817657470703,0.5534624457359314,-0.17209839820861816,24.081157684326172,0.3723395764827728,38.124794006347656
0.07816629999433644,30,CW,29.574947357177734,0.5702975392341614,-0.044177692383527756,24.084379196166992,0.39617857336997986,38.12633514404297
0.0891397999948822,30,CW,29.536401748657227,0.6780598163604736,0.10673603415489197,24.097270965576172,0.42722222208976746,38.12819290161133
0.10105650000332389,30,CW,29.601640701293945,0.7579470276832581,0.1116483211517334,24.097270965576172,0.39691162109375,38.13008499145508
0.11445579999417532,30,CW,29.592113494873047,0.5991689562797546,-0.07106970250606537,24.079545974731445,0.34732258319854736,38.13211441040039
0.1266404999914812,30,CW,29.520553588867188,0.5332865118980408,0.12947824597358704,24.08599090576172,0.42792969942092896,38.13398361206055
0.14084249999723397,30,CW,29.589582443237305,0.5716208815574646,-0.03216072916984558,24.087602615356445,0.41976991295814514,38.13583755493164
0.1546879999950761,30,CW,29.625410079956055,0.5915839672088623,-0.07380525767803192,24.07793426513672,0.2742837071418762,38.13779830932617
0.16930839999986347,30,CW,29.660804748535156,0.6450468301773071,-0.13063296675682068,24.092437744140625,0.38561320304870605,38.14006805419922
0.18496260000392795,30,CW,29.661029815673828,0.5375767946243286,0.1135793924331665,24.079545974731445,0.3698066174983978,38.14163589477539
0.19477249999181367,30,CW,29.55656623840332,0.7390262484550476,-0.01144813746213913,24.09404945373535,0.35817670822143555,38.14292526245117
0.2057044999965001,30,CW,29.62516212463379,0.5986559987068176,-0.015742436051368713,24.095659255981445,0.3679890036582947,38.144371032714844
0.21704799999133684,30,CW,29.589597702026367,0.6030082106590271,0.09533834457397461,24.079545974731445,0.29501011967658997,38.145896911621094
0.22679169999901205,30,CW,29.521657943725586,0.5541123151779175,0.03176841512322426,24.08599090576172,0.34657204151153564,38.147701263427734
0.2365146999945864,30,CW,29.589860916137695,0.7317911386489868,-0.0017475783824920654,24.089214324951172,0.4488757252693176,38.14921188354492
0.2448803000006592,30,CW,29.590028762817383,0.477986216545105,-0.043490633368492126,24.0827693939209,0.41243866086006165,38.15032958984375
0.2532782999915071,30,CW,29.590028762817383,0.5516743063926697,0.022209038957953453,24.084379196166992,0.4053175747394562,38.15139389038086
0.262453799994546,30,CW,29.557220458984375,0.6442331075668335,0.1213986873626709,24.084379196166992,0.36177927255630493,38.15274429321289
0.2717380999965826,30,CW,29.59029197692871,0.5298292636871338,-0.10167551040649414,24.089214324951172,0.3911050260066986,38.15402603149414
0.2812675000022864,30,CW,29.623493194580078,0.5748412013053894,0.06988488882780075,24.097270965576172,0.4718945324420929,38.1551399230957
0.2873377999931108,30,CW,29.52274513244629,0.6233724355697632,0.14606702327728271,24.081157684326172,0.3580121397972107,38.15602493286133
0.2940130999922985,30,CW,29.52235221862793,0.623142659664154,0.008003443479537964,24.06987762451172,0.40226930379867554,38.15764236450195
0.3051421999989543,30,CW,29.623380661010742,0.6481530666351318,0.157576322555542,24.081157684326172,0.3482920229434967,38.15910339355469
0.3140463000017917,30,CW,29.652999877929688,0.5282012224197388,-0.019257927313447,24.089214324951172,0.35497763752937317,38.16020202636719
0.32203889999073,30,CW,29.581871032714844,0.498963862657547,0.10256662964820862,24.07793426513672,0.39787670969963074,38.16148376464844
0.3323692999983905,30,CW,29.545913696289062,0.6245481371879578,-0.004150688648223877,24.0827693939209,0.2990463078022003,38.16310119628906
0.34355399999185465,30,CW,29.614246368408203,0.6623228192329407,-0.0190122127532959,24.09404945373535,0.45133039355278015,38.16466522216797
0.3533657999942079,30,CW,29.578418731689453,0.5586499571800232,-0.03409495949745178,24.07793426513672,0.3441324830055237,38.16568374633789
0.36088829999789596,30,CW,29.61122703552246,0.7351825833320618,0.04432504624128342,24.092437744140625,0.4099021553993225,38.16659927368164
0.36709509999491274,30,CW,29.614246368408203,0.4973982572555542,-0.002289906144142151,24.074710845947266,0.4166705310344696,38.167537689208984
0.37292739999247715,30,CW,29.646621704101562,0.6412570476531982,0.06029803305864334,24.092437744140625,0.4309592843055725,38.16852951049805
0.3823588999948697,30,CW,29.679447174072266,0.6263865232467651,0.18120919167995453,24.09404945373535,0.44790467619895935,38.16999053955078
0.39809649999369867,30,CW,29.679279327392578,0.5833554863929749,-0.15132233500480652,24.074710845947266,0.3934139311313629,38.172119140625
0.4082565999997314,30,CW,29.745119094848633,0.5746983289718628,-0.0029751136898994446,24.0908260345459,0.35808345675468445,38.17336654663086
0.4199296000006143,30,CW,29.640789031982422,0.6672338247299194,-0.24693232774734497,24.07793426513672,0.3890513479709625,38.17467498779297
0.43150979999336414,30,CW,29.640789031982422,0.642340362071991,0.07963530719280243,24.079545974731445,0.36632710695266724,38.17613983154297
0.44580370000039693,30,CW,29.602298736572266,0.5924957394599915,0.06646131724119186,24.079545974731445,0.4105139374732971,38.17853546142578
0.45805689999542665,30,CW,29.56397819519043,0.6607772707939148,0.06880921870470047,24.079545974731445,0.3201804459095001,38.1827507019043
0.48807619999570306,30,CW,29.59635353088379,0.6698251962661743,-0.054897453635931015,24.09404945373535,0.3853004276752472,38.18854522705078
0.5328061000036541,30,CW,29.631900787353516,0.49448147416114807,-0.03005933202803135,24.087602615356445,0.4516884982585907,38.191925048828125
0.5647738999978174,30,CW,29.560693740844727,0.6042845249176025,-0.02026066929101944,24.089214324951172,0.3433547616004944,38.19456481933594
0.57319519999146,30,CW,29.593765258789062,0.6945797801017761,0.10463214665651321,24.071489334106445,0.4137895107269287,38.195796966552734
0.5831861999904504,30,CW,29.629722595214844,0.5989900827407837,-0.06843675673007965,24.074710845947266,0.3689285218715668,38.19767379760742
0.5996806000039214,30,CW,29.596914291381836,0.67766934633255,0.1144440621137619,24.07793426513672,0.3899252116680145,38.19932174682617
0.6107561999961035,30,CW,29.701074600219727,0.639293372631073,-0.0010986328125,24.079545974731445,0.38072407245635986,38.20103073120117
0.6237319999927422,30,CW,29.665342330932617,0.5570387840270996,0.05954238772392273,24.0827693939209,0.3674779236316681,38.20268630981445
0.6335543000022881,30,CW,29.56087875366211,0.6723012924194336,0.06955703347921371,24.0827693939209,0.3858449161052704,38.203922271728516
0.6433412999904249,30,CW,29.59627342224121,0.5676891207695007,-0.06897392123937607,24.09404945373535,0.35550549626350403,38.205326080322266
0.6547682999953395,30,CW,29.599422454833984,0.6313655376434326,0.02462514489889145,24.0908260345459,0.4206376075744629,38.20681381225586
0.6655847999936668,30,CW,29.593252182006836,0.5961921215057373,0.016680926084518433,24.0908260345459,0.3873055875301361,38.20821762084961
0.6757479999942007,30,CW,29.625890731811523,0.6264898180961609,0.12671014666557312,24.089214324951172,0.413439005613327,38.2095832824707
0.6863310999906389,30,CW,29.658828735351562,0.6818963289260864,0.03709802031517029,24.092437744140625,0.42754754424095154,38.21124267578125
0.6969928000034997,30,CW,29.619586944580078,0.625852108001709,-0.013578306883573532,24.07793426513672,0.37205979228019714,38.21245193481445
0.706297299999278,30,CW,29.652658462524414,0.64058917760849,0.0001675933599472046,24.0827693939209,0.3195100426673889,38.213687896728516
0.7167713999951957,30,CW,29.688615798950195,0.6160463690757751,0.08721443265676498,24.079545974731445,0.36952540278434753,38.21495056152344
0.726831799998763,30,CW,29.652883529663086,0.5759839415550232,-0.0256432443857193,24.089214324951172,0.4041219651699066,38.216129302978516
0.7378678999957629,30,CW,29.68854331970215,0.6319817304611206,-0.024231115356087685,24.089214324951172,0.4600372910499573,38.21799087524414
0.7509082000033231,30,CW,29.757139205932617,0.6062058806419373,0.13232958316802979,24.0908260345459,0.4041798710823059,38.2191276550293
0.7615833000018029,30,CW,29.72127342224121,0.5945369005203247,0.08645308017730713,24.084379196166992,0.363564670085907,38.22038269042969
0.7729080999997677,30,CW,29.652507781982422,0.5753797888755798,0.059571750462055206,24.084379196166992,0.45122116804122925,38.22184753417969
0.7836398999934318,30,CW,29.68527603149414,0.7189209461212158,0.07295423001050949,24.089214324951172,0.4251402020454407,38.22333526611328
0.7962792000034824,30,CW,29.649280548095703,0.6351816058158875,0.05376899987459183,24.089214324951172,0.3146566152572632,38.224769592285156
0.805031500000041,30,CW,29.580644607543945,0.6353606581687927,0.030403079465031624,24.081157684326172,0.3506026864051819,38.226097106933594
0.814475199993467,30,CW,29.685029983520508,0.5695822834968567,-0.002339053899049759,24.0827693939209,0.35912153124809265,38.227420806884766
0.8228416999918409,30,CW,29.714649200439453,0.5121471285820007,0.02423659712076187,24.07309913635254,0.4257943034172058,38.22835922241211
0.833506099996157,30,CW,29.714649200439453,0.5237195491790771,-0.005676146596670151,24.09404945373535,0.32490572333335876,38.229591369628906
0.8447689000022365,30,CW,29.714479446411133,0.693917989730835,0.0908534973859787,24.089214324951172,0.30442333221435547,38.23066329956055
0.855998200000613,30,CW,29.678972244262695,0.5767101049423218,-0.06036209687590599,24.0908260345459,0.40974441170692444,38.23217010498047
0.8675511999899754,30,CW,29.642847061157227,0.5188753604888916,0.13696610927581787,24.08599090576172,0.3752938508987427,38.23335647583008
0.8764682000037283,30,CW,29.711442947387695,0.6170687079429626,0.06452401727437973,24.087602615356445,0.3644353151321411,38.234710693359375
0.8866734999901382,30,CW,29.70549774169922,0.6732613444328308,-0.13138610124588013,24.084379196166992,0.3728775978088379,38.23600387573242
0.8977235999918776,30,CW,29.634143829345703,0.6721577644348145,0.06760912388563156,24.0908260345459,0.33121463656425476,38.23741149902344
0.9078690000023926,30,CW,29.66678237915039,0.5524536371231079,-0.09852269291877747,24.08599090576172,0.3421986699104309,38.2387580871582
0.9189921999932267,30,CW,29.660837173461914,0.6634863615036011,-0.1136401891708374,24.076322555541992,0.4397304952144623,38.24047088623047
0.929638999994495,30,CW,29.58970832824707,0.5610462427139282,0.038664184510707855,24.079545974731445,0.36242997646331787,38.24175262451172
0.9391290999919875,30,CW,29.55375099182129,0.5879180431365967,0.1556054651737213,24.06987762451172,0.35514959692955017,38.2434196472168
0.9505130000034114,30,CW,29.586782455444336,0.605897068977356,-0.07983223348855972,24.089214324951172,0.35878613591194153,38.24484634399414
0.9623083999904338,30,CW,29.649002075195312,0.5427775382995605,-0.030109569430351257,24.0908260345459,0.4055122435092926,38.24652862548828
0.9750192999927094,30,CW,29.678659439086914,0.605609118938446,-0.1623266488313675,24.0827693939209,0.3892074227333069,38.24788284301758
1.03507919999538,30,CW,29.669748306274414,0.5866240859031677,0.07404152303934097,24.092437744140625,0.4352347254753113,38.25463104248047
1.045570599992061,30,CW,29.634014129638672,0.6385053992271423,-0.05757453292608261,24.084379196166992,0.3870754539966583,38.25631332397461
1.057046799993259,30,CW,29.628068923950195,0.5676493644714355,0.08450809121131897,24.09404945373535,0.4380938708782196,38.25770950317383
1.0680829999910202,30,CW,29.621898651123047,0.6917255520820618,-0.02551133930683136,24.068265914916992,0.3872119188308716,38.259090423583984
1.079370099992957,30,CW,29.618972778320312,0.564258873462677,0.05803066864609718,24.079545974731445,0.4420754015445709,38.26068878173828
1.089431100001093,30,CW,29.648591995239258,0.6233989000320435,-0.005408237688243389,24.06504249572754,0.3831463158130646,38.261722564697266
1.0964630999951623,30,CW,29.609838485717773,0.56923907995224,-0.025981903076171875,24.089214324951172,0.40263208746910095,38.26292037963867
1.10606320000079,30,CW,29.606857299804688,0.5392932295799255,-0.05281136929988861,24.084379196166992,0.3711208999156952,38.26411056518555
1.1133268999983557,30,CW,29.636306762695312,0.7036644816398621,0.14928390085697174,24.084379196166992,0.44747868180274963,38.265132904052734
1.1211117999919225,30,CW,29.63311767578125,0.6908584237098694,-0.05857748165726662,24.087602615356445,0.3650459349155426,38.266239166259766
1.129196599998977,30,CW,29.593971252441406,0.5542572736740112,-0.08568573743104935,24.079545974731445,0.39010804891586304,38.267112731933594
1.1355577999929665,30,CW,29.558406829833984,0.5835435390472412,0.025343500077724457,24.087602615356445,0.41325753927230835,38.26796340942383
1.1428782000002684,30,CW,29.557973861694336,0.6168476939201355,0.09640458971261978,24.076322555541992,0.32369139790534973,38.269142150878906
1.151462800000445,30,CW,29.66209602355957,0.5556309223175049,0.07199281454086304,24.06987762451172,0.3059420585632324,38.27012634277344
1.1573052000021562,30,CW,29.694303512573242,0.5789979696273804,-0.025145724415779114,24.079545974731445,0.31237849593162537,38.27116012573242
1.1672700999915833,30,CW,29.688358306884766,0.6150676608085632,-0.11682762205600739,24.092437744140625,0.4015369117259979,38.27227783203125
1.1753776999976253,30,CW,29.687925338745117,0.5340977311134338,0.17679953575134277,24.095659255981445,0.3898548483848572,38.273372650146484
1.1830916000035359,30,CW,29.79231071472168,0.5359483361244202,-0.11305806785821915,24.08599090576172,0.3990602493286133,38.274192810058594
1.192078499996569,30,CW,29.82813835144043,0.5658288598060608,0.1189204603433609,24.097270965576172,0.3585907220840454,38.27477264404297
1.1984370999998646,30,CW,29.79240608215332,0.6315405368804932,-0.06626982986927032,24.10210609436035,0.39635491371154785,38.275306701660156
1.2055342999956338,30,CW,29.720884323120117,0.592470645904541,0.11843034625053406,24.092437744140625,0.34086114168167114,38.27622985839844
1.2123334999923827,30,CW,29.75650405883789,0.6100679636001587,0.05031175911426544,24.087602615356445,0.3726087510585785,38.27675247192383
1.2190149999951245,30,CW,29.792461395263672,0.5599008202552795,-0.07103311270475388,24.0827693939209,0.36791089177131653,38.27732849121094
1.2252937000012025,30,CW,29.75650405883789,0.5761178135871887,-0.08892445266246796,24.07793426513672,0.33823686838150024,38.27796936035156
1.2310239999933401,30,CW,29.72077178955078,0.5680283308029175,0.12349531054496765,24.074710845947266,0.38980674743652344,38.27881622314453
1.2390901999897324,30,CW,29.75318717956543,0.5718976259231567,0.010688260197639465,24.089214324951172,0.3600480258464813,38.27986145019531
1.2460036999982549,30,CW,29.785825729370117,0.571704626083374,-0.0017003021202981472,24.07309913635254,0.3881571888923645,38.28049850463867
1.2533965000038734,30,CW,29.746809005737305,0.5974785685539246,-0.07920727878808975,24.079545974731445,0.35871422290802,38.2812614440918
1.2624954999919282,30,CW,29.675024032592773,0.5585163235664368,-0.045420095324516296,24.068265914916992,0.39049679040908813,38.28252029418945
1.2740121999959229,30,CW,29.606388092041016,0.6582621335983276,0.08519496023654938,24.07309913635254,0.3647707998752594,38.28385543823242
1.2820834000012837,30,CW,29.674591064453125,0.5502240657806396,-0.033533938229084015,24.0827693939209,0.3868120312690735,38.2847785949707
1.289552200003527,30,CW,29.710773468017578,0.5765373706817627,0.03509077429771423,24.087602615356445,0.44428375363349915,38.28559875488281
1.2946291999978712,30,CW,29.707416534423828,0.5370453000068665,0.08045172691345215,24.07309913635254,0.40556594729423523,38.28627014160156
1.3023842999973567,30,CW,29.635894775390625,0.5817999243736267,-2.2992491722106934e-05,24.0827693939209,0.38762569427490234,38.287498474121094
1.3103114999976242,30,CW,29.668270111083984,0.45658260583877563,-0.1138869971036911,24.079545974731445,0.40555915236473083,38.28837585449219
1.3191288999951212,30,CW,29.668533325195312,0.6634118556976318,-0.048712268471717834,24.07309913635254,0.38228797912597656,38.2897834777832
1.3290762999968138,30,CW,29.668100357055664,0.5970615148544312,-0.09040036052465439,24.08599090576172,0.36409908533096313,38.29091262817383
1.3381694999989122,30,CW,29.561222076416016,0.5917365550994873,-0.001829676330089569,24.08599090576172,0.46776992082595825,38.29253005981445
1.3502869999938412,30,CW,29.62961196899414,0.5594888925552368,0.04677221179008484,24.095659255981445,0.47227129340171814,38.29391098022461
1.3589626000029966,30,CW,29.659231185913086,0.5447044968605042,0.01820981875061989,24.089214324951172,0.32730478048324585,38.29499053955078
1.3684764999925392,30,CW,29.691606521606445,0.5993114709854126,0.027464553713798523,24.084379196166992,0.33380815386772156,38.29594802856445
1.3760902999929385,30,CW,29.658798217773438,0.5918969511985779,-0.13176396489143372,24.0908260345459,0.38920050859451294,38.29701614379883
1.3843040999927325,30,CW,29.727001190185547,0.5876566767692566,0.008656710386276245,24.089214324951172,0.37063392996788025,38.29807662963867
1.392286200003582,30,CW,29.756620407104492,0.49825048446655273,-0.023915888741612434,24.10210609436035,0.39347249269485474,38.29927444458008
1.4035554000001866,30,CW,29.720792770385742,0.5138075351715088,-0.13504157960414886,24.07793426513672,0.3271210491657257,38.30007553100586
1.4132571999944048,30,CW,29.720792770385742,0.6187095642089844,0.015973735600709915,24.081157684326172,0.4135105609893799,38.301239013671875
1.4235110000008717,30,CW,29.75020408630371,0.6094756722450256,0.1562749296426773,24.092437744140625,0.38533738255500793,38.302345275878906
1.4299453999992693,30,CW,29.75020408630371,0.4988415241241455,-0.04528798162937164,24.089214324951172,0.397310733795166,38.30303192138672
1.437759599997662,30,CW,29.75020408630371,0.46249544620513916,-0.08991571515798569,24.0827693939209,0.35735586285591125,38.303714752197266
1.445285399997374,30,CW,29.71437644958496,0.6106407046318054,-0.12346985936164856,24.08599090576172,0.357504278421402,38.30472183227539
1.453169500004151,30,CW,29.74714469909668,0.6214056611061096,0.08305912464857101,24.089214324951172,0.34720444679260254,38.30576705932617
1.4615755999984685,30,CW,29.77952003479004,0.6981669068336487,-0.003507091663777828,24.097270965576172,0.38430601358413696,38.30640411376953
1.4686283999908483,30,CW,29.71088409423828,0.5851835012435913,-0.025695867836475372,24.08599090576172,0.34831103682518005,38.3072509765625
1.475292899995111,30,CW,29.678075790405273,0.5939874053001404,-0.026272205635905266,24.087602615356445,0.3567867875099182,38.30805587768555
1.4817405999929179,30,CW,29.749860763549805,0.4972001314163208,-0.0006213723681867123,24.084379196166992,0.43577641248703003,38.30984878540039
1.502961599995615,30,CW,29.74348258972168,0.5434832572937012,-0.06117592751979828,24.071489334106445,0.3531723916530609,38.31120681762695
1.5144919000013033,30,CW,29.779272079467773,0.5707273483276367,-0.028660640120506287,24.0908260345459,0.3825658857822418,38.31243896484375
1.5248992999986513,30,CW,29.812040328979492,0.6352348327636719,-0.07357622683048248,24.084379196166992,0.3708066940307617,38.313316345214844
1.5335201999987476,30,CW,29.811872482299805,0.5496916770935059,0.1136961579322815,24.087602615356445,0.312430202960968,38.313846588134766
1.5387526999984402,30,CW,29.805702209472656,0.5690197348594666,-0.040268510580062866,24.089214324951172,0.43269217014312744,38.3143424987793
1.5442731999937678,30,CW,29.77289390563965,0.5103356242179871,-0.08991067856550217,24.07309913635254,0.41726043820381165,38.315006256103516
1.5520476999954553,30,CW,29.805532455444336,0.4966184198856354,0.05212912708520889,24.081157684326172,0.32814401388168335,38.315696716308594
1.558565200000885,30,CW,29.769968032836914,0.5828765034675598,0.06642551720142365,24.08599090576172,0.3705548346042633,38.31637954711914
1.564214300000458,30,CW,29.76677894592285,0.5908933877944946,0.003421485424041748,24.087602615356445,0.45132046937942505,38.31721496582031
1.5701239999907557,30,CW,29.764022827148438,0.6370915770530701,0.04822326451539993,24.08599090576172,0.4536832571029663,38.31782150268555
1.575463300003321,30,CW,29.728233337402344,0.6010262966156006,0.0837719514966011,24.089214324951172,0.37958356738090515,38.31843566894531
1.5812526999943657,30,CW,29.764060974121094,0.6251795887947083,0.03946508839726448,24.089214324951172,0.37965628504753113,38.31902313232422
1.58870520000346,30,CW,29.76087188720703,0.6833323836326599,0.04147341102361679,24.081157684326172,0.42130446434020996,38.31998062133789
1.5965402000001632,30,CW,29.790491104125977,0.5996004939079285,-0.0723671093583107,24.081157684326172,0.36090096831321716,38.32064437866211
1.6032405000005383,30,CW,29.790491104125977,0.6459189057350159,0.02117116004228592,24.0827693939209,0.3206637501716614,38.32124328613281
1.6109578000032343,30,CW,29.790491104125977,0.5147526860237122,0.018295545130968094,24.0908260345459,0.34632208943367004,38.321983337402344
1.6187079999945126,30,CW,29.85274887084961,0.6919392347335815,0.012537233531475067,24.07793426513672,0.3727317750453949,38.3226318359375
1.6267070000030799,30,CW,29.781356811523438,0.5525642037391663,-0.018620872870087624,24.0908260345459,0.3948694169521332,38.32331085205078
1.6325922999967588,30,CW,29.81395721435547,0.6648165583610535,0.05281636491417885,24.079545974731445,0.3914356231689453,38.32401657104492
1.638695599991479,30,CW,29.811201095581055,0.5273322463035583,0.022563189268112183,24.087602615356445,0.3469449281692505,38.32475280761719
1.6474958000035258,30,CW,29.778392791748047,0.597435474395752,0.056651800870895386,24.079545974731445,0.4013221561908722,38.32534408569336
1.65266100000008,30,CW,29.774810791015625,0.5380978584289551,-0.016299501061439514,24.076322555541992,0.3899500370025635,38.32596969604492
1.6588258999981917,30,CW,29.77205467224121,0.5615931749343872,-0.14710792899131775,24.068265914916992,0.4525485634803772,38.32658386230469
1.66475929999433,30,CW,29.77205467224121,0.5434657335281372,0.012727290391921997,24.089214324951172,0.41904202103614807,38.327232360839844
1.6707196999923326,30,CW,29.77205467224121,0.513209879398346,-0.01570386439561844,24.08599090576172,0.43439599871635437,38.32795333862305
1.680114999995567,30,CW,29.772016525268555,0.5507392883300781,-0.09736886620521545,24.079545974731445,0.35477206110954285,38.328857421875
1.6881615000020247,30,CW,29.841045379638672,0.6766520738601685,-0.0631808415055275,24.074710845947266,0.39229854941368103,38.32958984375
1.6950441999942996,30,CW,29.840877532958984,0.5474708080291748,-0.14924761652946472,24.084379196166992,0.38346460461616516,38.330238342285156
1.7017238999978872,30,CW,29.8021240234375,0.5642337203025818,0.04821893200278282,24.081157684326172,0.41058382391929626,38.33088684082031
1.707491499997559,30,CW,29.799142837524414,0.5794807076454163,0.0458405464887619,24.09404945373535,0.408281534910202,38.33147048950195
1.7137160999991465,30,CW,29.730770111083984,0.6709513068199158,0.11580642312765121,24.0827693939209,0.42103755474090576,38.33213806152344
1.720270799996797,30,CW,29.798973083496094,0.5619372129440308,-0.05867713317275047,24.0827693939209,0.4403182864189148,38.33270263671875
1.7257715000014286,30,CW,29.763408660888672,0.5720474720001221,0.045513492077589035,24.0988826751709,0.3719043731689453,38.333255767822266
1.7316091999964556,30,CW,29.763408660888672,0.5640501976013184,-0.03959853947162628,24.097270965576172,0.4269751012325287,38.334083557128906
1.7409955999901285,30,CW,29.763408660888672,0.5623428225517273,0.10953563451766968,24.087602615356445,0.3411897122859955,38.33491897583008
1.748526600000332,30,CW,29.86481285095215,0.597375750541687,0.00013598520308732986,24.084379196166992,0.3917708992958069,38.33544921875
1.7558719999942696,30,CW,29.897188186645508,0.6669880151748657,0.1511741727590561,24.074710845947266,0.3783102035522461,38.336002349853516
1.7622897999972338,30,CW,29.894432067871094,0.5802419185638428,0.002193830907344818,24.087602615356445,0.413115531206131,38.33704376220703
1.7773776999965776,30,CW,29.822872161865234,0.6117720007896423,-0.03967507183551788,24.07793426513672,0.3239971399307251,38.338130950927734
1.7857291999971494,30,CW,29.855510711669922,0.6472898721694946,0.14532320201396942,24.081157684326172,0.3956384062767029,38.338619232177734
1.792172200002824,30,CW,29.81985092163086,0.6029250621795654,0.008185360580682755,24.0908260345459,0.40076306462287903,38.33955764770508
1.801367099993513,30,CW,29.74816131591797,0.6233674883842468,-0.025553792715072632,24.087602615356445,0.3572765588760376,38.34059143066406
1.8108173999935389,30,CW,29.712203979492188,0.5727636814117432,-0.16294986009597778,24.087602615356445,0.2966574728488922,38.34185028076172
1.8192703999957303,30,CW,29.78063201904297,0.553333044052124,0.04265519976615906,24.087602615356445,0.3585355579853058,38.342445373535156
1.828074099990772,30,CW,29.744842529296875,0.5399996638298035,-0.10429796576499939,24.0908260345459,0.450186550617218,38.34309768676758
1.8343369999929564,30,CW,29.744674682617188,0.5770975351333618,-0.06366246938705444,24.0827693939209,0.3768729269504547,38.34385299682617
1.8411089000001084,30,CW,29.673282623291016,0.5998580455780029,0.05147918686270714,24.08599090576172,0.33717578649520874,38.3448371887207
1.8478839000017615,30,CW,29.604646682739258,0.5655643939971924,0.13285522162914276,24.0908260345459,0.3879472017288208,38.3455924987793
1.8537215999967884,30,CW,29.672849655151367,0.5366506576538086,0.08039170503616333,24.07793426513672,0.38506317138671875,38.34684753417969
1.8649455999984639,30,CW,29.70567512512207,0.6684188842773438,0.10268723219633102,24.089214324951172,0.41019776463508606,38.34815216064453
1.8752307999966433,30,CW,29.634153366088867,0.5927291512489319,0.15754283964633942,24.087602615356445,0.3736148476600647,38.34963607788086
1.8848827000038,30,CW,29.70258140563965,0.5601029396057129,-0.042838044464588165,24.079545974731445,0.36048170924186707,38.35070037841797
1.8967741999949794,30,CW,29.73853874206543,0.6124037504196167,0.11208514869213104,24.089214324951172,0.281399667263031,38.351806640625
1.9041232000017771,30,CW,29.70280647277832,0.6176433563232422,0.16315752267837524,24.07793426513672,0.40219631791114807,38.352752685546875
1.912789399997564,30,CW,29.738595962524414,0.6585569381713867,0.036027077585458755,24.084379196166992,0.37565118074417114,38.353851318359375
1.9229473000013968,30,CW,29.80059051513672,0.6089931130409241,-0.002379420679062605,24.079545974731445,0.34903913736343384,38.354827880859375
1.9342285000020638,30,CW,29.797626495361328,0.6576839089393616,0.02962968498468399,24.071489334106445,0.3735089898109436,38.35579299926758
1.9405163999908837,30,CW,29.797626495361328,0.6108824610710144,-0.25180596113204956,24.0827693939209,0.35442766547203064,38.356300354003906
1.9470471999957226,30,CW,29.72899055480957,0.6543253660202026,0.11025387048721313,24.081157684326172,0.41082343459129333,38.357078552246094
1.9553547999967122,30,CW,29.79741859436035,0.5698137283325195,-0.08431638032197952,24.081157684326172,0.42239731550216675,38.35832595825195
1.9654186999978265,30,CW,29.79741859436035,0.6267927885055542,0.025289878249168396,24.0988826751709,0.3964613974094391,38.35942840576172
1.9753514999902109,30,CW,29.728782653808594,0.625708281993866,-0.12165699154138565,24.087602615356445,0.409005731344223,38.36015701293945
2.0290670999966096,30,CW,29.7846622467041,0.571593701839447,-0.22255298495292664,24.07793426513672,0.38924452662467957,38.3663330078125
2.0379372000024887,30,CW,29.7846622467041,0.5489214658737183,0.08378185331821442,24.0827693939209,0.38452795147895813,38.36691665649414
4.0000013541430235e-06,40,CW,39.54106140136719,0.615282416343689,0.019209779798984528,24.0908260345459,0.48192429542541504,38.821205139160156
0.010687300004065037,40,CW,39.505496978759766,0.6313967108726501,0.008993841707706451,24.089214324951172,0.48505640029907227,38.823211669921875
0.020873900008155033,40,CW,39.43069076538086,0.8186994194984436,0.06446800380945206,24.087602615356445,0.5358309149742126,38.82484436035156
0.03020049999759067,40,CW,39.49924850463867,0.7083064913749695,0.003605477511882782,24.09404945373535,0.5613776445388794,38.8270263671875
0.04042469999694731,40,CW,39.52912902832031,0.7096459865570068,0.03272220492362976,24.07793426513672,0.579154372215271,38.82887268066406
0.050701100000878796,40,CW,39.52912902832031,0.6609392166137695,0.13101881742477417,24.0908260345459,0.5735757946968079,38.83064651489258
0.060626499995123595,40,CW,39.52616500854492,0.7603639364242554,-0.09843811392784119,24.0908260345459,0.5126484036445618,38.83240509033203
0.07026580000820104,40,CW,39.4906005859375,0.7129363417625427,-0.08800086379051208,24.079545974731445,0.47953611612319946,38.83406066894531
0.08041740000771824,40,CW,39.59455490112305,0.6534535884857178,0.030965112149715424,24.087602615356445,0.650783121585846,38.83558654785156
0.09032960000331514,40,CW,39.52299499511719,0.6385805606842041,-0.012238897383213043,24.08599090576172,0.5530306100845337,38.837486267089844
0.10008659999584779,40,CW,39.51958084106445,0.7184275984764099,-0.03504640609025955,24.07309913635254,0.6151809096336365,38.83940887451172
0.11040879999927711,40,CW,39.58856964111328,0.8630228638648987,-0.11180105060338974,24.079545974731445,0.5578027367591858,38.84100341796875
0.12022830000205431,40,CW,39.51744079589844,0.6783044934272766,0.008170858025550842,24.084379196166992,0.5024741291999817,38.842559814453125
0.1305105000064941,40,CW,39.58301544189453,0.6041521430015564,0.13309945166110992,24.076322555541992,0.6145500540733337,38.84428787231445
0.14087149999977555,40,CW,39.550209045410156,0.6093339920043945,0.03805295750498772,24.0827693939209,0.6294907927513123,38.845890045166016
0.15215900000475813,40,CW,39.582454681396484,0.673991322517395,-0.011236429214477539,24.07309913635254,0.5988830924034119,38.847347259521484
0.16195340000558645,40,CW,39.618507385253906,0.7161096334457397,-0.052062224596738815,24.092437744140625,0.5222910046577454,38.848995208740234
0.17108650000591297,40,CW,39.615318298339844,0.8072876930236816,-0.18201956152915955,24.076322555541992,0.4537985026836395,38.8504524230957
0.18124360000365414,40,CW,39.683876037597656,0.634709358215332,-0.014311328530311584,24.07793426513672,0.515724778175354,38.85228729248047
0.1909894999989774,40,CW,39.68410110473633,0.5910904407501221,0.14959502220153809,24.08599090576172,0.5714659094810486,38.85371017456055
0.20119989999511745,40,CW,39.64472961425781,0.7576502561569214,-0.03177462890744209,24.07793426513672,0.49885568022727966,38.8551025390625
0.210861700004898,40,CW,39.64472961425781,0.6238129138946533,0.002093687653541565,24.0827693939209,0.559211254119873,38.856346130371094
0.22128320000774693,40,CW,39.57320785522461,0.7351752519607544,-0.07558567076921463,24.089214324951172,0.5793792605400085,38.85790252685547
0.23007469999720342,40,CW,39.57001876831055,0.664009153842926,0.07050327211618423,24.087602615356445,0.5123441219329834,38.859134674072266
0.24036090000299737,40,CW,39.602787017822266,0.7073156833648682,0.09908353537321091,24.087602615356445,0.5732859373092651,38.860713958740234
0.25039190000097733,40,CW,39.567222595214844,0.6191044449806213,-0.0082368403673172,24.092437744140625,0.6131064295768738,38.86220169067383
0.26054930000100285,40,CW,39.528900146484375,0.7421494722366333,-0.07470603287220001,24.089214324951172,0.5995030999183655,38.864158630371094
0.27042220000294037,40,CW,39.56193161010742,0.8177422881126404,-0.06198468804359436,24.076322555541992,0.5567251443862915,38.8656005859375
0.28023630000825506,40,CW,39.59440231323242,0.7277804017066956,-0.07858128100633621,24.06504249572754,0.5425490736961365,38.8671989440918
0.29025170000386424,40,CW,39.59479522705078,0.7996383309364319,-0.02514044940471649,24.076322555541992,0.5178678035736084,38.86892318725586
0.3002940000005765,40,CW,39.59143829345703,0.6762030124664307,0.12416765093803406,24.071489334106445,0.5570541620254517,38.870399475097656
0.31005309999454767,40,CW,39.657405853271484,0.6890513300895691,-0.10372862219810486,24.08599090576172,0.703482449054718,38.871551513671875
0.32038900000043213,40,CW,39.58588409423828,0.596951961517334,-0.029095405712723732,24.076322555541992,0.5312480330467224,38.87299346923828
0.3300803000020096,40,CW,39.58269500732422,0.7376329302787781,0.051523834466934204,24.07793426513672,0.549432098865509,38.87464904785156
0.340395899998839,40,CW,39.65487289428711,0.6918577551841736,-0.19602271914482117,24.06987762451172,0.5706769824028015,38.87580871582031
0.35032030000002123,40,CW,39.547393798828125,0.7189831733703613,0.08749458193778992,24.0827693939209,0.5806439518928528,38.87751007080078
0.3608814000035636,40,CW,39.61319351196289,0.754176914691925,-0.09887664020061493,24.087602615356445,0.5969609618186951,38.879634857177734
0.37103680000291206,40,CW,39.576805114746094,0.5769686698913574,-0.002243524184450507,24.07793426513672,0.5627291798591614,38.881256103515625
0.3828518000082113,40,CW,39.642250061035156,0.6498789191246033,0.19192029535770416,24.08599090576172,0.5749263763427734,38.883155822753906
0.393751900002826,40,CW,39.60349655151367,0.6965842843055725,-0.019777677953243256,24.089214324951172,0.6385399103164673,38.884639739990234
0.40318130000378005,40,CW,39.60336685180664,0.7770540118217468,0.10791546106338501,24.084379196166992,0.5532205700874329,38.885868072509766
0.4118295000080252,40,CW,39.564613342285156,0.7085658311843872,0.10204854607582092,24.07793426513672,0.557557225227356,38.88718795776367
0.42021890000614803,40,CW,39.5645751953125,0.713825523853302,0.15020883083343506,24.084379196166992,0.4287327229976654,38.88861083984375
0.430116999996244,40,CW,39.665584564208984,0.6300733089447021,-0.09136608242988586,24.0908260345459,0.4433824419975281,38.88995361328125
0.4403141000075266,40,CW,39.55862808227539,0.665452778339386,0.039679888635873795,24.07793426513672,0.5750149488449097,38.89158248901367
0.450481599997147,40,CW,39.55543899536133,0.6748296022415161,0.02583705633878708,24.0908260345459,0.4911835491657257,38.89366912841797
0.4615119000081904,40,CW,39.552513122558594,0.7317997813224792,0.06535632908344269,24.08599090576172,0.5840532183647156,38.89496612548828
0.4702455000078771,40,CW,39.58830261230469,0.6684697866439819,0.07177433371543884,24.089214324951172,0.6363748908042908,38.896148681640625
0.48027290000754874,40,CW,39.68572998046875,0.6749623417854309,-0.015062488615512848,24.087602615356445,0.5279673337936401,38.89768600463867
0.49029040000459645,40,CW,39.68612289428711,0.6399574279785156,-0.04237561672925949,24.074710845947266,0.5933016538619995,38.8990364074707
0.5420882000034908,40,CW,39.615013122558594,0.6740117073059082,-0.03964350372552872,24.07793426513672,0.5552672743797302,38.90719985961914
0.5517846000002464,40,CW,39.615238189697266,0.6366262435913086,0.13645069301128387,24.084379196166992,0.5671146512031555,38.909244537353516
0.5642975000082515,40,CW,39.68379592895508,0.6065099835395813,-0.06790369749069214,24.092437744140625,0.5659167766571045,38.910369873046875
0.5713122000015574,40,CW,39.612667083740234,0.7240965962409973,0.06425115466117859,24.081157684326172,0.5744370818138123,38.91150665283203
0.5797992000007071,40,CW,39.60908508300781,0.6873759627342224,-0.0639595240354538,24.079545974731445,0.6076263189315796,38.9128303527832
0.5882743999973172,40,CW,39.645042419433594,0.7758776545524597,-0.014688394963741302,24.07309913635254,0.5908207893371582,38.91427993774414
0.5959240999945905,40,CW,39.71044921875,0.6103925704956055,-0.002789946272969246,24.0827693939209,0.5346354246139526,38.91510009765625
0.6023048000060953,40,CW,39.674659729003906,0.59321528673172,0.052710242569446564,24.0827693939209,0.6120822429656982,38.91626739501953
0.6125295999954687,40,CW,39.63551330566406,0.6651487350463867,-0.02483847178518772,24.095659255981445,0.5665645003318787,38.917572021484375
0.6209435000055237,40,CW,39.63590621948242,0.569915235042572,-0.04891490936279297,24.081157684326172,0.46780645847320557,38.91831588745117
0.6274532999959774,40,CW,39.633148193359375,0.6269274950027466,-0.07100381702184677,24.087602615356445,0.5621820092201233,38.919193267822266
0.6358929999987595,40,CW,39.73455047607422,0.5939424633979797,0.06302864849567413,24.084379196166992,0.5652429461479187,38.92007827758789
0.6443048000073759,40,CW,39.767581939697266,0.6549837589263916,0.013635732233524323,24.076322555541992,0.6409452557563782,38.92109298706055
0.6517139000061434,40,CW,39.7287712097168,0.7369967103004456,0.07468294352293015,24.06182098388672,0.6387516260147095,38.92213439941406
0.6602573999989545,40,CW,39.797367095947266,0.6077641248703003,0.03873996436595917,24.0827693939209,0.5284263491630554,38.92311096191406
0.6717145000002347,40,CW,39.69028091430664,0.6569187045097351,0.0031742192804813385,24.084379196166992,0.6758155226707458,38.924591064453125
0.6808098000037717,40,CW,39.72265625,0.6648268103599548,0.11514715105295181,24.081157684326172,0.4503609836101532,38.92559051513672
0.6897309000050882,40,CW,39.72265625,0.6979512572288513,-0.17575961351394653,24.076322555541992,0.5293281674385071,38.926788330078125
0.6978320000052918,40,CW,39.72288131713867,0.6696116328239441,-0.07963190972805023,24.076322555541992,0.5276997089385986,38.92775344848633
0.7065909000084503,40,CW,39.69076919555664,0.7039725184440613,-0.0988909900188446,24.084379196166992,0.5567299723625183,38.928565979003906
0.7142679999960819,40,CW,39.6516227722168,0.8061463832855225,-0.06028002128005028,24.0827693939209,0.5129236578941345,38.92992401123047
0.7237517000030493,40,CW,39.65158462524414,0.6303650736808777,0.08900584280490875,24.08599090576172,0.5089678168296814,38.93098068237305
0.7319331000035163,40,CW,39.687374114990234,0.7276707887649536,0.10204550623893738,24.07793426513672,0.6311695575714111,38.9325065612793
0.7423636000021361,40,CW,39.69118118286133,0.6716843843460083,-0.03285224735736847,24.089214324951172,0.62376469373703,38.93339538574219
0.7503816999960691,40,CW,39.619659423828125,0.7150903344154358,0.027256667613983154,24.07309913635254,0.5316196084022522,38.93422317504883
0.7552122000051895,40,CW,39.619659423828125,0.7437760233879089,-0.027885450050234795,24.09404945373535,0.524677574634552,38.93503952026367
0.760164999999688,40,CW,39.5840950012207,0.6260920763015747,-0.1364261358976364,24.089214324951172,0.594814121723175,38.935977935791016
0.7701790999999503,40,CW,39.65584182739258,0.6502780914306641,-0.02825896441936493,24.0908260345459,0.5707265138626099,38.93745422363281
0.7803644000086933,40,CW,39.584320068359375,0.674896776676178,0.14960959553718567,24.09404945373535,0.6660387516021729,38.93918991088867
0.7901120000024093,40,CW,39.65633010864258,0.6592229604721069,-0.031823962926864624,24.071489334106445,0.49427810311317444,38.940555572509766
0.800268999999389,40,CW,39.585201263427734,0.6318081021308899,0.05653376132249832,24.092437744140625,0.5336602926254272,38.942195892333984
0.8105023999960395,40,CW,39.54963684082031,0.6687289476394653,-0.009895186871290207,24.06987762451172,0.5451940894126892,38.94399642944336
0.8201372000039555,40,CW,39.654022216796875,0.6649506688117981,-0.007031713612377644,24.09404945373535,0.5693296194076538,38.94559097290039
0.8304381000052672,40,CW,39.61487579345703,0.7040446400642395,-0.13198751211166382,24.092437744140625,0.6858991384506226,38.94706344604492
0.8404557000030763,40,CW,39.651058197021484,0.7457402944564819,0.029536627233028412,24.07793426513672,0.5803213119506836,38.948795318603516
0.8500641999999061,40,CW,39.61549377441406,0.6820270419120789,0.1418401002883911,24.068265914916992,0.5535710453987122,38.95008087158203
0.8603580000053626,40,CW,39.71905517578125,0.6342552304267883,-0.1334470957517624,24.09404945373535,0.42086371779441833,38.951290130615234
0.8702359000017168,40,CW,39.68345260620117,0.6743757128715515,0.13039879500865936,24.087602615356445,0.557631254196167,38.95256423950195
0.8802008000056958,40,CW,39.64749526977539,0.7858908176422119,0.0032889358699321747,24.08599090576172,0.5360297560691833,38.95371627807617
0.890143700002227,40,CW,39.68026351928711,0.7267279028892517,-0.005042193457484245,24.0827693939209,0.586166501045227,38.95502853393555
0.90029790000699,40,CW,39.644474029541016,0.6285313367843628,0.004070103168487549,24.092437744140625,0.5919879078865051,38.95650863647461
0.9103871999977855,40,CW,39.781105041503906,0.6178827285766602,-0.10549378395080566,24.081157684326172,0.5799623727798462,38.95755386352539
0.9201498000038555,40,CW,39.817325592041016,0.6555280685424805,-0.022484317421913147,24.079545974731445,0.5477238297462463,38.95833969116211
0.9303349999972852,40,CW,39.74869155883789,0.613216757774353,-0.06631870567798615,24.0827693939209,0.5060826539993286,38.959686279296875
0.9403097000031266,40,CW,39.70997619628906,0.7159510850906372,-0.04066349193453789,24.0827693939209,0.6031259298324585,38.96089172363281
0.9502502999966964,40,CW,39.70997619628906,0.6022382378578186,-0.09440701454877853,24.089214324951172,0.553473174571991,38.961708068847656
0.9604015000077197,40,CW,39.67424392700195,0.7669358253479004,0.0445445254445076,24.066654205322266,0.5684508085250854,38.96297073364258
0.9701415000017732,40,CW,39.671485900878906,0.7329850792884827,-0.08581172674894333,24.09404945373535,0.5834436416625977,38.96479415893555
0.9804682999965735,40,CW,39.567588806152344,0.6821148991584778,0.09078175574541092,24.097270965576172,0.5662967562675476,38.96623611450195
0.9901503000000957,40,CW,39.56466293334961,0.6934933066368103,-0.03819499909877777,24.074710845947266,0.5930420160293579,38.96772003173828
1.0002785999968182,40,CW,39.597469329833984,0.7981415390968323,0.11467752605676651,24.087602615356445,0.5262318253517151,38.97000503540039
1.0105983999965247,40,CW,39.665672302246094,0.8344405293464661,-0.07541457563638687,24.084379196166992,0.5950533747673035,38.97119140625
1.0202608999970835,40,CW,39.69887161254883,0.6562684774398804,-0.10574063658714294,24.07309913635254,0.6043193340301514,38.97233200073242
1.0301160999952117,40,CW,39.627349853515625,0.7510629892349243,0.03469059616327286,24.08599090576172,0.5449535846710205,38.97391891479492
1.040346199995838,40,CW,39.659725189208984,0.6271212697029114,-0.05066443979740143,24.0827693939209,0.5328536629676819,38.97565841674805
1.0503018000017619,40,CW,39.69266128540039,0.6634548902511597,-0.09189287573099136,24.07793426513672,0.608275830745697,38.97675704956055
1.0601846000063233,40,CW,39.72529983520508,0.703378438949585,-0.07502599060535431,24.07793426513672,0.4921276867389679,38.97767639160156
1.070079099998111,40,CW,39.689735412597656,0.6130747199058533,0.0066227540373802185,24.076322555541992,0.5853443741798401,38.97919845581055
1.0802965000038967,40,CW,39.654170989990234,0.7423110604286194,-0.06431751698255539,24.100494384765625,0.5982174277305603,38.980430603027344
1.0905217999970773,40,CW,39.75129699707031,0.6700426936149597,-0.07924286276102066,24.084379196166992,0.49554845690727234,38.98160171508789
1.1001534999959404,40,CW,39.78432846069336,0.7067868709564209,-0.053675319999456406,24.08599090576172,0.5956611037254333,38.98268508911133
1.11013329999696,40,CW,39.78087615966797,0.6171943545341492,0.06561291217803955,24.08599090576172,0.5696358680725098,38.983707427978516
1.12028659999487,40,CW,39.813045501708984,0.68190598487854,-0.005966886878013611,24.081157684326172,0.4914305508136749,38.9849853515625
1.1305258000065805,40,CW,39.77748107910156,0.6325283646583557,-0.05917246639728546,24.08599090576172,0.48073118925094604,38.985958099365234
1.1403902000020025,40,CW,39.7742919921875,0.7503446340560913,-0.09303349256515503,24.07793426513672,0.540652871131897,38.9870491027832
1.1502694999944651,40,CW,39.73833465576172,0.6104555726051331,0.10740058869123459,24.092437744140625,0.5698617100715637,38.988155364990234
1.1604225000046426,40,CW,39.70622253417969,0.6218152046203613,0.04656108096241951,24.087602615356445,0.4637443721294403,38.9891357421875
1.170087999998941,40,CW,39.667076110839844,0.7117656469345093,0.0005409121513366699,24.08599090576172,0.6556254625320435,38.99045944213867
1.1805325000023004,40,CW,39.59913635253906,0.7759435772895813,0.048386216163635254,24.081157684326172,0.5586052536964417,38.992122650146484
1.1903241999971215,40,CW,39.63177490234375,0.724797248840332,-0.011473044753074646,24.097270965576172,0.5966879725456238,38.99345016479492
1.2002213999949163,40,CW,39.66463851928711,0.6087004542350769,-0.21042084693908691,24.0908260345459,0.49479660391807556,38.99478530883789
1.2103779000026407,40,CW,39.69701385498047,0.6371276378631592,-0.026909247040748596,24.10210609436035,0.5804003477096558,38.995967864990234
1.2202389000012772,40,CW,39.69701385498047,0.748327374458313,0.04623998701572418,24.0908260345459,0.5941094160079956,38.99775695800781
1.2304503000050317,40,CW,39.73280334472656,0.6038814783096313,0.044996656477451324,24.07309913635254,0.5648152828216553,38.9990348815918
1.2400628000032157,40,CW,39.765403747558594,0.7044754028320312,0.03770573437213898,24.066654205322266,0.6316516399383545,38.999977111816406
1.250318899998092,40,CW,39.72983932495117,0.6588189005851746,0.01590440422296524,24.08599090576172,0.5583884716033936,39.001094818115234
1.26055200000701,40,CW,39.65792465209961,0.7002555727958679,-0.051302820444107056,24.076322555541992,0.553440272808075,39.002723693847656
1.2703693000075873,40,CW,39.69029998779297,0.7265070676803589,0.11596695333719254,24.084379196166992,0.50942063331604,39.00410842895508
1.2800614000007045,40,CW,39.65171432495117,0.6690316200256348,0.17817941308021545,24.076322555541992,0.6077753305435181,39.005653381347656
1.2903813000011723,40,CW,39.68435287475586,0.7379568219184875,-0.021657850593328476,24.08599090576172,0.49303656816482544,39.006771087646484
1.3002172999986215,40,CW,39.71721649169922,0.6178688406944275,0.06664871424436569,24.079545974731445,0.5932419896125793,39.00802230834961
1.310129200006486,40,CW,39.71721649169922,0.7135540843009949,0.046604570001363754,24.079545974731445,0.647631824016571,39.00949478149414
1.3203443999955198,40,CW,39.71744155883789,0.632206916809082,0.11161398142576218,24.0908260345459,0.5634028315544128,39.01116943359375
1.3303928999957861,40,CW,39.71464538574219,0.6993547081947327,0.07213318347930908,24.07793426513672,0.5456153154373169,39.01213073730469
1.3405348999949638,40,CW,39.783241271972656,0.7022718787193298,-0.01849120855331421,24.09404945373535,0.5288660526275635,39.01313781738281
1.3503982999973232,40,CW,39.67891311645508,0.5656554698944092,0.027614407241344452,24.084379196166992,0.4816380739212036,39.01445007324219
1.3601597999950172,40,CW,39.64299392700195,0.7363367676734924,-0.010896041989326477,24.081157684326172,0.5281966328620911,39.0157356262207
1.3702606000006199,40,CW,39.711551666259766,0.6824634671211243,-0.13525715470314026,24.087602615356445,0.533964991569519,39.01683044433594
1.3804797000047984,40,CW,39.70879364013672,0.5473434329032898,0.26116645336151123,24.0827693939209,0.5758035182952881,39.01854705810547
1.390411000000313,40,CW,39.77738952636719,0.745161235332489,-0.007480338215827942,24.09404945373535,0.5400235056877136,39.019779205322266
1.400003899994772,40,CW,39.77463150024414,0.6316760778427124,0.020186126232147217,24.081157684326172,0.5459812879562378,39.020748138427734
1.4101534000074025,40,CW,39.735748291015625,0.6779798269271851,0.09532448649406433,24.079545974731445,0.5332404375076294,39.02223205566406
1.420344500002102,40,CW,39.72897720336914,0.6408315300941467,-0.023543283343315125,24.076322555541992,0.5331679582595825,39.02335739135742
1.4301207999960752,40,CW,39.7613525390625,0.7278940677642822,-0.035792119801044464,24.087602615356445,0.5447955131530762,39.02445602416992
1.4402743999962695,40,CW,39.82334518432617,0.6482575535774231,-0.021481217816472054,24.079545974731445,0.5308114886283875,39.02555465698242
1.450261899997713,40,CW,39.82313919067383,0.6685040593147278,-0.07783956080675125,24.081157684326172,0.5973517298698425,39.026832580566406
1.460450900005526,40,CW,39.787574768066406,0.691595196723938,-0.08930221199989319,24.07793426513672,0.4869157671928406,39.02745056152344
1.4703425000043353,40,CW,39.752010345458984,0.7330045104026794,-0.1332339495420456,24.0827693939209,0.5724303722381592,39.029212951660156
1.4800665000075242,40,CW,39.713294982910156,0.6103655099868774,0.04155610501766205,24.0908260345459,0.5532172918319702,39.03030776977539
1.4901687999954447,40,CW,39.67418670654297,0.5622110366821289,0.03683339059352875,24.08599090576172,0.5231480002403259,39.03139114379883
1.5000929000088945,40,CW,39.739593505859375,0.7569357752799988,-0.10741312801837921,24.08599090576172,0.5936406850814819,39.03316879272461
1.5101680000079796,40,CW,39.8051872253418,0.7391135096549988,-0.03667735308408737,24.076322555541992,0.5095512270927429,39.03963088989258
1.5637309000012465,40,CW,39.7698860168457,0.672189474105835,0.053551118820905685,24.079545974731445,0.543570339679718,39.04066467285156
1.5728256000002148,40,CW,39.77070999145508,0.7815199494361877,-0.16834409534931183,24.0908260345459,0.5830922722816467,39.041473388671875
1.5807396000018343,40,CW,39.699188232421875,0.671851634979248,0.12843190133571625,24.079545974731445,0.5430521368980408,39.04269790649414
1.5877175000059651,40,CW,39.73225784301758,0.6780506372451782,0.0017899386584758759,24.0827693939209,0.556553065776825,39.04329299926758
1.5947393999958877,40,CW,39.80055236816406,0.6527103781700134,-0.11841362714767456,24.081157684326172,0.5607013702392578,39.04373550415039
1.6007490000047255,40,CW,39.830169677734375,0.6328787207603455,-0.1061255931854248,24.084379196166992,0.5816810131072998,39.04408264160156
1.6078288999997312,40,CW,39.79775619506836,0.6023340821266174,-0.030292749404907227,24.089214324951172,0.5779388546943665,39.04478073120117
1.6129871000011917,40,CW,39.83358383178711,0.7137377858161926,0.1450793743133545,24.084379196166992,0.6302680373191833,39.04547119140625
1.6196895000030054,40,CW,39.83397674560547,0.7067738771438599,0.047442175447940826,24.0827693939209,0.5443115830421448,39.04609298706055
1.6258800000068732,40,CW,39.83436965942383,0.6973128914833069,0.059580132365226746,24.07309913635254,0.5465241074562073,39.04668045043945
1.631787999998778,40,CW,39.83436965942383,0.7174485325813293,-0.01156926155090332,24.087602615356445,0.6430786848068237,39.04732894897461
1.639245700003812,40,CW,39.83420181274414,0.6889522671699524,0.1028984785079956,24.081157684326172,0.5907062888145447,39.048221588134766
1.6471573000017088,40,CW,39.83442687988281,0.6419533491134644,-0.040806844830513,24.081157684326172,0.564133882522583,39.049068450927734
1.6560269000037806,40,CW,39.76329803466797,0.6502185463905334,0.1230398416519165,24.095659255981445,0.5176867246627808,39.04979705810547
1.6633880000008503,40,CW,39.79912567138672,0.6635604500770569,-0.0687197595834732,24.089214324951172,0.4668428599834442,39.05057144165039
1.6733175999979721,40,CW,39.76093292236328,0.709601879119873,-0.09366902709007263,24.08599090576172,0.5682634115219116,39.051536560058594
1.681545500003267,40,CW,39.72238540649414,0.6848194003105164,0.18196389079093933,24.095659255981445,0.49413225054740906,39.05270004272461
1.6902975999983028,40,CW,39.790382385253906,0.7769643664360046,-0.00403941422700882,24.07793426513672,0.6088960766792297,39.05351638793945
1.7000752000021748,40,CW,39.72201156616211,0.6415457725524902,0.03998294845223427,24.087602615356445,0.5550583600997925,39.05498123168945
1.710020099999383,40,CW,39.72201156616211,0.7244948744773865,-0.06222835183143616,24.09404945373535,0.6707172393798828,39.056156158447266
1.7202586000057636,40,CW,39.75819396972656,0.6503764986991882,-0.03124319389462471,24.087602615356445,0.5596073269844055,39.05745315551758
1.7304174000018975,40,CW,39.6866340637207,0.774908185005188,0.18650008738040924,24.089214324951172,0.6111487746238708,39.05879211425781
1.7400995000061812,40,CW,39.650413513183594,0.6095879673957825,0.095193050801754,24.0827693939209,0.6650793552398682,39.060428619384766
1.7500975000002654,40,CW,39.650413513183594,0.596436619758606,-0.08037582039833069,24.079545974731445,0.5216277241706848,39.06175231933594
1.7603191000089282,40,CW,39.68318176269531,0.8634935617446899,0.027898035943508148,24.089214324951172,0.5454808473587036,39.06263732910156
1.7700978000066243,40,CW,39.787567138671875,0.7857775092124939,-0.06421231478452682,24.0827693939209,0.521934449672699,39.06383514404297
1.780073200003244,40,CW,39.78477096557617,0.7141316533088684,0.053989965468645096,24.09404945373535,0.5451022386550903,39.06528854370117
1.79040480000549,40,CW,39.781620025634766,0.7101457715034485,-0.08224070817232132,24.08599090576172,0.6058857440948486,39.066558837890625
1.800511399997049,40,CW,39.74622344970703,0.6139611601829529,-0.040510110557079315,24.07793426513672,0.505540132522583,39.06787109375
1.810339899995597,40,CW,39.67470169067383,0.6633988618850708,0.04259829223155975,24.092437744140625,0.5971382856369019,39.06904602050781
1.8200242000020808,40,CW,39.736263275146484,0.6272342801094055,0.024441758170723915,24.076322555541992,0.6264148354530334,39.07011413574219
1.8302591999963624,40,CW,39.736263275146484,0.7109494805335999,-0.006002362817525864,24.084379196166992,0.5587041974067688,39.07114028930664
1.8403934000089066,40,CW,39.736263275146484,0.7491930723190308,0.15741991996765137,24.081157684326172,0.6837780475616455,39.07254409790039
1.850125199998729,40,CW,39.736881256103516,0.7318674325942993,-0.04745674878358841,24.089214324951172,0.5852396488189697,39.07344055175781
1.8601422000065213,40,CW,39.73386001586914,0.7635351419448853,0.040771789848804474,24.092437744140625,0.5162798166275024,39.074745178222656
1.8703078999969875,40,CW,39.76689147949219,0.7643401026725769,-0.009979687631130219,24.068265914916992,0.5040581822395325,39.0760383605957
1.8808359999966342,40,CW,39.731327056884766,0.7590935826301575,0.019795924425125122,24.095659255981445,0.6299768090248108,39.07731628417969
1.8905054000060773,40,CW,39.659542083740234,0.7113137245178223,0.032467324286699295,24.07793426513672,0.5346885919570923,39.07858657836914
1.9000809999997728,40,CW,39.69533157348633,0.7904748320579529,0.03135111555457115,24.07793426513672,0.5362004637718201,39.08003616333008
1.910085600000457,40,CW,39.692405700683594,0.6627806425094604,-0.045709945261478424,24.081157684326172,0.6513396501541138,39.081153869628906
1.9202053000044543,40,CW,39.79722213745117,0.719845712184906,-0.09492352604866028,24.0908260345459,0.5177584290504456,39.082401275634766
1.9303413000016008,40,CW,39.761619567871094,0.7702392339706421,-0.08724228292703629,24.095659255981445,0.5729852914810181,39.08345031738281
1.9403363000019453,40,CW,39.79787826538086,0.6228368282318115,0.08080045878887177,24.087602615356445,0.6396068930625916,39.084354400634766
1.9502260000008391,40,CW,39.79849624633789,0.6970480680465698,0.19284389913082123,24.081157684326172,0.5486558675765991,39.08549499511719
1.9605246999999508,40,CW,39.76237106323242,0.7418312430381775,0.10018251091241837,24.08599090576172,0.5243296027183533,39.086387634277344
1.9702970000071218,40,CW,39.83434295654297,0.6125324964523315,-0.034883469343185425,24.07793426513672,0.5043426156044006,39.08750915527344
1.980320999995456,40,CW,39.76278305053711,0.690732479095459,-0.028029419481754303,24.089214324951172,0.5981305241584778,39.08835220336914
1.99033440000494,40,CW,39.799041748046875,0.7417952418327332,0.0036752577871084213,24.089214324951172,0.5799953937530518,39.08934020996094
5.299996701069176e-06,50,CW,49.65272521972656,0.8831238150596619,-0.18533259630203247,24.0827693939209,0.7052021026611328,39.55393981933594
0.020197299993014894,50,CW,49.577884674072266,0.8445556163787842,0.06497392058372498,24.0908260345459,0.7965093851089478,39.55648422241211
0.03272580000339076,50,CW,49.613712310791016,0.7572677135467529,0.13540396094322205,24.0827693939209,0.8174265623092651,39.558223724365234
0.04388729999482166,50,CW,49.57456588745117,0.6969832181930542,-0.12219104170799255,24.0827693939209,0.8329328298568726,39.55955505371094
0.05507609999040142,50,CW,49.6431999206543,0.8288128972053528,0.02952244132757187,24.084379196166992,0.7855320572853088,39.56171417236328
0.06657759999507107,50,CW,49.640010833740234,0.8842810988426208,-0.029567621648311615,24.074710845947266,0.7495802640914917,39.56355667114258
0.07963120000204071,50,CW,49.636634826660156,0.7529526352882385,-0.1129237711429596,24.07793426513672,0.7459425926208496,39.565250396728516
0.09276699999463744,50,CW,49.63068771362305,0.6939020752906799,0.12460947036743164,24.07793426513672,0.66481614112854,39.567626953125
0.10448870000254828,50,CW,49.69902038574219,0.8236908316612244,-0.11139998584985733,24.0908260345459,0.7024430632591248,39.56908416748047
0.11700919999566395,50,CW,49.62430953979492,0.7440659403800964,0.13098052144050598,24.0908260345459,0.5240082740783691,39.57124710083008
0.13011199999891687,50,CW,49.653926849365234,0.7532182931900024,0.15077799558639526,24.084379196166992,0.8102396130561829,39.57320785522461
0.1441874000011012,50,CW,49.72278594970703,0.8835509419441223,0.05020841956138611,24.087602615356445,0.7745910286903381,39.57510757446289
0.15770680000423454,50,CW,49.6473274230957,0.6625421047210693,0.018691077828407288,24.0827693939209,0.799433708190918,39.57749557495117
0.17031329999736045,50,CW,49.683380126953125,0.7267494797706604,-0.14668622612953186,24.09404945373535,0.8618661761283875,39.5854606628418
0.22404489999462385,50,CW,49.63129425048828,0.8349947333335876,-0.07970921695232391,24.097270965576172,0.826782763004303,39.5872802734375
0.23758169999928214,50,CW,49.598487854003906,0.6216583251953125,0.05746840313076973,24.0827693939209,0.7207679152488708,39.589229583740234
0.24917939999431837,50,CW,49.598487854003906,0.9037448167800903,0.09612056612968445,24.092437744140625,0.7472600936889648,39.59164047241211
0.2606787999975495,50,CW,49.59477615356445,0.8435534834861755,0.08471832424402237,24.071489334106445,0.63166344165802,39.59370422363281
0.2719051000021864,50,CW,49.62807083129883,0.761139452457428,-0.05391563102602959,24.087602615356445,0.7932683825492859,39.59504318237305
0.28263869999500457,50,CW,49.624656677246094,0.8339150547981262,-0.026233717799186707,24.089214324951172,0.8085700273513794,39.59699249267578
0.29383369999413844,50,CW,49.6577262878418,0.7111979126930237,0.06403330713510513,24.07793426513672,0.7221163511276245,39.598514556884766
0.3043035000009695,50,CW,49.6544075012207,0.8381166458129883,0.17826063930988312,24.087602615356445,0.6275964379310608,39.60039520263672
0.31685799999104347,50,CW,49.687252044677734,0.7827832102775574,-0.14783310890197754,24.0827693939209,0.692101001739502,39.60240936279297
0.32834369999181945,50,CW,49.71989059448242,0.8685045838356018,0.0508231520652771,24.081157684326172,0.7955914735794067,39.604068756103516
0.3393752999982098,50,CW,49.71657180786133,0.7368194460868835,-0.013687103986740112,24.081157684326172,0.7371982932090759,39.605892181396484
0.35019470000406727,50,CW,49.681007385253906,0.8062919974327087,-0.15071916580200195,24.079545974731445,0.8180423378944397,39.607215881347656
0.359797900004196,50,CW,49.609092712402344,0.8193691968917847,0.06256873160600662,24.08599090576172,0.6746099591255188,39.60850143432617
0.3673549999948591,50,CW,49.60232162475586,0.6833511590957642,0.08253903687000275,24.095659255981445,0.6666608452796936,39.60979080200195
0.3764024999982212,50,CW,49.63814926147461,0.6275123953819275,0.07479225099086761,24.079545974731445,0.732517659664154,39.61122131347656
0.3847643000044627,50,CW,49.637718200683594,0.8040571808815002,-0.15116451680660248,24.08599090576172,0.5897534489631653,39.612300872802734
0.3933721999928821,50,CW,49.60176086425781,0.8291391730308533,0.043800562620162964,24.08599090576172,0.6723706722259521,39.61379623413086
0.4015932000038447,50,CW,49.634830474853516,0.8082085251808167,-0.13462920486927032,24.08599090576172,0.7305215001106262,39.614837646484375
0.4082598999957554,50,CW,49.59904098510742,0.7733432650566101,0.03257375955581665,24.07793426513672,0.7839914560317993,39.61618423461914
0.4184968000045046,50,CW,49.52729415893555,0.75276780128479,0.14322061836719513,24.0827693939209,0.8581153154373169,39.617897033691406
0.42855759999656584,50,CW,49.56325149536133,0.6884049773216248,0.01283276081085205,24.081157684326172,0.7685649991035461,39.619537353515625
0.4344068999926094,50,CW,49.52492904663086,0.7189474105834961,0.06491653621196747,24.0827693939209,0.7893591523170471,39.620479583740234
0.44272920000366867,50,CW,49.56075668334961,0.8891125917434692,0.18273258209228516,24.076322555541992,0.6671343445777893,39.6226806640625
0.45269079999707174,50,CW,49.66129684448242,0.668199896812439,0.13810917735099792,24.0827693939209,0.7875372767448425,39.623748779296875
0.45918769999116194,50,CW,49.658538818359375,0.6883754730224609,0.1330423355102539,24.081157684326172,0.7691494226455688,39.624847412109375
0.4649162999994587,50,CW,49.72670364379883,0.7762072086334229,-0.0530802384018898,24.074710845947266,0.6761031150817871,39.62554931640625
0.47120770000037737,50,CW,49.79214859008789,0.7482962608337402,-0.026142790913581848,24.0827693939209,0.7320051193237305,39.62643051147461
0.4814860000042245,50,CW,49.7888298034668,0.7004409432411194,-0.028023213148117065,24.084379196166992,0.7677916288375854,39.62749099731445
0.4869801000022562,50,CW,49.753265380859375,0.6746277213096619,-0.005134396255016327,24.084379196166992,0.8099656105041504,39.62847137451172
0.494305300002452,50,CW,49.753265380859375,0.7987862825393677,0.20343129336833954,24.084379196166992,0.7148903608322144,39.629539489746094
0.5035774999996647,50,CW,49.67793655395508,0.7096402645111084,-0.0849171131849289,24.07793426513672,0.8390271663665771,39.631046295166016
0.5130105999996886,50,CW,49.57124328613281,0.7892957329750061,0.06658627092838287,24.07309913635254,0.8480363488197327,39.63278579711914
0.5215887999947881,50,CW,49.57150650024414,0.7791980504989624,-0.05038905143737793,24.074710845947266,0.6491594910621643,39.634033203125
0.5289272999943933,50,CW,49.538700103759766,0.83207768201828,-0.13200858235359192,24.095659255981445,0.7608654499053955,39.6351432800293
0.5368275999935577,50,CW,49.538700103759766,0.6837895512580872,0.02609013020992279,24.08599090576172,0.9097853899002075,39.63641357421875
0.5430377000011504,50,CW,49.571075439453125,0.7722095847129822,0.16562819480895996,24.0827693939209,0.7718449234962463,39.637596130371094
0.5509882999904221,50,CW,49.63652038574219,0.6854773163795471,-0.11238030344247818,24.092437744140625,0.7643929719924927,39.638919830322266
0.5584002999967197,50,CW,49.63652038574219,0.7454996705055237,-0.04419456422328949,24.07309913635254,0.6410008668899536,39.63980484008789
0.5651083999982802,50,CW,49.632938385009766,0.7260973453521729,0.055252332240343094,24.089214324951172,0.7306066751480103,39.64084243774414
0.5711771999922348,50,CW,49.66255569458008,0.7593338489532471,0.047314874827861786,24.079545974731445,0.6745710968971252,39.6414794921875
0.5775897999992594,50,CW,49.66255569458008,0.750185489654541,0.14814850687980652,24.0827693939209,0.7111697793006897,39.64240646362305
0.5853800999902887,50,CW,49.69493103027344,0.8376901745796204,0.0658353641629219,24.08599090576172,0.7199011445045471,39.64413833618164
0.5945263000030536,50,CW,49.763790130615234,0.6896907687187195,-0.11311611533164978,24.08599090576172,0.6925486922264099,39.645137786865234
0.6039132000005338,50,CW,49.68846130371094,0.7662228941917419,-0.06825895607471466,24.08599090576172,0.6809924840927124,39.64694595336914
0.6136972999956924,50,CW,49.757320404052734,0.7057652473449707,-0.11413781344890594,24.0827693939209,0.7026532888412476,39.648258209228516
0.6245649999909801,50,CW,49.71821212768555,0.7566132545471191,0.09319285303354263,24.084379196166992,0.752719521522522,39.64987564086914
0.633504700002959,50,CW,49.71821212768555,0.7159774899482727,-0.04692840576171875,24.089214324951172,0.6735539436340332,39.65139389038086
0.6419156000047224,50,CW,49.71506118774414,0.7104698419570923,-0.16201290488243103,24.074710845947266,0.672156035900116,39.652366638183594
0.6500483999989228,50,CW,49.67975997924805,0.7218322157859802,0.048559606075286865,24.0908260345459,0.7936769127845764,39.6536979675293
0.6576538999943295,50,CW,49.643802642822266,0.7234238982200623,-0.1230640858411789,24.074710845947266,0.6829785704612732,39.6546516418457
0.6664875999995274,50,CW,49.6406135559082,0.744462251663208,0.15103644132614136,24.071489334106445,0.753386914730072,39.65583038330078
0.6739297000021907,50,CW,49.64087677001953,0.7420135736465454,-0.00024390220642089844,24.06987762451172,0.756219744682312,39.657073974609375
0.6847768000006909,50,CW,49.6730842590332,0.664829432964325,0.09547007828950882,24.071489334106445,0.8434325456619263,39.658287048339844
0.692725300003076,50,CW,49.640708923339844,0.7568461298942566,0.0672936961054802,24.0908260345459,0.6931033730506897,39.659881591796875
0.7030617999989772,50,CW,49.67334747314453,0.6978820562362671,-0.0008071688935160637,24.08599090576172,0.6946843862533569,39.661231994628906
0.713845999998739,50,CW,49.67334747314453,0.7437610030174255,-0.01607643812894821,24.07793426513672,0.7463218569755554,39.66270065307617
0.7241598999971757,50,CW,49.70572280883789,0.8096495866775513,-0.08588561415672302,24.0908260345459,0.7661334872245789,39.663856506347656
0.7320601999963401,50,CW,49.67334747314453,0.7536107897758484,0.04400096833705902,24.092437744140625,0.7936639785766602,39.664852142333984
0.7379816000029678,50,CW,49.67334747314453,0.8247987031936646,-0.04473816975951195,24.07793426513672,0.8277611136436462,39.665618896484375
0.7454871999943862,50,CW,49.7055549621582,0.7170355916023254,0.00708906352519989,24.089214324951172,0.8410463929176331,39.66645431518555
0.7519513000006555,50,CW,49.735172271728516,0.8349576592445374,-0.020720012485980988,24.081157684326172,0.771259605884552,39.66714859008789
0.7584681000007549,50,CW,49.69938278198242,0.9568620920181274,0.02472597360610962,24.0827693939209,0.7814331650733948,39.668312072753906
0.764837599999737,50,CW,49.76797866821289,0.8734214305877686,0.08078786730766296,24.08599090576172,0.7368666529655457,39.66891860961914
0.7706543999956921,50,CW,49.803768157958984,0.7053923010826111,-0.08687973022460938,24.0908260345459,0.7015931010246277,39.67015838623047
0.7804250000044703,50,CW,49.7678108215332,0.8164011240005493,0.030419595539569855,24.079545974731445,0.7224483489990234,39.67137145996094
0.7903034000046318,50,CW,49.76807403564453,0.8581491708755493,-0.053651582449674606,24.084379196166992,0.657982349395752,39.6723518371582
0.8002055999968434,50,CW,49.69668197631836,0.7721642851829529,0.047114115208387375,24.08599090576172,0.6871206164360046,39.67403793334961
0.8113140999921598,50,CW,49.72905731201172,0.7228094935417175,0.007722392678260803,24.089214324951172,0.7417173385620117,39.6751594543457
0.8208463999908417,50,CW,49.66111755371094,0.7811184525489807,0.10846920311450958,24.087602615356445,0.6709966659545898,39.676292419433594
0.8301744999916991,50,CW,49.62857437133789,0.8136847615242004,0.051047101616859436,24.079545974731445,0.7765561938285828,39.6778678894043
0.8403568999929121,50,CW,49.62857437133789,0.8189155459403992,0.08292479813098907,24.084379196166992,0.7448719143867493,39.679683685302734
0.850374899993767,50,CW,49.66121292114258,0.8023704290390015,-9.550061076879501e-05,24.0827693939209,0.7252879738807678,39.681663513183594
0.8603994000004604,50,CW,49.589298248291016,0.7747747898101807,-0.01923697628080845,24.079545974731445,0.812945544719696,39.6833610534668
0.8705172000045422,50,CW,49.65474319458008,0.8227511644363403,-0.09764102846384048,24.079545974731445,0.7043458223342896,39.684879302978516
0.8801086000021314,50,CW,49.65474319458008,0.755513608455658,0.07039744406938553,24.079545974731445,0.7398865818977356,39.6861572265625
0.8902918999956455,50,CW,49.72636032104492,0.8934252858161926,-0.06507574766874313,24.084379196166992,0.8415555357933044,39.68745040893555
0.9000339999911375,50,CW,49.65461349487305,0.7775992155075073,0.015988143160939217,24.079545974731445,0.7258728742599487,39.68880844116211
0.9104167000041343,50,CW,49.687252044677734,0.7974399328231812,0.10315544158220291,24.0827693939209,0.8479229807853699,39.69068908691406
0.9201874999998836,50,CW,49.65129470825195,0.8062351942062378,0.1478034257888794,24.092437744140625,0.7778922915458679,39.69195556640625
0.9301279999926919,50,CW,49.64823913574219,0.8647302985191345,0.04778772220015526,24.087602615356445,0.628616988658905,39.6934814453125
0.9402276000037091,50,CW,49.68104553222656,0.8183606863021851,-0.09303861856460571,24.074710845947266,0.7322453260421753,39.694549560546875
0.9501235999923665,50,CW,49.67772674560547,0.7753803730010986,-0.017169050872325897,24.092437744140625,0.7853796482086182,39.69597625732422
0.9603283000033116,50,CW,49.67457580566406,0.7781285643577576,-0.04361145198345184,24.076322555541992,0.7783349752426147,39.697235107421875
0.970099999991362,50,CW,49.6715202331543,0.7419200539588928,-0.07585151493549347,24.0908260345459,0.6538775563240051,39.69879150390625
0.980314799991902,50,CW,49.66836929321289,0.6627788543701172,-0.12009960412979126,24.087602615356445,0.8115165829658508,39.69987106323242
0.9902364000008674,50,CW,49.665443420410156,0.8629626631736755,-0.05012550950050354,24.076322555541992,0.8738461136817932,39.701759338378906
1.000159100003657,50,CW,49.66229248046875,0.6734266877174377,0.03958924114704132,24.089214324951172,0.7095219492912292,39.70289611816406
1.0101330000034068,50,CW,49.73075866699219,0.7437551617622375,0.22468888759613037,24.074710845947266,0.772327721118927,39.70418167114258
1.020227300003171,50,CW,49.76296615600586,0.7204197645187378,0.0592743456363678,24.074710845947266,0.7549640536308289,39.70608139038086
1.030254999990575,50,CW,49.76322937011719,0.7666676044464111,-0.031685732305049896,24.095659255981445,0.7628535032272339,39.70743942260742
1.0407706999976654,50,CW,49.73085403442383,0.7019649744033813,-0.10796207934617996,24.06987762451172,0.6269331574440002,39.70835494995117
1.0504186000034679,50,CW,49.76322937011719,0.647680938243866,-0.04844466596841812,24.084379196166992,0.8097425699234009,39.709312438964844
1.0604721999989124,50,CW,49.79607391357422,0.6434485912322998,-0.04532260820269585,24.089214324951172,0.7714065313339233,39.71034240722656
1.0713276000024052,50,CW,49.82831954956055,0.7661523222923279,0.007547029294073582,24.084379196166992,0.7898576259613037,39.71128845214844
1.0808369000005769,50,CW,49.82210922241211,0.6327323913574219,0.010401090607047081,24.07793426513672,0.6814308166503906,39.71231460571289
1.0901519000035478,50,CW,49.82509231567383,0.714977502822876,0.07522720098495483,24.08599090576172,0.7768499851226807,39.7135009765625
1.1005221999948844,50,CW,49.82509231567383,0.7159594297409058,-0.01778995990753174,24.089214324951172,0.6595556735992432,39.71451950073242
1.1101973999902839,50,CW,49.75038146972656,0.8320375680923462,-0.14591404795646667,24.087602615356445,0.7282928824424744,39.71567916870117
1.1204687999997986,50,CW,49.74726867675781,0.8111215829849243,0.15333202481269836,24.081157684326172,0.7367964386940002,39.71657180786133
1.1300887999968836,50,CW,49.67255783081055,0.8358349800109863,0.03083518147468567,24.076322555541992,0.7027217745780945,39.717864990234375
1.1403663999954006,50,CW,49.67255783081055,0.6787462830543518,0.13777494430541992,24.076322555541992,0.8093960881233215,39.71949768066406
1.1503938999958336,50,CW,49.669368743896484,0.6335374116897583,0.16791944205760956,24.092437744140625,0.7252582907676697,39.72096252441406
1.160603500000434,50,CW,49.70204544067383,0.6256717443466187,0.021502315998077393,24.07793426513672,0.7405847311019897,39.72234344482422
1.170203899993794,50,CW,49.666351318359375,0.7989150881767273,-0.0205254927277565,24.0827693939209,0.7079857587814331,39.73052978515625
1.2208550999930594,50,CW,49.68980026245117,0.9038105010986328,-0.01740073971450329,24.087602615356445,0.7500072717666626,39.731605529785156
1.2287074999912875,50,CW,49.68621826171875,0.8210352659225464,-0.13054171204566956,24.081157684326172,0.7843433618545532,39.73231887817383
1.234104799994384,50,CW,49.65065383911133,0.9092757701873779,0.010596074163913727,24.07793426513672,0.6260013580322266,39.733543395996094
1.2438011999911396,50,CW,49.6536750793457,0.7738222479820251,0.06847267597913742,24.07793426513672,0.628232479095459,39.73537063598633
1.2551433000044199,50,CW,49.751495361328125,0.7723020911216736,-0.0761030912399292,24.0908260345459,0.8168566226959229,39.73628616333008
1.263750700003584,50,CW,49.67974853515625,0.6940742135047913,-0.08276954293251038,24.09404945373535,0.7132664918899536,39.737125396728516
1.2720386000000872,50,CW,49.74519348144531,0.8658618927001953,0.04388536512851715,24.089214324951172,0.7574960589408875,39.738460540771484
1.2794876999978442,50,CW,49.74519348144531,0.8536012768745422,0.18305356800556183,24.06504249572754,0.7833967208862305,39.73951721191406
1.284920999998576,50,CW,49.77756881713867,0.7850591540336609,0.031490810215473175,24.068265914916992,0.678396463394165,39.74016189575195
1.289789100002963,50,CW,49.81352615356445,0.7638408541679382,0.1059708222746849,24.081157684326172,0.6505258083343506,39.74072265625
1.2946844999969471,50,CW,49.77796173095703,0.8001822233200073,0.15293565392494202,24.081157684326172,0.7569743990898132,39.74134063720703
1.2993255000037607,50,CW,49.81378936767578,0.7539135813713074,-0.07817059010267258,24.089214324951172,0.7047531604766846,39.741966247558594
1.3064466999931028,50,CW,49.77783203125,0.8400961756706238,-0.09916476905345917,24.076322555541992,0.6844049692153931,39.74261474609375
1.312810299990815,50,CW,49.84327697753906,0.721068263053894,-0.10850965976715088,24.0827693939209,0.7673075199127197,39.743186950683594
1.3201574999984587,50,CW,49.77153015136719,0.6814050078392029,-0.047041989862918854,24.07793426513672,0.836819589138031,39.743804931640625
1.3300614000036148,50,CW,49.76860427856445,0.7803807854652405,0.06384633481502533,24.089214324951172,0.8709719181060791,39.7449951171875
1.3403746999974828,50,CW,49.732479095458984,0.7850641012191772,-0.15602228045463562,24.089214324951172,0.5715994834899902,39.74622344970703
1.350236300000688,50,CW,49.798316955566406,0.8386938571929932,-0.07237739115953445,24.08599090576172,0.7289028167724609,39.74737548828125
1.360483500000555,50,CW,49.75960159301758,0.7087756395339966,0.11111059784889221,24.081157684326172,0.6890356540679932,39.74882888793945
1.3702267999906326,50,CW,49.79210662841797,0.7791546583175659,0.030779704451560974,24.0908260345459,0.7654842138290405,39.74978256225586
1.3805450999934692,50,CW,49.75654220581055,0.7700442671775818,0.11104564368724823,24.079545974731445,0.8082514405250549,39.751502990722656
1.3901468999974895,50,CW,49.78914260864258,0.7387459874153137,0.09085746854543686,24.0988826751709,0.7608824372291565,39.752445220947266
1.4000400999939302,50,CW,49.7862548828125,0.8181127905845642,0.06398467719554901,24.09404945373535,0.5906689167022705,39.75324630737305
1.4103824999911012,50,CW,49.75056076049805,0.8501217365264893,0.07373261451721191,24.092437744140625,0.7346209287643433,39.75482177734375
1.4200359999958891,50,CW,49.75039291381836,0.810883641242981,0.10403062403202057,24.0827693939209,0.9087738394737244,39.75585174560547
1.4302270999905886,50,CW,49.81596755981445,0.7497351765632629,-0.06297172605991364,24.092437744140625,0.6151313781738281,39.757179260253906
1.440253799999482,50,CW,49.77406311035156,0.727460503578186,-0.058997992426157,24.0827693939209,0.7064270377159119,39.75804901123047
1.4505218999984208,50,CW,49.77363204956055,0.7783232927322388,0.0023730695247650146,24.089214324951172,0.6547344923019409,39.759361267089844
1.460392299995874,50,CW,49.80324935913086,0.7748132944107056,-0.07887354493141174,24.084379196166992,0.7062216997146606,39.76061248779297
1.4704667999903904,50,CW,49.76414108276367,0.8832998871803284,0.08796290308237076,24.0827693939209,0.5780157446861267,39.76213073730469
1.480166499997722,50,CW,49.799930572509766,0.8027247190475464,0.014994077384471893,24.07309913635254,0.7305629849433899,39.763309478759766
1.4902224999968894,50,CW,49.83339309692383,0.7337378263473511,-0.1943550854921341,24.071489334106445,0.6109552383422852,39.76476287841797
1.5004092000017408,50,CW,49.79148864746094,0.845626711845398,0.1063738688826561,24.08599090576172,0.8230075240135193,39.765506744384766
1.5104186999960802,50,CW,49.826847076416016,0.7190836071968079,-0.09094106405973434,24.074710845947266,0.6785274147987366,39.76674270629883
1.5204018999938853,50,CW,49.758907318115234,0.8116195797920227,-0.053084198385477066,24.087602615356445,0.6885368824005127,39.768009185791016
1.530158499997924,50,CW,49.75532531738281,0.794028103351593,-0.05095652863383293,24.089214324951172,0.682180643081665,39.76921844482422
1.54012910000165,50,CW,49.788394927978516,0.8585154414176941,-0.22497113049030304,24.079545974731445,0.7308867573738098,39.770469665527344
1.5509835999982897,50,CW,49.713233947753906,0.8188612461090088,0.10868778824806213,24.0908260345459,0.8222012519836426,39.77193832397461
1.5600869999907445,50,CW,49.7820930480957,0.731597363948822,0.03758779913187027,24.08599090576172,0.6449227333068848,39.77299880981445
1.5701607999944827,50,CW,49.77579116821289,0.7440081238746643,0.06123272702097893,24.0827693939209,0.7100695371627808,39.77424621582031
1.5803251000033924,50,CW,49.77220916748047,0.7565757036209106,-0.11574763059616089,24.07793426513672,0.7033745646476746,39.77570343017578
1.5904770999914035,50,CW,49.77220916748047,0.7500149011611938,-0.041326798498630524,24.084379196166992,0.7306349873542786,39.77700424194336
1.6003828999964753,50,CW,49.77260208129883,0.832528829574585,0.1752176582813263,24.08599090576172,0.7446147799491882,39.77800369262695
1.610364899999695,50,CW,49.772003173828125,0.7006987929344177,0.1178947165608406,24.076322555541992,0.7300391793251038,39.779151916503906
1.6202747999923304,50,CW,49.84086227416992,0.7714910507202148,0.09714207798242569,24.0908260345459,0.7567775249481201,39.78010177612305
1.630305500002578,50,CW,49.733421325683594,0.7178350687026978,0.0933370590209961,24.079545974731445,0.8002332448959351,39.78153610229492
1.6418269999994664,50,CW,49.694480895996094,0.7503964304924011,-0.01681385189294815,24.097270965576172,0.7602465748786926,39.7831916809082
1.6537930999911623,50,CW,49.730140686035156,0.7608935236930847,-0.12482646107673645,24.076322555541992,0.8536636829376221,39.78496551513672
1.664317899994785,50,CW,49.65839385986328,0.6973599195480347,0.016705870628356934,24.084379196166992,0.7549729347229004,39.786190032958984
1.6728390999924159,50,CW,49.69103240966797,0.6904603242874146,0.14412996172904968,24.074710845947266,0.8447529673576355,39.78812789916992
1.6846205000038026,50,CW,49.65507507324219,0.7442396879196167,0.056612227112054825,24.087602615356445,0.728407084941864,39.78901290893555
1.6919515999907162,50,CW,49.651756286621094,0.8065129518508911,0.07278382778167725,24.074710845947266,0.6767935156822205,39.79022216796875
1.700345199991716,50,CW,49.72337341308594,0.766531229019165,-0.07256370782852173,24.092437744140625,0.798923134803772,39.79212951660156
1.710206499992637,50,CW,49.72031784057617,0.8429767489433289,0.12268279492855072,24.087602615356445,0.665303111076355,39.79376220703125
1.7206728000019211,50,CW,49.72031784057617,0.7683210968971252,0.15594390034675598,24.089214324951172,0.6137112379074097,39.795166015625
1.730428299997584,50,CW,49.74980545043945,0.6915678381919861,-0.15836626291275024,24.0908260345459,0.6726552844047546,39.79618835449219
1.7412201999977697,50,CW,49.77959060668945,0.7676927447319031,-0.1105380579829216,24.076322555541992,0.8077850341796875,39.797515869140625
1.7535044999967795,50,CW,49.77938461303711,0.769779622554779,-0.0936349481344223,24.08599090576172,0.6984477043151855,39.79862976074219
1.7601600999914808,50,CW,49.85100173950195,0.6453676819801331,-0.15464867651462555,24.084379196166992,0.8245254158973694,39.79912567138672
1.770426299990504,50,CW,49.811893463134766,0.6270396113395691,-0.07776127755641937,24.0827693939209,0.8355847597122192,39.800479888916016
1.7801884999935282,50,CW,49.8153076171875,0.8684716820716858,-0.12905456125736237,24.0908260345459,0.7950446009635925,39.80148696899414
1.7903666999918642,50,CW,49.77974319458008,0.7501453757286072,-0.052989497780799866,24.0827693939209,0.7655139565467834,39.802642822265625
1.8004879999934928,50,CW,49.744178771972656,0.8295050859451294,0.01072010025382042,24.0827693939209,0.7291902899742126,39.803829193115234
1.8102579999977024,50,CW,49.776554107666016,0.7430862188339233,-0.03894422575831413,24.089214324951172,0.7067392468452454,39.80530548095703
1.8210256000020308,50,CW,49.77034378051758,0.7281695008277893,-0.05015118420124054,24.084379196166992,0.748501718044281,39.80621337890625
1.8301035000040429,50,CW,49.80271911621094,0.8615568280220032,0.10762929916381836,24.07793426513672,0.714060366153717,39.80780792236328
1.8425606999953743,50,CW,49.767250061035156,0.6695799827575684,-0.036594584584236145,24.084379196166992,0.7580603361129761,39.80937576293945
1.853165699998499,50,CW,49.83926010131836,0.6937383413314819,-0.16981059312820435,24.089214324951172,0.7946128845214844,39.810272216796875
1.86281350000354,50,CW,49.83292007446289,0.6997638940811157,-0.037849195301532745,24.08599090576172,0.7381677031517029,39.81229019165039
1.8805587999959243,50,CW,49.86897277832031,0.6971200704574585,-0.03936896100640297,24.0827693939209,0.6549151539802551,39.81331253051758
1.8923798000032548,50,CW,49.758079528808594,0.6715205907821655,0.10692806541919708,24.087602615356445,0.7718562483787537,39.81498336791992
1.9052276000002166,50,CW,49.68633270263672,0.7724259495735168,0.031878143548965454,24.0827693939209,0.8203108906745911,39.81636428833008
1.9123162000032607,50,CW,49.683013916015625,0.7004265785217285,0.12202048301696777,24.0908260345459,0.6967565417289734,39.817466735839844
1.9195781000016723,50,CW,49.71608352661133,0.8337644934654236,-0.013832055032253265,24.087602615356445,0.7199947237968445,39.818702697753906
1.9302721999993082,50,CW,49.712371826171875,0.8312102556228638,0.16051533818244934,24.081157684326172,0.6411523818969727,39.82037353515625
1.940527500002645,50,CW,49.74566650390625,0.778277575969696,0.006182491779327393,24.089214324951172,0.7587770223617554,39.821720123291016
1.9517172999912873,50,CW,49.67033767700195,0.7561572790145874,0.0899418517947197,24.06182098388672,0.7967977523803711,39.82378005981445
1.9625907000008738,50,CW,49.70323944091797,0.883962094783783,-0.11720409989356995,24.084379196166992,0.8623528480529785,39.8252067565918
1.9726669999945443,50,CW,49.6677131652832,0.8985715508460999,0.11769914627075195,24.07309913635254,0.8030169010162354,39.826866149902344
1.9823173000040697,50,CW,49.736572265625,0.8304539322853088,0.09604299068450928,24.087602615356445,0.7051568031311035,39.82823181152344
1.9916672999970615,50,CW,49.733253479003906,0.711860716342926,-0.15459981560707092,24.074710845947266,0.7616629004478455,39.829063415527344
1.9987650999973994,50,CW,49.79843521118164,0.7195736765861511,-0.15540257096290588,24.0827693939209,0.7115107774734497,39.82978057861328
4.6000059228390455e-06,60,CW,59.52634048461914,0.8403248190879822,0.1058708131313324,24.06504249572754,0.9161071181297302,40.31311798095703
0.017214399995282292,60,CW,59.591522216796875,0.809364378452301,-0.12309302389621735,24.087602615356445,1.056851863861084,40.31470489501953
0.026766399998450652,60,CW,59.58833312988281,0.8249701261520386,0.01544848084449768,24.084379196166992,0.9843756556510925,40.316871643066406
0.03456689999438822,60,CW,59.55250549316406,0.8282060027122498,0.09392085671424866,24.0908260345459,1.0740468502044678,40.318519592285156
0.04297739999310579,60,CW,59.51050567626953,0.853613018989563,0.05464589595794678,24.0908260345459,0.9850867986679077,40.32009506225586
0.0517522000009194,60,CW,59.54655838012695,0.902213454246521,-0.023115552961826324,24.08599090576172,1.1410707235336304,40.32155227661133
0.06043159999535419,60,CW,59.582515716552734,0.8990444540977478,-0.10670112818479538,24.06987762451172,0.8163781762123108,40.323299407958984
0.07052330000442453,60,CW,59.650718688964844,0.8103935122489929,-0.09979173541069031,24.07793426513672,0.7921926975250244,40.325111389160156
0.08044039999367669,60,CW,59.650550842285156,0.8295624256134033,0.0746200829744339,24.087602615356445,0.93882155418396,40.32710647583008
0.09017140000651125,60,CW,59.686771392822266,0.8936322331428528,-0.11607267707586288,24.08599090576172,0.9924057722091675,40.32829666137695
0.1008360999985598,60,CW,59.72282409667969,0.751692533493042,-0.13234682381153107,24.105329513549805,1.0350056886672974,40.32949447631836
0.11136749999423046,60,CW,59.71959686279297,0.8104371428489685,0.20215032994747162,24.087602615356445,0.9561638832092285,40.330780029296875
0.12174230000528041,60,CW,59.7198600769043,0.7404149174690247,-0.021988824009895325,24.074710845947266,1.1740171909332275,40.332271575927734
0.1304803999955766,60,CW,59.648338317871094,0.945684552192688,0.1442963182926178,24.076322555541992,0.816401481628418,40.333702087402344
0.1404024999937974,60,CW,59.60932159423828,0.8261415362358093,-0.015965022146701813,24.0827693939209,0.8854510188102722,40.336158752441406
0.15026720000605565,60,CW,59.60573959350586,0.830925464630127,-0.03473183512687683,24.081157684326172,0.9947608113288879,40.33832550048828
0.1605355000065174,60,CW,59.57017517089844,0.8413366675376892,0.0033072419464588165,24.076322555541992,0.9605661034584045,40.33994674682617
0.17004480000468902,60,CW,59.5672492980957,0.7560299634933472,-0.04975207895040512,24.06182098388672,1.0525977611541748,40.34140396118164
0.18029119999846444,60,CW,59.5672492980957,0.895470917224884,0.070003442466259,24.079545974731445,0.9901453852653503,40.34370803833008
0.19035499999881722,60,CW,59.6063232421875,0.8765968680381775,-0.13804945349693298,24.087602615356445,0.8332415819168091,40.34575653076172
0.20004460000200197,60,CW,59.60309600830078,0.7281835675239563,-0.11090811342000961,24.079545974731445,0.9614877104759216,40.3472785949707
0.21058260000427254,60,CW,59.63573455810547,0.7097551822662354,-0.02400016039609909,24.074710845947266,0.793552041053772,40.348976135253906
0.2207563999982085,60,CW,59.69746398925781,0.7747521996498108,0.026192553341388702,24.074710845947266,0.8849000334739685,40.3506965637207
0.23357850000320468,60,CW,59.69388198852539,0.7556782364845276,0.23915067315101624,24.089214324951172,0.9509133100509644,40.35206985473633
0.24289179999323096,60,CW,59.693450927734375,0.7874574065208435,0.04662086069583893,24.07793426513672,0.9253519177436829,40.353309631347656
0.2505105000018375,60,CW,59.6904296875,0.753903329372406,-0.02714352309703827,24.084379196166992,1.015494465827942,40.3541259765625
0.2606293999997433,60,CW,59.69026184082031,0.8986658453941345,-0.10525457561016083,24.071489334106445,1.1337358951568604,40.35602951049805
0.27007189999858383,60,CW,59.71965408325195,0.6983827948570251,-0.12443351000547409,24.07793426513672,1.0498408079147339,40.357486724853516
0.2804007999948226,60,CW,59.579498291015625,0.7394832968711853,-0.051209911704063416,24.074710845947266,1.0385336875915527,40.35947036743164
0.29027209999912884,60,CW,59.612266540527344,0.9038828611373901,-0.09681356698274612,24.071489334106445,1.0347623825073242,40.361087799072266
0.3004553000064334,60,CW,59.576271057128906,0.9348397254943848,0.06383813172578812,24.084379196166992,0.9242584109306335,40.3630256652832
0.3101563999953214,60,CW,59.60549545288086,0.7316778898239136,-0.12236695736646652,24.074710845947266,1.098440170288086,40.36509323120117
0.32012859999667853,60,CW,59.60598373413086,0.7874072194099426,0.007953770458698273,24.081157684326172,1.0134778022766113,40.366607666015625
0.33031380000466015,60,CW,59.67457962036133,0.8020800352096558,-0.006128210574388504,24.071489334106445,0.8511225581169128,40.36803436279297
0.34039840000332333,60,CW,59.739200592041016,0.8109883069992065,0.08126699924468994,24.0827693939209,0.9689989686012268,40.36991500854492
0.35015670000575483,60,CW,59.703468322753906,0.7800969481468201,0.020487919449806213,24.07309913635254,1.0427350997924805,40.371212005615234
0.36005370000202674,60,CW,59.70097351074219,0.8307473063468933,-0.05718247592449188,24.08599090576172,1.032240390777588,40.37263107299805
0.37015919999976177,60,CW,59.70063781738281,0.843198835849762,0.09969747811555862,24.08599090576172,0.846702516078949,40.37415313720703
0.3803660999983549,60,CW,59.69728088378906,0.8783057928085327,-0.04776584729552269,24.07793426513672,0.9766561985015869,40.37553405761719
0.3904383000044618,60,CW,59.66197967529297,0.703211784362793,-0.1033366397023201,24.08599090576172,0.906076967716217,40.376808166503906
0.4004424000013387,60,CW,59.695011138916016,0.7416455745697021,-0.006918668746948242,24.0827693939209,1.0119227170944214,40.37846755981445
0.41203979999409057,60,CW,59.695274353027344,0.7109889388084412,-0.20372852683067322,24.081157684326172,1.0109388828277588,40.37955093383789
0.4209647999959998,60,CW,59.69553756713867,0.7924988865852356,0.11112082749605179,24.071489334106445,0.9073689579963684,40.38045883178711
0.430269499993301,60,CW,59.69274139404297,0.8232272863388062,-0.076077401638031,24.0908260345459,0.9000263810157776,40.38201904296875
0.44015419999777805,60,CW,59.69218063354492,0.7749424576759338,0.26270735263824463,24.084379196166992,1.0871405601501465,40.38391876220703
0.45013850000395905,60,CW,59.68882369995117,0.7752653956413269,0.03934713080525398,24.0827693939209,0.8254039883613586,40.38536834716797
0.46039639999798965,60,CW,59.65312957763672,1.1298969984054565,0.24547554552555084,24.081157684326172,0.920626163482666,40.38783264160156
0.47007890000531916,60,CW,59.65322494506836,0.7185183763504028,-0.16654981672763824,24.081157684326172,0.752726137638092,40.38914108276367
0.4804135000013048,60,CW,59.65266418457031,0.7903542518615723,-0.04497694969177246,24.081157684326172,0.7907117009162903,40.39105224609375
0.4904192999965744,60,CW,59.64921188354492,0.8553204536437988,0.01795162260532379,24.068265914916992,1.0125179290771484,40.39226150512695
0.5004196999943815,60,CW,59.678565979003906,0.8373708128929138,0.10355007648468018,24.07793426513672,0.8798560500144958,40.3938102722168
0.5103991999931168,60,CW,59.67800521850586,0.9692910313606262,0.046947479248046875,24.076322555541992,1.1170868873596191,40.39524841308594
0.5203327000053832,60,CW,59.674983978271484,0.9036864042282104,0.026203669607639313,24.0827693939209,0.9846634864807129,40.39694595336914
0.5304591000021901,60,CW,59.739959716796875,0.815509557723999,-0.1277507245540619,24.0908260345459,1.0336408615112305,40.398353576660156
0.5405106999969576,60,CW,59.66498565673828,0.835155725479126,-0.04184114933013916,24.084379196166992,1.04123055934906,40.40033721923828
0.5504669999936596,60,CW,59.629066467285156,0.7652357816696167,-0.08103618025779724,24.079545974731445,0.7916856408119202,40.40196990966797
0.5601005000062287,60,CW,59.625877380371094,0.8055798411369324,0.0977480560541153,24.089214324951172,1.042502760887146,40.40394973754883
0.570107999999891,60,CW,59.621864318847656,0.8874077200889587,0.019698187708854675,24.071489334106445,0.99872225522995,40.40570068359375
0.5804587000020547,60,CW,59.657615661621094,0.8762479424476624,0.024906840175390244,24.08599090576172,1.0473952293395996,40.407596588134766
0.5935419000015827,60,CW,59.69336700439453,0.8098506331443787,-0.18285629153251648,24.087602615356445,1.0057570934295654,40.409183502197266
0.60459639999317,60,CW,59.58903884887695,0.8833137154579163,0.10097923129796982,24.071489334106445,1.0985511541366577,40.411712646484375
0.6122752999945078,60,CW,59.58601760864258,0.7675014138221741,-0.0919516533613205,24.084379196166992,0.9585672616958618,40.41277313232422
0.6200651999970432,60,CW,59.586280822753906,0.9076419472694397,-0.09500718116760254,24.097270965576172,0.9924970269203186,40.41421127319336
0.630225300003076,60,CW,59.61888122558594,0.8015390038490295,-0.05343664810061455,24.081157684326172,1.042305827140808,40.41598892211914
0.6403507999930298,60,CW,59.61542892456055,0.8144404292106628,-0.03241713345050812,24.089214324951172,1.0670008659362793,40.418251037597656
0.6515373000002,60,CW,59.68061065673828,0.7589389085769653,0.05594879388809204,24.076322555541992,1.0889157056808472,40.41951370239258
0.6600601999962237,60,CW,59.71324920654297,0.6989095211029053,0.0682201087474823,24.081157684326172,0.9952132701873779,40.42089080810547
0.6705258000001777,60,CW,59.78141403198242,0.8314573764801025,0.10500701516866684,24.087602615356445,0.9252350926399231,40.4221305847168
0.6805369999929098,60,CW,59.85013961791992,0.8130819201469421,0.20680466294288635,24.081157684326172,0.9229986667633057,40.423702239990234
0.6905211999983294,60,CW,59.88225173950195,0.7242225408554077,0.07042381167411804,24.08599090576172,0.9048524498939514,40.424495697021484
0.7004579000058584,60,CW,59.77809143066406,0.8314979076385498,-0.011674448847770691,24.076322555541992,1.0141366720199585,40.42619705200195
0.7104885000007926,60,CW,59.742095947265625,0.8439589738845825,0.0037174441386014223,24.074710845947266,0.9299226403236389,40.42797088623047
0.7200315999943996,60,CW,59.66716003417969,0.8135504126548767,-0.07145994156599045,24.084379196166992,0.935818612575531,40.429080963134766
0.730203099999926,60,CW,59.663875579833984,0.9530287981033325,-0.13094909489154816,24.07793426513672,0.8871005773544312,40.430240631103516
0.7405548999959137,60,CW,59.62831115722656,0.9131026864051819,-0.11732298135757446,24.087602615356445,1.036102294921875,40.432044982910156
0.750805899995612,60,CW,59.6966438293457,0.8497331142425537,-0.02084989845752716,24.07793426513672,1.0053205490112305,40.4332160949707
0.7601394999946933,60,CW,59.69660568237305,0.9457530379295349,0.11352592706680298,24.092437744140625,0.9614176750183105,40.43517303466797
0.7704576999967685,60,CW,59.72854995727539,0.9478541016578674,0.012631865218281746,24.09404945373535,1.1364420652389526,40.436092376708984
0.7804507999971975,60,CW,59.72536087036133,0.830284595489502,0.12731638550758362,24.071489334106445,0.9851199388504028,40.43806457519531
0.7904744999977993,60,CW,59.754154205322266,0.7656407356262207,-0.3115812838077545,24.081157684326172,0.9550715088844299,40.43975067138672
0.8000309000053676,60,CW,59.68263244628906,0.8059672117233276,0.030603788793087006,24.079545974731445,1.1032553911209106,40.441471099853516
0.8102522999979556,60,CW,59.679443359375,0.9620784521102905,0.045156482607126236,24.076322555541992,1.0624208450317383,40.44305419921875
0.8201447000028566,60,CW,59.672672271728516,0.9180046916007996,-0.017969489097595215,24.092437744140625,1.021202802658081,40.44487380981445
0.8306174000026658,60,CW,59.66580581665039,0.8867842555046082,0.06507258862257004,24.0827693939209,1.0457863807678223,40.446929931640625
0.8405085999984294,60,CW,59.59467697143555,0.7039815187454224,-0.22162020206451416,24.07309913635254,0.9293705821037292,40.448768615722656
0.8502146999962861,60,CW,59.59490203857422,0.8509146571159363,-0.07344499230384827,24.0908260345459,0.9382047653198242,40.45072937011719
0.864624099995126,60,CW,59.699195861816406,0.7867522835731506,0.03491489589214325,24.0827693939209,0.8783450126647949,40.452877044677734
0.8755020999960834,60,CW,59.6963996887207,0.7127922177314758,0.1373712569475174,24.089214324951172,1.00398588180542,40.455204010009766
0.888165399999707,60,CW,59.696231842041016,0.8965709209442139,0.0027240365743637085,24.07309913635254,0.8482038378715515,40.45676803588867
0.8968489999970188,60,CW,59.72545623779297,0.8659705519676208,0.0572952926158905,24.089214324951172,0.9947186708450317,40.458641052246094
0.9113580999983242,60,CW,59.72581100463867,0.7744356393814087,-0.16226306557655334,24.08599090576172,1.1252859830856323,40.46054458618164
0.9182659999933094,60,CW,59.79375076293945,0.9139330983161926,-0.057586051523685455,24.0908260345459,1.0644081830978394,40.461429595947266
0.9257791999989422,60,CW,59.85850143432617,0.8978889584541321,-0.15675956010818481,24.0827693939209,0.7869199514389038,40.46202850341797
0.9329108999954769,60,CW,59.85531234741211,0.7685631513595581,-0.11601758748292923,24.0908260345459,0.9062028527259827,40.46284103393555
0.9403340999997454,60,CW,59.81590270996094,0.7836441993713379,-0.17653492093086243,24.081157684326172,1.047644019126892,40.463382720947266
0.9506333000026643,60,CW,59.71131134033203,0.8325392603874207,0.06168726459145546,24.071489334106445,0.8322166204452515,40.46468734741211
0.9603340000030585,60,CW,59.665653228759766,0.8418819904327393,-0.14833104610443115,24.08599090576172,1.0022528171539307,40.47270584106445
1.0116395999939414,60,CW,59.73122787475586,0.7550308108329773,0.04103153198957443,24.092437744140625,0.9408439993858337,40.47433090209961
1.0221792999946047,60,CW,59.694969177246094,0.8522184491157532,-0.06486398726701736,24.06504249572754,1.004335641860962,40.47593688964844
1.0314715999993496,60,CW,59.69536209106445,0.9213376641273499,0.1283618062734604,24.0827693939209,0.8841215372085571,40.477561950683594
1.0414681999973254,60,CW,59.62423324584961,0.8047023415565491,0.0007752999663352966,24.087602615356445,1.030203938484192,40.47970199584961
1.050886700002593,60,CW,59.62445831298828,0.8752328753471375,0.007491160184144974,24.089214324951172,0.806435763835907,40.48118209838867
1.0606901999999536,60,CW,59.692230224609375,0.8840736150741577,-0.03312740847468376,24.076322555541992,1.165759563446045,40.48312759399414
1.0705401000013808,60,CW,59.65623474121094,0.8461640477180481,-0.01691548526287079,24.079545974731445,0.8961456418037415,40.48479080200195
1.0796973999968031,60,CW,59.72824478149414,0.7469015717506409,-0.1850152462720871,24.100494384765625,0.9611325860023499,40.48594284057617
1.089042799998424,60,CW,59.7606201171875,0.8634970188140869,0.09540853649377823,24.08599090576172,0.9341812133789062,40.486610412597656
1.0967085000011139,60,CW,59.79023742675781,0.9596527218818665,0.19425781071186066,24.089214324951172,0.8411836624145508,40.48811340332031
1.1063145999942208,60,CW,59.787254333496094,0.8761001229286194,-0.12187852710485458,24.087602615356445,0.9735586643218994,40.48940658569336
1.1159146999998484,60,CW,59.78406524658203,0.9228584170341492,0.10602536052465439,24.0988826751709,0.9733225107192993,40.49099349975586
1.1258842999959597,60,CW,59.71188735961914,0.8330316543579102,0.1689380705356598,24.084379196166992,1.0583114624023438,40.49253463745117
1.1351934999984223,60,CW,59.64036560058594,0.8862817883491516,-0.009271513670682907,24.081157684326172,0.9688514471054077,40.494102478027344
1.1447155000059865,60,CW,59.705116271972656,0.9908106923103333,0.2727375626564026,24.0827693939209,0.9442657828330994,40.495609283447266
1.1542029999982333,60,CW,59.70213317871094,0.7868469953536987,0.12051835656166077,24.07793426513672,0.8722686171531677,40.49712371826172
1.163933799994993,60,CW,59.698944091796875,0.9063736200332642,0.04145338386297226,24.08599090576172,1.0445079803466797,40.499244689941406
1.1725245999987237,60,CW,59.69536209106445,0.8579800724983215,-0.02828032895922661,24.084379196166992,1.0232809782028198,40.50026321411133
1.1810781999956816,60,CW,59.69217300415039,0.783077597618103,-0.07755033671855927,24.089214324951172,1.0519769191741943,40.50165557861328
1.188201700002537,60,CW,59.69178009033203,0.9655671715736389,-0.07529063522815704,24.08599090576172,0.9968177080154419,40.50282669067383
1.1937246000015875,60,CW,59.72415542602539,0.9031347632408142,0.05503690242767334,24.089214324951172,0.8809014558792114,40.50368881225586
1.2046235000016168,60,CW,59.7537727355957,0.8690553307533264,0.0795149952173233,24.095659255981445,1.0286637544631958,40.50434494018555
1.2103581999981543,60,CW,59.78960037231445,0.8348745107650757,0.01789359748363495,24.087602615356445,1.1315363645553589,40.50471115112305
1.2160705999995116,60,CW,59.85819625854492,0.8337264060974121,-0.08616641163825989,24.0827693939209,0.8417923450469971,40.505069732666016
1.2218120000034105,60,CW,59.822200775146484,0.8980115056037903,-0.09773842245340347,24.076322555541992,0.9229387044906616,40.506038665771484
1.2273303999972995,60,CW,59.75067901611328,0.909813404083252,-0.12116005271673203,24.0827693939209,1.094286561012268,40.50710678100586
1.2335077000025194,60,CW,59.78288650512695,0.7805075645446777,-0.026705175638198853,24.084379196166992,0.984248161315918,40.50773239135742
1.2404378999926848,60,CW,59.74758529663086,0.7941449880599976,-0.013843804597854614,24.0827693939209,0.9775884747505188,40.50849533081055
1.250102899997728,60,CW,59.7443962097168,0.7618533372879028,0.04852001368999481,24.081157684326172,1.1041055917739868,40.50941848754883
1.2602403000055347,60,CW,59.744659423828125,0.9181572198867798,0.06909880042076111,24.079545974731445,1.0777359008789062,40.510921478271484
1.2702502000029199,60,CW,59.744659423828125,0.8451892137527466,-0.023948218673467636,24.07309913635254,0.9809629321098328,40.51202392578125
1.2803303999971831,60,CW,59.8066520690918,0.8755879998207092,0.15917310118675232,24.087602615356445,0.9265367388725281,40.5138053894043
1.2905153000028804,60,CW,59.80366897583008,0.8202618360519409,-0.20460528135299683,24.0827693939209,1.0197662115097046,40.51539611816406
1.3001249999942956,60,CW,59.76767349243164,0.7903701663017273,-0.17441463470458984,24.06987762451172,1.0745432376861572,40.51693344116211
1.3103815000067698,60,CW,59.6607551574707,0.7997473478317261,-0.1969785988330841,24.0827693939209,1.0417486429214478,40.51844787597656
1.3205875999992713,60,CW,59.62519073486328,0.7732033729553223,-0.01684281788766384,24.09404945373535,0.7547165751457214,40.52085494995117
1.3303134000016144,60,CW,59.661373138427734,0.7449884414672852,-0.1857335865497589,24.07793426513672,0.9238618016242981,40.52241516113281
1.3412595999980113,60,CW,59.625511169433594,0.8585125803947449,-0.05207929015159607,24.07793426513672,0.8856925368309021,40.524513244628906
1.3519568000047002,60,CW,59.65854263305664,0.8426927924156189,-0.06269852817058563,24.0827693939209,0.8945229649543762,40.525909423828125
1.3616544999968028,60,CW,59.65880584716797,0.7297422289848328,-0.1283125877380371,24.076322555541992,1.1798285245895386,40.52751922607422
1.3716475999972317,60,CW,59.691837310791016,0.9101391434669495,0.009552322328090668,24.08599090576172,1.0623345375061035,40.529178619384766
1.3804132999939611,60,CW,59.724082946777344,0.769305944442749,-0.03373057395219803,24.079545974731445,0.8100726008415222,40.53033447265625
1.3903529999952298,60,CW,59.72374725341797,0.8548027873039246,0.123735211789608,24.074710845947266,1.007946491241455,40.532039642333984
1.401195700003882,60,CW,59.68456268310547,0.7396705746650696,-0.039588578045368195,24.047317504882812,1.091705322265625,40.53342056274414
1.413148399995407,60,CW,59.68443298339844,0.7897299528121948,0.03225621581077576,24.074710845947266,0.8734343647956848,40.53515625
1.4236710999975912,60,CW,59.64909362792969,0.8654937744140625,0.05102081596851349,24.0827693939209,1.1496074199676514,40.53628921508789
1.4308483000058914,60,CW,59.68492126464844,0.7483811974525452,-0.13652919232845306,24.06987762451172,0.886049747467041,40.53731918334961
1.4400998000055552,60,CW,59.72071075439453,0.9240332245826721,-0.007920406758785248,24.0827693939209,0.8601092100143433,40.538604736328125
1.4504786000034073,60,CW,59.750160217285156,0.8585511445999146,0.043168701231479645,24.081157684326172,0.869532585144043,40.540409088134766
1.46057060000021,60,CW,59.68165969848633,0.8169490098953247,0.027214311063289642,24.074710845947266,1.0301061868667603,40.54220962524414
1.4709755999938352,60,CW,59.678863525390625,0.8311429023742676,0.13073264062404633,24.087602615356445,1.0587570667266846,40.54377746582031
1.4815488000022015,60,CW,59.71154022216797,0.9239155054092407,0.00718902051448822,24.07793426513672,0.7447333335876465,40.54521560668945
1.4907224000053247,60,CW,59.67593765258789,0.7879630327224731,-0.0024842824786901474,24.09404945373535,1.0121922492980957,40.5462760925293
1.5004718999989564,60,CW,59.74397277832031,0.8595158457756042,0.02404838800430298,24.0827693939209,0.9441357851028442,40.548316955566406
1.510224500001641,60,CW,59.74415969848633,0.7562693953514099,0.030557259917259216,24.081157684326172,0.9042443633079529,40.55103302001953
1.5286057000048459,60,CW,59.708988189697266,0.9345147609710693,-0.20457439124584198,24.08599090576172,0.9560085535049438,40.55313491821289
1.5404163000057451,60,CW,59.67299270629883,0.7567725777626038,0.07791663706302643,24.087602615356445,0.9827819466590881,40.555450439453125
1.5522895000030985,60,CW,59.67348098754883,0.8278383016586304,-0.04364372789859772,24.079545974731445,0.9345332384109497,40.55677032470703
1.5634028000058606,60,CW,59.67292022705078,0.8158608078956604,-0.156918004155159,24.0908260345459,1.038057565689087,40.55846405029297
1.5755514000047697,60,CW,59.670387268066406,0.7709973454475403,0.019327975809574127,24.07793426513672,0.9253711700439453,40.560245513916016
1.5883147999993525,60,CW,59.73221206665039,0.8313897848129272,0.07360755652189255,24.081157684326172,1.0657933950424194,40.56184005737305
1.600008399997023,60,CW,59.73540115356445,0.950660228729248,-0.04901346564292908,24.0827693939209,1.1404858827590942,40.56334686279297
1.6125043999927584,60,CW,59.83295822143555,0.8303731083869934,0.1967245638370514,24.084379196166992,1.0118286609649658,40.56564712524414
1.6240498999977717,60,CW,59.826786041259766,0.8579952716827393,-0.0836728885769844,24.07309913635254,1.1054041385650635,40.5667724609375
1.633727499996894,60,CW,59.755226135253906,0.9031952619552612,-6.721168756484985e-05,24.068265914916992,0.8287801742553711,40.56845474243164
1.6423762000049464,60,CW,59.716285705566406,0.8497647047042847,-0.24019652605056763,24.087602615356445,1.0877642631530762,40.56953811645508
1.650966100001824,60,CW,59.713096618652344,0.9250500798225403,0.08142145723104477,24.07793426513672,0.9167075753211975,40.57107925415039
1.6596219000057317,60,CW,59.67372512817383,0.769946813583374,-0.040931522846221924,24.08599090576172,1.043531060218811,40.57217025756836
1.667086700006621,60,CW,59.670536041259766,0.8445984125137329,0.18812361359596252,24.074710845947266,1.080458164215088,40.57359313964844
1.6752196000015829,60,CW,59.702518463134766,0.7859341502189636,0.20231062173843384,24.07793426513672,0.818699300289154,40.57457733154297
1.6810988999932306,60,CW,59.6993293762207,0.9633215665817261,0.19198384881019592,24.08599090576172,1.0427830219268799,40.575653076171875
1.6864653999946313,60,CW,59.6993293762207,0.8255152106285095,0.11771698296070099,24.076322555541992,0.9411996006965637,40.57666015625
1.691457499997341,60,CW,59.69591522216797,0.7138820886611938,0.05894734337925911,24.087602615356445,1.0189422369003296,40.5777702331543
1.700108499993803,60,CW,59.728553771972656,0.8933888673782349,-0.00816812738776207,24.079545974731445,1.099147081375122,40.57868957519531
1.710526299997582,60,CW,59.79718780517578,0.7706903219223022,-0.13947346806526184,24.076322555541992,0.9984153509140015,40.57931137084961
1.720399300000281,60,CW,59.832977294921875,0.9054170846939087,0.00754118338227272,24.076322555541992,0.8570007681846619,40.58039093017578
1.7304547999956412,60,CW,59.833370208740234,0.7983846068382263,0.02976081520318985,24.07309913635254,1.023033857345581,40.581573486328125
1.7402517000009539,60,CW,59.833370208740234,0.9063315391540527,-0.07647226750850677,24.0908260345459,0.861685037612915,40.58232879638672
1.7502608000067994,60,CW,59.83018112182617,0.9063183665275574,0.19551962614059448,24.079545974731445,1.0282224416732788,40.5836296081543
1.7605210000037914,60,CW,59.823970794677734,0.844434916973114,0.13189686834812164,24.0827693939209,1.1328184604644775,40.5850715637207
1.7705296000058297,60,CW,59.85976028442383,0.7840133309364319,0.014444438740611076,24.0827693939209,1.0110042095184326,40.5860595703125
1.7801563999964856,60,CW,59.82721710205078,0.8552273511886597,-0.09818804264068604,24.06987762451172,0.9368728399276733,40.586936950683594
1.7902384000044549,60,CW,59.89502716064453,0.8058617115020752,-0.02731556072831154,24.100494384765625,1.0453088283538818,40.587589263916016
1.8000619999947958,60,CW,59.85627365112305,0.9588471055030823,-0.02239386737346649,24.060209274291992,1.0189827680587769,40.58888244628906
1.810347599996021,60,CW,59.78452682495117,0.7575531601905823,-0.1517712026834488,24.081157684326172,1.052165150642395,40.59014129638672
1.8201184000063222,60,CW,59.748531341552734,0.8121035695075989,0.08979732543230057,24.084379196166992,1.1258119344711304,40.59204864501953
1.8300780999998096,60,CW,59.70928955078125,0.7876492738723755,0.07108200341463089,24.076322555541992,1.0265192985534668,40.5936164855957
1.8404762999998638,60,CW,59.63746643066406,0.8643343448638916,0.031286805868148804,24.087602615356445,1.0194166898727417,40.59474563598633
1.850677900001756,60,CW,59.67023468017578,0.7900237441062927,0.03936997056007385,24.084379196166992,1.0137321949005127,40.596736907958984
1.8600971999985632,60,CW,59.735416412353516,0.8179870843887329,-0.19058765470981598,24.07793426513672,0.904228925704956,40.597877502441406
1.8701789000042481,60,CW,59.73222732543945,0.7447559833526611,-0.050140202045440674,24.071489334106445,0.96587735414505,40.600006103515625
1.880267200001981,60,CW,59.761619567871094,0.786859393119812,0.13952364027500153,24.095659255981445,0.9270181059837341,40.60194778442383
1.8902807999984361,60,CW,59.72307205200195,0.7950326800346375,0.07108988612890244,24.095659255981445,0.9407994151115417,40.60395050048828
1.9002867999952286,60,CW,59.71988296508789,0.9498276114463806,0.15533815324306488,24.08599090576172,1.1039025783538818,40.60591125488281
1.9101873000035994,60,CW,59.71689987182617,0.8206067085266113,-0.0746549442410469,24.081157684326172,0.9759083390235901,40.60700988769531
1.9201294999948004,60,CW,59.71371078491211,0.8652505874633789,-0.020819133147597313,24.0827693939209,1.0354865789413452,40.60853958129883
1.9306255999981659,60,CW,59.70671463012695,0.8819026350975037,0.13977225124835968,24.08599090576172,0.9820782542228699,40.61005783081055
1.9401999999972759,60,CW,59.67075729370117,0.8554104566574097,0.021218344569206238,24.084379196166992,1.0812690258026123,40.61140441894531
1.9501700999971945,60,CW,59.69994354248047,0.7832562923431396,0.05189426243305206,24.097270965576172,1.0438499450683594,40.61326217651367
1.9601522000011755,60,CW,59.69696044921875,0.8953110575675964,0.18778987228870392,24.087602615356445,0.9321558475494385,40.614662170410156
1.9701269999932265,60,CW,59.7619743347168,0.8982282876968384,0.010410577058792114,24.07793426513672,0.9307513236999512,40.615779876708984
2.0169522000069264,60,CW,59.91850662231445,0.7327343821525574,0.09268321841955185,24.0908260345459,1.0146312713623047,40.61989974975586
2.0238840999954846,60,CW,59.88294219970703,0.7573766112327576,-0.035042598843574524,24.084379196166992,0.96901535987854,40.6208381652832
4.6000059228390455e-06,80,CW,79.36515045166016,1.08201003074646,-0.02283518761396408,24.07793426513672,1.3535099029541016,41.47823715209961
0.010302000009687617,80,CW,79.39437103271484,1.1112843751907349,-0.09118060022592545,24.081157684326172,1.6350328922271729,41.48103713989258
0.02036680000310298,80,CW,79.35801696777344,1.0617847442626953,0.1118849515914917,24.07309913635254,1.5701465606689453,41.483062744140625
0.030519300009473227,80,CW,79.39407348632812,0.9379602074623108,-0.10852000117301941,24.076322555541992,1.5548741817474365,41.48554992675781
0.040430000008200295,80,CW,79.35496520996094,1.035357117652893,0.004724293947219849,24.0827693939209,1.6416923999786377,41.48731231689453
0.050204800005303696,80,CW,79.38816833496094,0.9910213947296143,-0.04736371338367462,24.06987762451172,1.5530340671539307,41.49007797241211
0.060456899998825975,80,CW,79.34941864013672,0.9639763832092285,0.06597732752561569,24.0908260345459,1.5749012231826782,41.493141174316406
0.07052210000983905,80,CW,79.31385803222656,0.9406395554542542,-0.009706124663352966,24.087602615356445,1.2830796241760254,41.496429443359375
0.08004929999879096,80,CW,79.37907409667969,0.9048821926116943,-0.14324693381786346,24.081157684326172,1.3139233589172363,41.49888229370117
0.09013860000413842,80,CW,79.37934112548828,1.0512598752975464,-0.11247199773788452,24.0908260345459,1.571364164352417,41.502288818359375
0.10039040000992827,80,CW,79.48053741455078,0.9775407910346985,-0.1674949824810028,24.07793426513672,1.556623935699463,41.50383377075195
0.1101792999979807,80,CW,79.40560150146484,1.0418986082077026,-0.04061475396156311,24.08599090576172,1.522326111793518,41.50566482543945
0.12001150001015048,80,CW,79.43797302246094,0.8246029615402222,-0.04342467710375786,24.081157684326172,1.3681765794754028,41.508018493652344
0.13008450000779703,80,CW,79.50285339355469,0.8305336236953735,-0.17381639778614044,24.084379196166992,1.4281419515609741,41.50990295410156
0.1401592000038363,80,CW,79.56869506835938,0.8466801047325134,-0.04710319638252258,24.079545974731445,1.3549338579177856,41.511348724365234
0.1501752000040142,80,CW,79.53313446044922,1.0100659132003784,-0.02557845413684845,24.068265914916992,1.4063125848770142,41.5129508972168
0.16028409999853466,80,CW,79.46205139160156,0.9750722050666809,-0.341520220041275,24.06987762451172,1.6820263862609863,41.51456832885742
0.1704156000050716,80,CW,79.53064727783203,0.9717506766319275,0.08820760250091553,24.074710845947266,1.324629306793213,41.517578125
0.18194530000619125,80,CW,79.56328582763672,0.8671846985816956,0.13376621901988983,24.076322555541992,1.3840378522872925,41.520164489746094
0.19238390000828076,80,CW,79.52413940429688,1.1342438459396362,-0.14889423549175262,24.084379196166992,1.3107199668884277,41.523677825927734
0.202729000011459,80,CW,79.48814392089844,0.8338523507118225,-0.031131207942962646,24.07793426513672,1.2849582433700562,41.525150299072266
0.21237130000372417,80,CW,79.45275115966797,1.0246504545211792,-0.06535065174102783,24.071489334106445,1.5651248693466187,41.52717971801758
0.2207617000094615,80,CW,79.48223876953125,1.0198779106140137,-0.2733515202999115,24.081157684326172,1.4045525789260864,41.52848434448242
0.23030590001144446,80,CW,79.47904968261719,1.0533775091171265,-0.15675488114356995,24.087602615356445,1.255186915397644,41.53126525878906
0.24032219999935478,80,CW,79.51142120361328,1.0327987670898438,-0.2281850278377533,24.0827693939209,1.6176505088806152,41.53318405151367
0.25133320000895765,80,CW,79.47586059570312,1.0071704387664795,0.08604311943054199,24.087602615356445,1.6610169410705566,41.53538513183594
0.26080290001118556,80,CW,79.46908569335938,1.042191505432129,-0.08121511340141296,24.087602615356445,1.6637169122695923,41.537147521972656
0.27060720000008587,80,CW,79.50145721435547,1.0887221097946167,-0.015269681811332703,24.08599090576172,1.5674667358398438,41.539039611816406
0.281581900009769,80,CW,79.46589660644531,1.1862366199493408,-0.1724836826324463,24.0827693939209,1.4236702919006348,41.541038513183594
0.2914432000106899,80,CW,79.43033599853516,1.0642422437667847,0.021584942936897278,24.06987762451172,1.5832003355026245,41.54344177246094
0.30049700000381563,80,CW,79.4661636352539,0.8923611044883728,0.2037632316350937,24.076322555541992,1.4342186450958252,41.545928955078125
0.3104687000013655,80,CW,79.42768096923828,1.022344946861267,-0.24353815615177155,24.07309913635254,1.654046654701233,41.54792404174805
0.32003960000292864,80,CW,79.42475891113281,1.0903000831604004,0.0075214579701423645,24.071489334106445,1.5151928663253784,41.550376892089844
0.33029220000025816,80,CW,79.42117309570312,0.8967137336730957,0.00047321617603302,24.07309913635254,1.6066534519195557,41.552642822265625
0.3401243000116665,80,CW,79.42140197753906,0.9350267052650452,-0.07715141773223877,24.071489334106445,1.1568995714187622,41.554954528808594
0.3501231000118423,80,CW,79.42110443115234,0.8951371908187866,-0.48703786730766296,24.07793426513672,1.5203264951705933,41.55671310424805
0.36045420001028106,80,CW,79.4891357421875,1.0923410654067993,0.08899784088134766,24.07309913635254,1.6071702241897583,41.55924606323242
0.3704975000000559,80,CW,79.48554992675781,0.8437619209289551,0.007870752364397049,24.079545974731445,1.6168400049209595,41.5615348815918
0.3805094999988796,80,CW,79.4858169555664,0.9008142948150635,-0.06928476691246033,24.074710845947266,1.4291472434997559,41.563873291015625
0.39029010001104325,80,CW,79.5573959350586,0.9715190529823303,-0.054187431931495667,24.074710845947266,1.4672489166259766,41.5659294128418
0.4004208000114886,80,CW,79.52183532714844,0.8794950842857361,0.24419385194778442,24.079545974731445,1.1598807573318481,41.5680046081543
0.4103090999997221,80,CW,79.5898666381836,1.0030221939086914,-0.12137264013290405,24.084379196166992,1.116300106048584,41.569427490234375
0.4202343000069959,80,CW,79.59009552001953,0.8716211915016174,0.0011193901300430298,24.071489334106445,1.5713099241256714,41.5713996887207
0.43014969999785535,80,CW,79.55165100097656,0.8636468648910522,-0.12720325589179993,24.076322555541992,1.4194104671478271,41.5728645324707
0.4402211999986321,80,CW,79.61688995361328,1.1040140390396118,0.18004406988620758,24.0827693939209,1.3911317586898804,41.57415008544922
0.45023020000371616,80,CW,79.5783462524414,0.9899424314498901,-0.10491321235895157,24.07309913635254,1.1803354024887085,41.57563400268555
0.46038630000839476,80,CW,79.57217407226562,0.8771539330482483,0.043660663068294525,24.081157684326172,1.3353487253189087,41.577823638916016
0.47048990000621416,80,CW,79.60498046875,0.8317195773124695,-0.14604540169239044,24.0827693939209,1.4206899404525757,41.5788459777832
0.4800456000084523,80,CW,79.64080810546875,0.8925493359565735,0.10774284601211548,24.06182098388672,1.5456492900848389,41.58027648925781
0.49004030000651255,80,CW,79.637451171875,1.0517703294754028,0.19885733723640442,24.087602615356445,1.4254215955734253,41.58163833618164
0.501448100010748,80,CW,79.56307983398438,0.9086800217628479,0.1555558294057846,24.06987762451172,1.2022818326950073,41.58451461791992
0.5105040000053123,80,CW,79.49156188964844,0.866156280040741,-0.04535280913114548,24.07309913635254,1.1572469472885132,41.58597946166992
0.5200929999991786,80,CW,79.49179077148438,0.8778897523880005,-0.2518809139728546,24.084379196166992,1.643558382987976,41.58966827392578
0.5302621000009822,80,CW,79.38763427734375,0.9641646146774292,0.05813455581665039,24.0827693939209,1.3507628440856934,41.59193801879883
0.5403716000000713,80,CW,79.41987609863281,0.9985965490341187,0.16002249717712402,24.07793426513672,1.438946008682251,41.594093322753906
0.5502683000086108,80,CW,79.38102722167969,0.9372479319572449,-0.0004493445158004761,24.07793426513672,1.591526985168457,41.59669876098633
0.5602910000015981,80,CW,79.41366577148438,1.0582501888275146,0.044572971761226654,24.07793426513672,1.4878902435302734,41.60002517700195
0.5700477000063984,80,CW,79.48209381103516,0.9182444214820862,0.06772150099277496,24.074710845947266,1.4805947542190552,41.60272216796875
0.5800487000087742,80,CW,79.5537109375,1.015779733657837,0.03829123079776764,24.07309913635254,1.486276388168335,41.60504150390625
0.5904502000048524,80,CW,79.5119400024414,1.1131515502929688,-0.033062711358070374,24.07309913635254,1.4483054876327515,41.60675048828125
0.6003075000044191,80,CW,79.58036804199219,1.0197128057479858,-0.001140013337135315,24.06987762451172,1.4108368158340454,41.60780334472656
0.6104248000046937,80,CW,79.58059692382812,0.9544072151184082,-0.012574939988553524,24.076322555541992,1.6118364334106445,41.609710693359375
0.6204996000014944,80,CW,79.60964965820312,0.9257067441940308,-0.14286287128925323,24.066654205322266,1.6843512058258057,41.61154556274414
0.6300555000052555,80,CW,79.60672760009766,1.0121996402740479,0.18994449079036713,24.076322555541992,1.4484710693359375,41.613059997558594
0.6400689000001876,80,CW,79.5711669921875,1.112256646156311,0.2197313904762268,24.068265914916992,1.1680275201797485,41.61408233642578
0.6503251000103774,80,CW,79.6036376953125,0.9055094122886658,0.30678972601890564,24.071489334106445,1.673354983329773,41.615867614746094
0.6609311000065645,80,CW,79.6004867553711,0.9951192736625671,-0.12736408412456512,24.06504249572754,1.4500865936279297,41.61734390258789
0.6700729000003776,80,CW,79.63312530517578,1.0026150941848755,-0.11499534547328949,24.084379196166992,1.4722838401794434,41.618656158447266
0.6803813000005903,80,CW,79.59424591064453,0.9286725521087646,0.11573638767004013,24.081157684326172,1.5089073181152344,41.62068557739258
0.6904117000085535,80,CW,79.588134765625,1.074051856994629,0.2574356496334076,24.08599090576172,1.3107165098190308,41.62278747558594
0.7004000000015367,80,CW,79.62379455566406,0.8988463282585144,-0.1348617672920227,24.068265914916992,1.4814070463180542,41.62440490722656
0.7103964999987511,80,CW,79.55542755126953,1.062454342842102,-0.14236794412136078,24.07309913635254,1.4917583465576172,41.62586212158203
0.7203729000029853,80,CW,79.62362670898438,0.9784680008888245,-0.10455678403377533,24.089214324951172,1.405565619468689,41.62774658203125
0.7303008000017144,80,CW,79.62372589111328,0.8995978832244873,-0.15278396010398865,24.095659255981445,1.451737642288208,41.62955093383789
0.7404429000016535,80,CW,79.62084197998047,0.9330927729606628,-0.050671350210905075,24.071489334106445,1.4944372177124023,41.63140106201172
0.7501505000109319,80,CW,79.58216857910156,1.0260939598083496,0.1165245994925499,24.08599090576172,1.638147234916687,41.63329315185547
0.7605679000116652,80,CW,79.51048278808594,0.9431738257408142,-0.01123865693807602,24.071489334106445,1.5047624111175537,41.63532638549805
0.7704626000049757,80,CW,79.50702667236328,0.9547066688537598,0.08644291758537292,24.076322555541992,1.3613101243972778,41.637115478515625
0.7802196999982698,80,CW,79.47146606445312,1.0293161869049072,0.12877869606018066,24.074710845947266,1.1914637088775635,41.64015197753906
0.7902899000036996,80,CW,79.53962707519531,0.869647204875946,0.06847977638244629,24.06987762451172,1.513217568397522,41.64193344116211
0.8003960000060033,80,CW,79.53345489501953,1.030246615409851,0.005846969783306122,24.076322555541992,1.561676263809204,41.64411926269531
0.8104463000054238,80,CW,79.5988998413086,0.979956328868866,-0.1159709244966507,24.07309913635254,1.4623500108718872,41.64620590209961
0.8200575000082608,80,CW,79.5988998413086,1.1529150009155273,0.041563309729099274,24.07793426513672,1.4110732078552246,41.6572380065918
0.8753102000046056,80,CW,79.59381866455078,0.8054454326629639,-0.11088306456804276,24.0908260345459,1.1672624349594116,41.65790557861328
0.8801688000094146,80,CW,79.55510711669922,1.0825015306472778,-0.05000084638595581,24.092437744140625,1.4717978239059448,41.65882873535156
0.8872577000001911,80,CW,79.62330627441406,1.1006251573562622,0.018466928973793983,24.076322555541992,1.357591986656189,41.660125732421875
0.8923477000062121,80,CW,79.62330627441406,0.9942873120307922,0.15740688145160675,24.07793426513672,1.2428815364837646,41.66184997558594
0.8998496999993222,80,CW,79.65567779541016,0.9726822376251221,-0.12666818499565125,24.06987762451172,1.1800909042358398,41.662696838378906
0.9065426000015577,80,CW,79.6845932006836,0.9262851476669312,-0.09292184561491013,24.0908260345459,1.26435124874115,41.663795471191406
0.9149190000025555,80,CW,79.6846923828125,1.102805733680725,0.10013587772846222,24.07309913635254,1.469975233078003,41.66541290283203
0.9246614000003319,80,CW,79.61334228515625,1.0111607313156128,0.028290100395679474,24.07793426513672,1.4984939098358154,41.66689682006836
0.9303733999986434,80,CW,79.64571380615234,0.9308621883392334,0.07385123521089554,24.0908260345459,1.4861623048782349,41.66762161254883
0.9375304999994114,80,CW,79.57695007324219,1.0192021131515503,-0.12003813683986664,24.0827693939209,1.406062364578247,41.66835403442383
0.9436093999975128,80,CW,79.60932159423828,1.0395807027816772,-0.1009034663438797,24.087602615356445,1.5446321964263916,41.668975830078125
0.9488472000084585,80,CW,79.60613250732422,0.9770860075950623,0.04533717781305313,24.084379196166992,1.3739312887191772,41.6695442199707
0.954280000005383,80,CW,79.64196014404297,1.0391746759414673,-0.14382320642471313,24.06987762451172,1.5783946514129639,41.66995620727539
0.9602024000050733,80,CW,79.64196014404297,0.9782769083976746,-0.031209588050842285,24.0827693939209,1.2029019594192505,41.67048263549805
0.9700601000076858,80,CW,79.71038818359375,0.9703190326690674,0.14939571917057037,24.06987762451172,1.2967174053192139,41.67367172241211
0.9800923000002513,80,CW,79.74275970458984,0.9680776596069336,-0.07043863087892532,24.074710845947266,1.3063411712646484,41.67546463012695
0.990522799998871,80,CW,79.71009063720703,1.0259780883789062,-0.1257534623146057,24.084379196166992,1.3539128303527832,41.676212310791016
1.0000807000033092,80,CW,79.7786865234375,0.9975318908691406,0.23148533701896667,24.074710845947266,1.270810604095459,41.6768913269043
1.010183300008066,80,CW,79.70716857910156,0.9120901226997375,-0.09689460694789886,24.076322555541992,1.5093531608581543,41.6795768737793
1.0202113999985158,80,CW,79.67137908935547,0.9740720391273499,-0.03696749359369278,24.07793426513672,1.5388857126235962,41.68058395385742
1.0302769000118133,80,CW,79.56446838378906,0.9287821650505066,0.03334323689341545,24.06987762451172,1.3931792974472046,41.68287658691406
1.040364700005739,80,CW,79.52545166015625,0.9317238330841064,0.0357172004878521,24.076322555541992,1.4149929285049438,41.68558120727539
1.0511285000102362,80,CW,79.4898910522461,0.9101000428199768,-0.08416558802127838,24.08599090576172,1.4070748090744019,41.68844985961914
1.0604032999981428,80,CW,79.48670196533203,0.9814674854278564,-0.008578866720199585,24.071489334106445,1.2146008014678955,41.68950271606445
1.0702516000019386,80,CW,79.45114135742188,1.0417239665985107,0.024296369403600693,24.081157684326172,1.3509681224822998,41.69217300415039
1.0804657000117004,80,CW,79.51921081542969,0.9750118255615234,-0.27216091752052307,24.07309913635254,1.4981495141983032,41.694091796875
1.0903456000087317,80,CW,79.58422088623047,0.9909788370132446,0.13040395081043243,24.084379196166992,1.274827003479004,41.69749450683594
1.1004237000015564,80,CW,79.54853057861328,1.0916383266448975,0.1341426968574524,24.0908260345459,1.1197922229766846,41.7001838684082
1.1105222000041977,80,CW,79.51280212402344,1.0509799718856812,-0.333461195230484,24.07793426513672,1.5172433853149414,41.70258331298828
1.1211354000115534,80,CW,79.51004791259766,0.9559781551361084,-0.05365196242928505,24.076322555541992,1.5960102081298828,41.703712463378906
1.1304272999987006,80,CW,79.4744873046875,1.0175681114196777,-0.04409471154212952,24.068265914916992,1.5683375597000122,41.70703887939453
1.1401378000009572,80,CW,79.50712585449219,1.0163640975952148,-0.0722673237323761,24.079545974731445,1.614790439605713,41.70902633666992
1.150266399999964,80,CW,79.50712585449219,0.9095097184181213,0.19621127843856812,24.055374145507812,1.5754033327102661,41.7108154296875
1.1606158000067808,80,CW,79.46539306640625,0.9924001693725586,0.017962589859962463,24.087602615356445,1.5143603086471558,41.71249771118164
1.1700651999999536,80,CW,79.4298324584961,1.037764072418213,0.16531474888324738,24.071489334106445,1.3913137912750244,41.7154426574707
1.1801874000084354,80,CW,79.5334243774414,1.0019001960754395,-0.36131569743156433,24.081157684326172,1.2965035438537598,41.71742630004883
1.1900929000112228,80,CW,79.50141143798828,0.9571399092674255,0.1400001347064972,24.079545974731445,1.5566401481628418,41.71989059448242
1.2003968000062741,80,CW,79.56602478027344,0.9605129361152649,-0.002806473523378372,24.07793426513672,1.3268120288848877,41.72160339355469
1.21009170000616,80,CW,79.5982666015625,0.9728570580482483,0.039482101798057556,24.084379196166992,1.1264373064041138,41.7235107421875
1.2202245000080438,80,CW,79.56270599365234,0.8530835509300232,0.2685193121433258,24.079545974731445,1.5251330137252808,41.72646713256836
1.2300756000040565,80,CW,79.56257629394531,0.9164924621582031,0.14162443578243256,24.076322555541992,1.4569798707962036,41.72821807861328
1.2400573000049917,80,CW,79.49128723144531,1.106519341468811,0.07926824688911438,24.076322555541992,1.173844575881958,41.7297477722168
1.2503832000074908,80,CW,79.52409362792969,0.8827648162841797,-0.01647733524441719,24.07793426513672,1.3602776527404785,41.73123550415039
1.2603548000042792,80,CW,79.59229278564453,0.8988175988197327,-0.07696533203125,24.076322555541992,1.3088730573654175,41.73329162597656
1.2705036999977892,80,CW,79.62476348876953,0.98245769739151,-0.1472276747226715,24.08599090576172,1.6709299087524414,41.73509979248047
1.2805072000046493,80,CW,79.58601379394531,0.9082632064819336,-0.0467497780919075,24.081157684326172,1.466293215751648,41.737247467041016
1.2901758000080008,80,CW,79.58611297607422,0.9067299365997314,0.16581080853939056,24.076322555541992,1.478598713874817,41.73896026611328
1.30012749999878,80,CW,79.61848449707031,1.0216988325119019,0.05250191688537598,24.07793426513672,1.5568175315856934,41.74177169799805
1.3102248000068357,80,CW,79.6832275390625,0.9956891536712646,-0.08526378124952316,24.07309913635254,1.270535945892334,41.74427032470703
1.320037900004536,80,CW,79.71626281738281,1.0638014078140259,0.060461632907390594,24.074710845947266,1.4039281606674194,41.745967864990234
1.3302458000107436,80,CW,79.71035766601562,0.753915548324585,-0.30616262555122375,24.06987762451172,1.504311442375183,41.747161865234375
1.3403572000097483,80,CW,79.70720672607422,1.0145491361618042,-0.04715145379304886,24.076322555541992,1.1597802639007568,41.748287200927734
1.3504382000101032,80,CW,79.67147827148438,1.2492035627365112,0.18343861401081085,24.06987762451172,1.1919461488723755,41.75117111206055
1.36016440000094,80,CW,79.67147827148438,0.9395560622215271,-0.09558792412281036,24.06987762451172,1.458933711051941,41.75237274169922
1.3701845000032336,80,CW,79.63591766357422,1.0816996097564697,0.13099759817123413,24.092437744140625,1.4156280755996704,41.75458526611328
1.3803252000070643,80,CW,79.63591766357422,0.7626000642776489,-0.01247398555278778,24.0827693939209,1.6660022735595703,41.75667190551758
1.390034399999422,80,CW,79.60035705566406,0.9854884147644043,0.054368555545806885,24.06987762451172,1.4495024681091309,41.757774353027344
1.4003386000113096,80,CW,79.59405517578125,0.9591630697250366,-0.05292358994483948,24.071489334106445,1.4962507486343384,41.75972366333008
1.4103044000075897,80,CW,79.59405517578125,0.9861209392547607,0.13394738733768463,24.079545974731445,1.558024525642395,41.7614860534668
1.420128300000215,80,CW,79.55876159667969,0.9859553575515747,0.046498194336891174,24.074710845947266,1.4626919031143188,41.76325225830078
1.4302240000106394,80,CW,79.59481811523438,1.1038545370101929,-0.0721646323800087,24.074710845947266,1.4756944179534912,41.76477813720703
1.4402469000051497,80,CW,79.5886459350586,0.8770780563354492,-0.14246158301830292,24.074710845947266,1.3418138027191162,41.76597213745117
1.450321600001189,80,CW,79.6182632446289,0.952476978302002,-0.10179970413446426,24.079545974731445,1.4609946012496948,41.76844024658203
1.46015100000659,80,CW,79.6182632446289,1.0669761896133423,0.21652913093566895,24.074710845947266,1.3739405870437622,41.771080017089844
1.4705127000052016,80,CW,79.54691314697266,0.9624565243721008,-0.10618624091148376,24.089214324951172,1.2119221687316895,41.77347183227539
1.4803916000091704,80,CW,79.57955169677734,1.0437986850738525,0.09562403708696365,24.06987762451172,1.744780421257019,41.7747802734375
1.4904390000010608,80,CW,79.61219024658203,0.8825086355209351,-0.10520224273204803,24.076322555541992,1.3458776473999023,41.77630615234375
1.5004129000008106,80,CW,79.61228942871094,0.9792460799217224,-0.07582223415374756,24.076322555541992,1.47526216506958,41.778602600097656
1.5103053000057116,80,CW,79.61228942871094,1.0521117448806763,0.08073767274618149,24.08599090576172,1.3348537683486938,41.78066635131836
1.5201954000076512,80,CW,79.64466094970703,0.8641858696937561,-0.10309533774852753,24.076322555541992,1.4560174942016602,41.78168869018555
1.5300724999979138,80,CW,79.677734375,1.0904064178466797,0.1557551473379135,24.071489334106445,1.599576473236084,41.78340148925781
1.5402074000012362,80,CW,79.71033477783203,1.1321921348571777,0.06720113009214401,24.076322555541992,1.3014686107635498,41.78543472290039
1.5502904000022681,80,CW,79.67162322998047,0.9847604632377625,-0.04158087074756622,24.06987762451172,1.275507926940918,41.7863655090332
1.560290499997791,80,CW,79.6684341430664,1.0077818632125854,-0.06997557729482651,24.0827693939209,1.3976092338562012,41.788265228271484
1.5705576000036672,80,CW,79.6684341430664,0.9586026072502136,0.047267600893974304,24.07793426513672,1.2256803512573242,41.78986358642578
1.5804899000067962,80,CW,79.6684341430664,0.8175778388977051,-0.328215092420578,24.07309913635254,1.6525546312332153,41.791439056396484
1.5941453999985242,80,CW,79.66507720947266,0.9985769391059875,0.10419849306344986,24.07793426513672,1.268100380897522,41.79390335083008
1.6031700000021374,80,CW,79.6229476928711,0.9710104465484619,0.08500521630048752,24.07793426513672,1.1981509923934937,41.795467376708984
1.612368600006448,80,CW,79.58738708496094,0.9150059819221497,-0.13905273377895355,24.07793426513672,1.3459041118621826,41.796295166015625
1.6203487000020687,80,CW,79.61975860595703,1.0193839073181152,-0.0582791306078434,24.079545974731445,1.5307003259658813,41.79811096191406
1.6303426000085892,80,CW,79.64639282226562,0.8226059079170227,-0.1300157904624939,24.06182098388672,1.5597573518753052,41.79978942871094
1.6403854000091087,80,CW,79.71223449707031,0.8533182740211487,-0.0068555474281311035,24.074710845947266,1.6186940670013428,41.80088806152344
1.6500825000111945,80,CW,79.67654418945312,0.9736756086349487,-0.06253877282142639,24.081157684326172,1.7117656469345093,41.80316925048828
1.660521500001778,80,CW,79.67654418945312,1.012359380722046,-0.05336446315050125,24.076322555541992,1.6607630252838135,41.804622650146484
1.6702774000004865,80,CW,79.64098358154297,1.079139232635498,0.08555826544761658,24.081157684326172,1.4649730920791626,41.80630874633789
1.6804867000028025,80,CW,79.64098358154297,0.9615853428840637,-0.2330295890569687,24.068265914916992,1.4256982803344727,41.80921936035156
1.69045150000602,80,CW,79.56959533691406,0.8590213656425476,-0.0066519081592559814,24.089214324951172,1.471280813217163,41.81072998046875
1.700328000006266,80,CW,79.50166320800781,0.8915292024612427,-0.18040455877780914,24.087602615356445,1.4153016805648804,41.81245422363281
1.7100495000049705,80,CW,79.46570587158203,1.1476515531539917,0.1307482272386551,24.071489334106445,1.6449904441833496,41.81500244140625
1.720067200003541,80,CW,79.49807739257812,0.9783014059066772,-0.020056331530213356,24.08599090576172,1.3906372785568237,41.8167839050293
1.7305033000011463,80,CW,79.56623840332031,0.9547118544578552,-0.15044112503528595,24.066654205322266,1.3424887657165527,41.81951904296875
1.740507599999546,80,CW,79.56623840332031,1.0813872814178467,-0.10262097418308258,24.074710845947266,1.5877501964569092,41.82191467285156
1.750048500005505,80,CW,79.63443756103516,0.919532060623169,-0.11651855707168579,24.066654205322266,1.4051191806793213,41.82359313964844
1.7600834000040777,80,CW,79.73540496826172,0.9027338027954102,-0.09255853295326233,24.07793426513672,1.4160593748092651,41.82489013671875
1.7700927000114461,80,CW,79.73265075683594,0.8942350149154663,0.15137234330177307,24.079545974731445,1.3365590572357178,41.826541900634766
1.780061299999943,80,CW,79.76166534423828,0.9350813031196594,0.14031681418418884,24.08599090576172,1.4142802953720093,41.82772445678711
1.7903665000048932,80,CW,79.72610473632812,0.9485347270965576,-0.17373526096343994,24.07793426513672,1.5260324478149414,41.82992172241211
1.8001884999976028,80,CW,79.65419006347656,1.0847481489181519,-0.05995109677314758,24.076322555541992,1.5382580757141113,41.83121109008789
1.8100337000068976,80,CW,79.6544189453125,1.023301362991333,-0.11490249633789062,24.084379196166992,1.7411240339279175,41.834205627441406
1.8207300000067335,80,CW,79.63602447509766,1.01713228225708,-0.04123161360621452,24.076322555541992,1.2527849674224854,41.843101501464844
1.8775508000107948,80,CW,79.59727478027344,0.9388173818588257,-0.01628689095377922,24.081157684326172,1.2453328371047974,41.8447380065918
1.8854151999985334,80,CW,79.5581283569336,1.0546289682388306,0.10863763093948364,24.076322555541992,1.3671050071716309,41.84701919555664
1.89247659999819,80,CW,79.62632751464844,0.8249497413635254,0.13410064578056335,24.09404945373535,1.6299638748168945,41.84889221191406
1.8995146000088425,80,CW,79.62632751464844,0.9855539798736572,0.12660212814807892,24.0827693939209,1.4549726247787476,41.85025405883789
1.9062470000062604,80,CW,79.62632751464844,1.0466645956039429,-0.01720721274614334,24.06987762451172,1.465070366859436,41.851593017578125
1.913279500004137,80,CW,79.62632751464844,1.042598009109497,-0.11258871108293533,24.066654205322266,1.4521794319152832,41.85313034057617
1.921775399998296,80,CW,79.65869903564453,0.9983105659484863,-0.030192092061042786,24.08599090576172,1.4008575677871704,41.854225158691406
1.929502400002093,80,CW,79.6880874633789,1.0495805740356445,0.017653070390224457,24.081157684326172,1.2115893363952637,41.85551834106445
1.936137400000007,80,CW,79.79207611083984,0.9297804832458496,-0.03721631318330765,24.071489334106445,1.1841281652450562,41.856048583984375
1.9434427000087453,80,CW,79.79207611083984,1.0598809719085693,0.33665043115615845,24.081157684326172,1.477881669998169,41.85662841796875
1.9502668000059202,80,CW,79.8575210571289,1.1197088956832886,0.027668669819831848,24.07793426513672,1.0990204811096191,41.856788635253906
1.9571774000069126,80,CW,79.8577880859375,0.8823571801185608,-0.14952075481414795,24.071489334106445,1.3404932022094727,41.85730743408203
1.9647260000056121,80,CW,79.9233627319336,0.9231980443000793,0.007924683392047882,24.063430786132812,1.3401343822479248,41.857818603515625
1.9717722000059439,80,CW,79.95573425292969,0.7667497396469116,-0.16033650934696198,24.076322555541992,1.5289467573165894,41.85780334472656
1.9783335000101943,80,CW,79.95573425292969,0.7804585099220276,-0.012002915143966675,24.079545974731445,1.4220681190490723,41.857723236083984
1.9863546999986283,80,CW,79.95573425292969,1.118211269378662,-0.05105993151664734,24.081157684326172,1.4367526769638062,41.85840606689453
1.994578800004092,80,CW,79.88381958007812,0.9289314150810242,0.06539881229400635,24.07793426513672,1.1234627962112427,41.859127044677734
4.999994416721165e-06,10,CCW,-10.12430191040039,-0.3156163990497589,-0.04141446575522423,24.089214324951172,0.10110221803188324,38.984493255615234
0.01144009998824913,10,CCW,-9.954224586486816,-0.2771497368812561,0.005771998316049576,24.09404945373535,0.10218976438045502,38.98444366455078
0.023847599994041957,10,CCW,-9.814312934875488,-0.3984363079071045,-0.030764561146497726,24.092437744140625,0.10936722904443741,38.98442077636719
0.03722639998886734,10,CCW,-9.896282196044922,-0.42016470432281494,-0.0877438634634018,24.0908260345459,0.0812351256608963,38.984405517578125
0.04809939999540802,10,CCW,-9.996764183044434,-0.36954164505004883,-0.04646879807114601,24.081157684326172,0.05615001916885376,38.98424530029297
0.05991869998979382,10,CCW,-10.104338645935059,-0.28399622440338135,0.0742432251572609,24.081157684326172,0.10739010572433472,38.98406219482422
0.07048399999621324,10,CCW,-10.000442504882812,-0.3426588177680969,0.09453152120113373,24.08599090576172,0.09069857001304626,38.9838981628418
0.08248929999535903,10,CCW,-10.003462791442871,-0.32731297612190247,-0.04859140142798424,24.10210609436035,0.06915345788002014,38.98367691040039
0.09212539999862202,10,CCW,-10.075079917907715,-0.3431403636932373,-0.013148441910743713,24.08599090576172,0.06857115030288696,38.98343276977539
0.10332719999132678,10,CCW,-10.081682205200195,-0.3205466866493225,0.09085381031036377,24.084379196166992,0.10990779846906662,38.98334503173828
0.11436439999670256,10,CCW,-9.915057182312012,-0.4689677655696869,0.011073365807533264,24.089214324951172,0.07240640372037888,38.98331069946289
0.12552770000183955,10,CCW,-9.840198516845703,-0.4444727301597595,0.0015839561820030212,24.087602615356445,0.11031088978052139,38.98346710205078
0.13889329999801703,10,CCW,-9.889528274536133,-0.36371365189552307,-0.045610278844833374,24.10210609436035,0.11003583669662476,38.983375549316406
0.15088180000020657,10,CCW,-10.028987884521484,-0.19133244454860687,-0.070717453956604,24.0827693939209,0.11515859514474869,38.983341217041016
0.16174779999710154,10,CCW,-10.062189102172852,-0.2724071741104126,-0.07078959047794342,24.089214324951172,0.09161661565303802,38.98307418823242
0.17459650000091642,10,CCW,-9.9970064163208,-0.4071919023990631,-0.043152887374162674,24.092437744140625,0.0565066896378994,38.98275375366211
0.1871056999952998,10,CCW,-10.032440185546875,-0.3777371644973755,-0.06497051566839218,24.07793426513672,0.06821146607398987,38.982521057128906
0.19654269999591634,10,CCW,-10.101075172424316,-0.2567283809185028,-0.018440909683704376,24.089214324951172,0.07886059582233429,38.98231887817383
0.20642389998829458,10,CCW,-9.973859786987305,-0.33735620975494385,-0.06734257191419601,24.084379196166992,0.10886022448539734,38.982295989990234
0.21768869999505114,10,CCW,-9.869603157043457,-0.3433820903301239,-0.004696022719144821,24.09404945373535,0.11046333611011505,38.98231887817383
0.22788009999203496,10,CCW,-9.866323471069336,-0.392306923866272,0.10876430571079254,24.089214324951172,0.09339120239019394,38.98229217529297
0.23782049999863375,10,CCW,-9.88008975982666,-0.4640082120895386,0.017941026017069817,24.087602615356445,0.10281679034233093,38.98234558105469
0.24878549999266397,10,CCW,-9.980307579040527,-0.43680429458618164,-0.04857655614614487,24.09404945373535,0.07153251022100449,38.98225784301758
0.2590509000001475,10,CCW,-10.05222225189209,-0.32852470874786377,-0.02631031721830368,24.09404945373535,0.10962151736021042,38.98215866088867
0.27133689999755006,10,CCW,-10.020072937011719,-0.45359763503074646,0.0975123792886734,24.0827693939209,0.09255694597959518,38.98193359375
0.2819573000015225,10,CCW,-10.025849342346191,-0.31848371028900146,-0.028591468930244446,24.087602615356445,0.08783002197742462,38.98170471191406
0.2933086999983061,10,CCW,-10.130273818969727,-0.2820335030555725,0.06870771199464798,24.092437744140625,0.07490294426679611,38.98147964477539
0.3050216999981785,10,CCW,-10.101480484008789,-0.3465765118598938,0.11903662234544754,24.08599090576172,0.09854340553283691,38.98147964477539
0.3162529999972321,10,CCW,-9.902215957641602,-0.3547199070453644,0.10489293932914734,24.09404945373535,0.12215393036603928,38.981483459472656
0.32782510000106413,10,CCW,-9.830507278442383,-0.29584211111068726,0.04198404401540756,24.0908260345459,0.10825798660516739,38.98149108886719
0.3355155999888666,10,CCW,-9.772358894348145,-0.3144511282444,0.14046326279640198,24.092437744140625,0.10264091938734055,38.9815559387207
0.34304389999306295,10,CCW,-9.880230903625488,-0.35916075110435486,0.04982396215200424,24.084379196166992,0.1067984402179718,38.98155975341797
0.34922679999726824,10,CCW,-10.019296646118164,-0.35221830010414124,-0.03822893649339676,24.089214324951172,0.11462639272212982,38.981544494628906
0.3551073999988148,10,CCW,-10.055253982543945,-0.3774454593658447,-0.11240624636411667,24.0827693939209,0.11317431181669235,38.981529235839844
0.36122880000039004,10,CCW,-10.091081619262695,-0.32603463530540466,-0.01780756376683712,24.087602615356445,0.07684194296598434,38.981388092041016
0.3666238000005251,10,CCW,-10.02314281463623,-0.4000591039657593,-0.0066328346729278564,24.087602615356445,0.08707859367132187,38.981319427490234
0.3712939999968512,10,CCW,-10.02314281463623,-0.3787912428379059,0.03344503790140152,24.097270965576172,0.07915781438350677,38.98115921020508
0.3764807999978075,10,CCW,-9.993355751037598,-0.3712928891181946,0.016805969178676605,24.087602615356445,0.08777229487895966,38.98108673095703
0.38245579999056645,10,CCW,-10.028919219970703,-0.277512788772583,-0.012240923941135406,24.084379196166992,0.08129961788654327,38.980918884277344
0.39031709999835584,10,CCW,-10.097516059875488,-0.271976113319397,0.16838179528713226,24.0827693939209,0.08065610378980637,38.98074722290039
0.40032879999489523,10,CCW,-10.072007179260254,-0.3340696692466736,0.11218492686748505,24.08599090576172,0.10512039810419083,38.980525970458984
0.41058529999281745,10,CCW,-9.973714828491211,-0.38007643818855286,0.02207138016819954,24.07793426513672,0.08527490496635437,38.98040771484375
0.42026159999659285,10,CCW,-9.905156135559082,-0.3120213449001312,0.0037669017910957336,24.09404945373535,0.0728190541267395,38.980411529541016
0.43044840000220574,10,CCW,-9.940589904785156,-0.35642102360725403,-0.04201171547174454,24.097270965576172,0.0956386849284172,38.980438232421875
0.440559900001972,10,CCW,-9.918792724609375,-0.3279419243335724,0.1361103057861328,24.09404945373535,0.10853353142738342,38.9803581237793
0.4504080999904545,10,CCW,-9.989655494689941,-0.376228004693985,0.014616448432207108,24.09404945373535,0.07916347682476044,38.980316162109375
0.4601949999923818,10,CCW,-10.028594970703125,-0.2728184163570404,-0.06368105113506317,24.087602615356445,0.10503558814525604,38.980194091796875
0.4707341999892378,10,CCW,-9.960882186889648,-0.31294238567352295,0.020048722624778748,24.087602615356445,0.10987931489944458,38.980125427246094
0.48050759999023285,10,CCW,-10.002486228942871,-0.26197338104248047,0.030855555087327957,24.084379196166992,0.10333888232707977,38.9799919128418
0.49029249999148306,10,CCW,-10.002486228942871,-0.4193054437637329,0.11151158809661865,24.089214324951172,0.05850181728601456,38.97979736328125
0.5002261999907205,10,CCW,-10.009126663208008,-0.3104202449321747,0.04263368993997574,24.095659255981445,0.050070326775312424,38.97978591918945
0.5104934999981197,10,CCW,-9.839049339294434,-0.35771644115448,-0.04966240003705025,24.0988826751709,0.1140483096241951,38.979888916015625
0.5204320999910124,10,CCW,-9.770658493041992,-0.27995923161506653,-0.13502107560634613,24.084379196166992,0.10162093490362167,38.979949951171875
0.5303931999951601,10,CCW,-9.841655731201172,-0.23076939582824707,-0.10630780458450317,24.089214324951172,0.08990497142076492,38.98003387451172
0.5403127999888966,10,CCW,-9.85223388671875,-0.3812662363052368,0.01499148178845644,24.0908260345459,0.08190188556909561,38.980125427246094
0.5505317999923136,10,CCW,-9.956168174743652,-0.2677823007106781,0.0858098715543747,24.089214324951172,0.10207735002040863,38.980072021484375
0.5602250999945682,10,CCW,-10.063742637634277,-0.3777068555355072,-0.05787915363907814,24.097270965576172,0.09246471524238586,38.980045318603516
0.5703170999913709,10,CCW,-9.963428497314453,-0.31685981154441833,0.01279129832983017,24.089214324951172,0.08038050681352615,38.9798583984375
0.5803215999912936,10,CCW,-9.909966468811035,-0.3526099920272827,-0.0012581143528223038,24.07793426513672,0.08963076025247574,38.97921371459961
0.6301691999979084,10,CCW,-9.9485502243042,-0.3242921233177185,-0.08255991339683533,24.09404945373535,0.09703925251960754,38.9791259765625
0.6364234999928158,10,CCW,-9.887213706970215,-0.25327441096305847,0.14638198912143707,24.084379196166992,0.08831851929426193,38.979129791259766
0.6415835999941919,10,CCW,-9.959128379821777,-0.31934359669685364,-0.07274988293647766,24.087602615356445,0.07717452943325043,38.979095458984375
0.6470565999916289,10,CCW,-9.958600044250488,-0.2708691358566284,-0.15129758417606354,24.081157684326172,0.11019725352525711,38.97906494140625
0.6528059999982361,10,CCW,-10.026764869689941,-0.306805819272995,0.17171774804592133,24.0827693939209,0.10149531066417694,38.9789924621582
0.6597505999961868,10,CCW,-10.062722206115723,-0.3181193172931671,-0.031246421858668327,24.089214324951172,0.06865046173334122,38.978946685791016
0.6660637999884784,10,CCW,-9.994783401489258,-0.35753676295280457,-0.0653083324432373,24.087602615356445,0.09231331944465637,38.97887420654297
0.6716721999982838,10,CCW,-9.958826065063477,-0.3006472885608673,0.019765779376029968,24.0908260345459,0.0935920923948288,38.978763580322266
0.6790039999905275,10,CCW,-9.997673988342285,-0.33815422654151917,0.09032512456178665,24.092437744140625,0.08740930259227753,38.97858428955078
0.6859855999937281,10,CCW,-10.000862121582031,-0.35618850588798523,0.14853881299495697,24.09404945373535,0.08372034877538681,38.97842025756836
0.6922783999907551,10,CCW,-10.069626808166504,-0.24515759944915771,0.04000861942768097,24.07309913635254,0.10197119414806366,38.97832107543945
0.7005349999963073,10,CCW,-10.043891906738281,-0.3421418368816376,-0.03299374878406525,24.089214324951172,0.07185976207256317,38.97823715209961
0.7100333999987924,10,CCW,-9.978368759155273,-0.30912530422210693,0.04877631738781929,24.089214324951172,0.09559959173202515,38.978172302246094
0.7200491999974474,10,CCW,-9.913392066955566,-0.4447493553161621,0.02703726664185524,24.089214324951172,0.08736413717269897,38.97819519042969
0.7406718999991426,10,CCW,-9.887619018554688,-0.34974613785743713,0.05780978128314018,24.084379196166992,0.11875353753566742,38.97823715209961
0.7455760000011651,10,CCW,-9.851791381835938,-0.37459486722946167,-0.00568796694278717,24.084379196166992,0.09895393997430801,38.978206634521484
0.7529578999965452,10,CCW,-9.994271278381348,-0.331332802772522,0.14460428059101105,24.097270965576172,0.1010790765285492,38.978172302246094
0.7615086000005249,10,CCW,-10.030228614807129,-0.34108397364616394,-0.020383669063448906,24.0908260345459,0.08859959244728088,38.97810745239258
0.7705089999944903,10,CCW,-9.8943510055542,-0.23243838548660278,-0.00279926136136055,24.08599090576172,0.09902746230363846,38.97803497314453
0.7805517999950098,10,CCW,-9.932934761047363,-0.27353042364120483,-0.02998366951942444,24.089214324951172,0.09451664984226227,38.97802734375
0.7912110999895958,10,CCW,-9.969156265258789,-0.42442983388900757,0.1301169991493225,24.092437744140625,0.07332517206668854,38.97789001464844
0.8003221999970265,10,CCW,-10.011624336242676,-0.38368451595306396,-0.06767882406711578,24.0827693939209,0.09368836134672165,38.97785186767578
0.8103658999898471,10,CCW,-9.984949111938477,-0.30842363834381104,-0.045726340264081955,24.0908260345459,0.10633081197738647,38.97783660888672
0.8207872999919346,10,CCW,-9.916520118713379,-0.262783020734787,-0.06234700232744217,24.0908260345459,0.09199027717113495,38.977725982666016
0.830135700001847,10,CCW,-9.916390419006348,-0.31159916520118713,-0.019936613738536835,24.097270965576172,0.079753577709198,38.97772216796875
0.8400410999893211,10,CCW,-9.998489379882812,-0.38772526383399963,0.05554334819316864,24.08599090576172,0.1137264221906662,38.977821350097656
0.850262499996461,10,CCW,-10.066164016723633,-0.3340427875518799,-0.012114673852920532,24.076322555541992,0.09903819859027863,38.97770309448242
0.8605263999925228,10,CCW,-10.105141639709473,-0.3003835678100586,-0.0764169692993164,24.089214324951172,0.08548741787672043,38.977561950683594
0.870516700000735,10,CCW,-9.965849876403809,-0.29785582423210144,0.026535723358392715,24.07793426513672,0.09547580033540726,38.97744369506836
0.8801396999915596,10,CCW,-9.968740463256836,-0.2677024006843567,0.10058744251728058,24.0908260345459,0.09422744810581207,38.97727584838867
0.8902158999990206,10,CCW,-10.004303932189941,-0.42299166321754456,0.1524045318365097,24.081157684326172,0.08252480626106262,38.977142333984375
0.9013869999907911,10,CCW,-10.076127052307129,-0.2818625271320343,0.12956327199935913,24.100494384765625,0.09727193415164948,38.9769287109375
0.9109891999978572,10,CCW,-10.01362419128418,-0.2964576482772827,0.12955549359321594,24.0908260345459,0.08146759867668152,38.97683334350586
0.9217321999894921,10,CCW,-9.948647499084473,-0.2764175236225128,-0.13228373229503632,24.08599090576172,0.10437715798616409,38.976871490478516
0.931751299998723,10,CCW,-9.951273918151855,-0.2354830801486969,-0.03722678869962692,24.087602615356445,0.10217423737049103,38.97685623168945
0.9419220999989193,10,CCW,-9.92606258392334,-0.27733299136161804,-0.018438616767525673,24.084379196166992,0.09927693754434586,38.97678756713867
0.9513395999965724,10,CCW,-9.961097717285156,-0.3430553376674652,0.06830734759569168,24.081157684326172,0.0829644575715065,38.97666931152344
0.9633806999918306,10,CCW,-10.03586483001709,-0.32163071632385254,-0.044731345027685165,24.08599090576172,0.11470609903335571,38.97651290893555
0.9801459000009345,10,CCW,-9.899425506591797,-0.35045552253723145,0.0025024116039276123,24.0827693939209,0.10407817363739014,38.976497650146484
0.9901817999925697,10,CCW,-9.970778465270996,-0.29989632964134216,0.09731923788785934,24.089214324951172,0.11012795567512512,38.97649002075195
1.0007225000008475,10,CCW,-10.010226249694824,-0.40882521867752075,-0.018227864056825638,24.089214324951172,0.07928358018398285,38.976322174072266
1.010742599988589,10,CCW,-9.980530738830566,-0.3629571199417114,-0.03786592185497284,24.08599090576172,0.08123566210269928,38.97637176513672
1.0202556000003824,10,CCW,-9.947929382324219,-0.29758116602897644,-0.020236849784851074,24.08599090576172,0.09584283083677292,38.976314544677734
1.0302618999994593,10,CCW,-9.914992332458496,-0.3476008176803589,-0.002570725977420807,24.097270965576172,0.10123118758201599,38.97617721557617
1.0389264999976149,10,CCW,-9.96113395690918,-0.3170304298400879,-0.08421068638563156,24.0908260345459,0.08648746460676193,38.97625732421875
1.049113799992483,10,CCW,-10.031996726989746,-0.3299821615219116,0.025254108011722565,24.068265914916992,0.09392253309488297,38.97615432739258
1.0580718999990495,10,CCW,-10.103311538696289,-0.39615529775619507,0.060841284692287445,24.0908260345459,0.0865265354514122,38.97602462768555
1.0652866000018548,10,CCW,-10.032184600830078,-0.2578330934047699,-0.054380059242248535,24.07309913635254,0.1008179560303688,38.975921630859375
1.0738692000013543,10,CCW,-9.963851928710938,-0.3960375189781189,0.013652905821800232,24.09404945373535,0.11127713322639465,38.975860595703125
1.0906333999882918,10,CCW,-9.973210334777832,-0.3537799119949341,-0.04064836725592613,24.074710845947266,0.12097304314374924,38.975738525390625
1.1052496999909636,10,CCW,-9.983264923095703,-0.2686033546924591,-0.11163004487752914,24.07309913635254,0.11425662785768509,38.97579574584961
1.1135051999881398,10,CCW,-9.917779922485352,-0.36356765031814575,0.11359423398971558,24.0908260345459,0.10336525738239288,38.97584915161133
1.1203061999985948,10,CCW,-9.84938907623291,-0.38152021169662476,0.10821636021137238,24.076322555541992,0.09145487844944,38.97588348388672
1.1257005999941612,10,CCW,-9.84623908996582,-0.3897390067577362,0.09463905543088913,24.097270965576172,0.08730807900428772,38.975929260253906
1.1338604999909876,10,CCW,-9.820504188537598,-0.31288719177246094,0.02970750629901886,24.0827693939209,0.10526351630687714,38.976070404052734
1.1421120000013616,10,CCW,-9.895833015441895,-0.40173202753067017,0.11070670187473297,24.08599090576172,0.09103748202323914,38.97605514526367
1.150115199998254,10,CCW,-10.002523422241211,-0.30125296115875244,-0.074657142162323,24.084379196166992,0.09468383342027664,38.97599411010742
1.1601193999958923,10,CCW,-10.03804874420166,-0.37477004528045654,-0.06342699378728867,24.089214324951172,0.10603883862495422,38.97589111328125
1.170223499997519,10,CCW,-9.970148086547852,-0.30456578731536865,0.11992204934358597,24.09404945373535,0.10043711960315704,38.975730895996094
1.1801521999877878,10,CCW,-9.904403686523438,-0.35993093252182007,0.08727800846099854,24.087602615356445,0.0804067850112915,38.97572708129883
1.1901611999928718,10,CCW,-9.975924491882324,-0.3506346344947815,-0.08408799022436142,24.08599090576172,0.08232828229665756,38.975704193115234
1.2003717999905348,10,CCW,-10.015372276306152,-0.4012162387371063,0.05015997961163521,24.105329513549805,0.07784391194581985,38.97561264038086
1.2104902999999467,10,CCW,-10.021504402160645,-0.2875661849975586,0.018551932647824287,24.09404945373535,0.08844561874866486,38.97569274902344
1.2224036999978125,10,CCW,-9.95303726196289,-0.3407502770423889,-0.03360754996538162,24.0908260345459,0.08820538222789764,38.97561264038086
1.2319265999976778,10,CCW,-10.021278381347656,-0.2779266834259033,-0.06578008085489273,24.087602615356445,0.09027747064828873,38.97550964355469
1.240169099997729,10,CCW,-10.031856536865234,-0.3250749409198761,-0.07733353972434998,24.089214324951172,0.11235219240188599,38.975486755371094
1.2502530999918235,10,CCW,-10.066723823547363,-0.3628509044647217,-0.0559755340218544,24.0908260345459,0.09360905736684799,38.97537612915039
1.2606090999906883,10,CCW,-10.069873809814453,-0.33551451563835144,-0.046595849096775055,24.084379196166992,0.08758465945720673,38.97531509399414
1.2700419999891892,10,CCW,-9.966371536254883,-0.3105586767196655,0.15290597081184387,24.100494384765625,0.10736522078514099,38.9752082824707
1.2800482000020565,10,CCW,-9.93343448638916,-0.3712520897388458,0.05145030468702316,24.095659255981445,0.06907415390014648,38.97507858276367
1.290391999995336,10,CCW,-9.933040618896484,-0.3368571698665619,-0.05362365022301674,24.081157684326172,0.11891995370388031,38.97504425048828
1.300324499999988,10,CCW,-10.004863739013672,-0.3572595715522766,-0.03238338604569435,24.092437744140625,0.09248973429203033,38.97499465942383
1.3103513999958523,10,CCW,-10.011427879333496,-0.2619158923625946,0.031213494017720222,24.092437744140625,0.09333144128322601,38.97494125366211
1.3202363000018522,10,CCW,-9.942960739135742,-0.335487425327301,0.10793253779411316,24.092437744140625,0.05575818568468094,38.974853515625
1.3300779999990482,10,CCW,-9.942831039428711,-0.28755274415016174,0.0741395428776741,24.0988826751709,0.10491733253002167,38.97482681274414
1.3400657000020146,10,CCW,-9.99216079711914,-0.37923577427864075,-0.16979700326919556,24.081157684326172,0.09351879358291626,38.97487258911133
1.3504978999990271,10,CCW,-10.059835433959961,-0.3245532810688019,-0.16290584206581116,24.089214324951172,0.08884229511022568,38.97473907470703
1.3604312999959802,10,CCW,-10.095624923706055,-0.2511017620563507,-0.004107564687728882,24.095659255981445,0.1051684021949768,38.974609375
1.3700720999913756,10,CCW,-9.992122650146484,-0.3674260973930359,0.13459981977939606,24.08599090576172,0.08430516719818115,38.9744873046875
1.3802085999923293,10,CCW,-9.92637825012207,-0.3163398206233978,0.07643456757068634,24.087602615356445,0.08580383658409119,38.97444152832031
1.390236899998854,10,CCW,-9.965523719787598,-0.37928834557533264,-0.021987877786159515,24.089214324951172,0.08742253482341766,38.974430084228516
1.4002409999957308,10,CCW,-10.001351356506348,-0.37577271461486816,-0.060525767505168915,24.08599090576172,0.09447404742240906,38.974449157714844
1.410474799995427,10,CCW,-9.942732810974121,-0.3468970060348511,0.02080366387963295,24.089214324951172,0.09097655117511749,38.97444534301758
1.4202052999899024,10,CCW,-9.906641006469727,-0.3314684331417084,0.06161092221736908,24.08599090576172,0.07455284893512726,38.97441482543945
1.4302966999966884,10,CCW,-9.906511306762695,-0.2956603169441223,0.005285618826746941,24.089214324951172,0.07299827039241791,38.9744873046875
1.44043979998969,10,CCW,-9.988216400146484,-0.32422366738319397,-0.07950738817453384,24.0827693939209,0.08908852934837341,38.974510192871094
1.4501578999916092,10,CCW,-10.056323051452637,-0.24398073554039001,-0.10503064841032028,24.092437744140625,0.08234177529811859,38.974334716796875
1.4604621999897063,10,CCW,-10.12763786315918,-0.2850642800331116,0.014967381954193115,24.092437744140625,0.10312109440565109,38.974205017089844
1.470194099994842,10,CCW,-10.059699058532715,-0.3702827990055084,0.058851197361946106,24.0908260345459,0.09140177816152573,38.97397994995117
1.480195799987996,10,CCW,-9.96114730834961,-0.40162307024002075,0.023989880457520485,24.07793426513672,0.07425498962402344,38.973976135253906
1.4901973999949405,10,CCW,-9.996710777282715,-0.3491956889629364,-0.06628207862377167,24.08599090576172,0.09077293425798416,38.97389602661133
1.5004154999915045,10,CCW,-10.06810188293457,-0.35333359241485596,-0.031879063695669174,24.08599090576172,0.10818185657262802,38.97374725341797
1.510073299999931,10,CCW,-9.976675987243652,-0.2942623794078827,0.0009586806409060955,24.08599090576172,0.10542650520801544,38.97377014160156
1.5201910999894608,10,CCW,-9.875871658325195,-0.3868004381656647,0.15563009679317474,24.0908260345459,0.11223883926868439,38.97372055053711
1.5303779999958351,10,CCW,-9.908549308776855,-0.3667711019515991,0.13220936059951782,24.100494384765625,0.11633102595806122,38.973777770996094
1.5403704999916954,10,CCW,-9.957879066467285,-0.3805653154850006,-0.0389477014541626,24.0908260345459,0.08944583684206009,38.973873138427734
1.5504289999953471,10,CCW,-10.025721549987793,-0.2741151452064514,-0.011151999235153198,24.09404945373535,0.08258960396051407,38.97376251220703
1.5604611999879126,10,CCW,-10.097468376159668,-0.2745528519153595,-0.04923895373940468,24.08599090576172,0.09028811752796173,38.973636627197266
1.5704130999947665,10,CCW,-10.029529571533203,-0.2988675832748413,-0.02885500341653824,24.10210609436035,0.08798644691705704,38.973506927490234
1.6200116999971215,10,CCW,-9.908166885375977,-0.38845956325531006,-0.0056985653936862946,24.0908260345459,0.07086382061243057,38.973289489746094
1.6277639999898383,10,CCW,-9.833270072937012,-0.321069598197937,0.021024048328399658,24.097270965576172,0.09847339987754822,38.97340774536133
1.632662399992114,10,CCW,-9.940224647521973,-0.2410479336977005,-0.04959852993488312,24.089214324951172,0.08537102490663528,38.97336959838867
1.6382348999904934,10,CCW,-9.878888130187988,-0.3053712844848633,-0.04491835832595825,24.084379196166992,0.08264505863189697,38.97335433959961
1.6523039000021527,10,CCW,-10.018213272094727,-0.3671182096004486,-0.054957788437604904,24.09404945373535,0.08796850591897964,38.97325134277344
1.661517399988952,10,CCW,-10.05715274810791,-0.2985500693321228,-0.03438503295183182,24.092437744140625,0.1036837249994278,38.973323822021484
1.667990199988708,10,CCW,-9.95365047454834,-0.3834172487258911,-0.009507749229669571,24.09404945373535,0.10701147466897964,38.97325134277344
1.6758537999994587,10,CCW,-9.989439964294434,-0.3660248816013336,0.03553972393274307,24.11016273498535,0.07408777624368668,38.9731559753418
1.6834958999970695,10,CCW,-10.031044006347656,-0.3036884665489197,-0.03888431936502457,24.089214324951172,0.07423894852399826,38.97306442260742
1.6927214999886928,10,CCW,-10.06743335723877,-0.42894846200942993,0.18997947871685028,24.092437744140625,0.07584995031356812,38.9730110168457
1.7007808999915142,10,CCW,-10.10326099395752,-0.33689942955970764,-0.028650425374507904,24.092437744140625,0.11985842138528824,38.97290802001953
1.7100926999992225,10,CCW,-10.011835098266602,-0.20690444111824036,0.023708786815404892,24.095659255981445,0.09962116181850433,38.972923278808594
1.7223546999885002,10,CCW,-9.907578468322754,-0.35940292477607727,-0.057415325194597244,24.081157684326172,0.1223827674984932,38.972965240478516
1.7349953999946592,10,CCW,-9.84588623046875,-0.3771706819534302,0.0972558930516243,24.1069393157959,0.10187536478042603,38.972984313964844
1.751464799992391,10,CCW,-10.056828498840332,-0.41018882393836975,-0.001193697564303875,24.09404945373535,0.07057946175336838,38.97275924682617
1.7616273000021465,10,CCW,-10.095767974853516,-0.35583510994911194,-0.07378232479095459,24.0908260345459,0.08944892138242722,38.972591400146484
1.7724841999879573,10,CCW,-10.0636568069458,-0.25670701265335083,-0.035874634981155396,24.07793426513672,0.09535343199968338,38.972347259521484
1.7966917000012472,10,CCW,-10.036760330200195,-0.3992229402065277,-0.03976951539516449,24.0908260345459,0.0861692801117897,38.97224044799805
1.8069585999910487,10,CCW,-10.00779914855957,-0.36021125316619873,-0.006461132317781448,24.0827693939209,0.09398171305656433,38.972259521484375
1.812145199990482,10,CCW,-9.909377098083496,-0.3560165464878082,-0.002517484128475189,24.087602615356445,0.09842012077569962,38.97228240966797
1.8232277999923099,10,CCW,-9.840909957885742,-0.3553422689437866,-0.07097001373767853,24.084379196166992,0.0882643535733223,38.97242736816406
1.8347414000018034,10,CCW,-9.908757209777832,-0.3566240668296814,-0.008209578692913055,24.09404945373535,0.12073609232902527,38.97249984741211
1.8441160999936983,10,CCW,-9.88696002960205,-0.3480456471443176,0.05722581967711449,24.089214324951172,0.11264477670192719,38.97258758544922
1.8549629999906756,10,CCW,-9.990424156188965,-0.3037552833557129,-0.0423201322555542,24.0908260345459,0.11043675988912582,38.972537994384766
1.8651596999989124,10,CCW,-10.062209129333496,-0.3276888132095337,-0.0012432001531124115,24.095659255981445,0.08451744168996811,38.97240447998047
1.878613900000346,10,CCW,-9.997252464294434,-0.3332188129425049,0.023080557584762573,24.0988826751709,0.0875154584646225,38.972103118896484
1.8931037000002107,10,CCW,-10.140692710876465,-0.2649548351764679,0.1266479641199112,24.092437744140625,0.06926581263542175,38.9719352722168
1.9034754000022076,10,CCW,-10.111769676208496,-0.2602083086967468,0.14574381709098816,24.0908260345459,0.08812197297811508,38.971824645996094
1.9148597000021255,10,CCW,-9.944842338562012,-0.37278348207473755,0.042036183178424835,24.076322555541992,0.08618421107530594,38.971824645996094
1.9234216999902856,10,CCW,-9.840888023376465,-0.3404819965362549,-0.033803101629018784,24.092437744140625,0.11069533973932266,38.97195816040039
1.9307015999947907,10,CCW,-9.837608337402344,-0.385334849357605,0.015292719006538391,24.0827693939209,0.0892801582813263,38.9720344543457
1.9392680999881122,10,CCW,-9.815023422241211,-0.367194265127182,0.1505589634180069,24.0908260345459,0.10151578485965729,38.97199630737305
1.946176799989189,10,CCW,-9.886938095092773,-0.3493223488330841,0.0432627871632576,24.095659255981445,0.09769201278686523,38.97212219238281
1.9536083999992115,10,CCW,-9.95434856414795,-0.3973943293094635,0.007566303014755249,24.084379196166992,0.08393517136573792,38.97199249267578
1.9616187999927206,10,CCW,-10.026095390319824,-0.3176286220550537,-0.08322490751743317,24.092437744140625,0.11805354803800583,38.9720458984375
1.968702400001348,10,CCW,-9.990531921386719,-0.37414970993995667,-0.07225023955106735,24.0908260345459,0.08002914488315582,38.97194290161133
1.9793859999917913,10,CCW,-9.95755672454834,-0.3200579881668091,-0.040356285870075226,24.081157684326172,0.09913215786218643,38.971885681152344
1.9852538999984972,10,CCW,-10.032400131225586,-0.28601136803627014,-0.07511565089225769,24.089214324951172,0.10761117935180664,38.97173309326172
1.9963005999888992,10,CCW,-10.139974594116211,-0.3702992796897888,0.03306741639971733,24.09404945373535,0.05545097589492798,38.971500396728516
2.0049791999917943,10,CCW,-10.114201545715332,-0.3803510367870331,0.11011729389429092,24.07309913635254,0.10983282327651978,38.97135543823242
2.0128928999911295,10,CCW,-9.980081558227539,-0.3717275857925415,-0.04983239248394966,24.074710845947266,0.10145634412765503,38.97135925292969
2.0206617999938317,10,CCW,-9.94770622253418,-0.3226027190685272,-0.041453443467617035,24.089214324951172,0.0869133323431015,38.9714241027832
4.7000066842883825e-06,20,CCW,-19.802446365356445,-0.4347848892211914,-0.03355631232261658,24.092437744140625,0.22464506328105927,39.21967697143555
0.012015800006338395,20,CCW,-19.769807815551758,-0.42098626494407654,0.08540009707212448,24.087602615356445,0.1494121104478836,39.22034454345703
0.02632370000355877,20,CCW,-19.809349060058594,-0.42857614159584045,0.011703573167324066,24.087602615356445,0.2066846340894699,39.220943450927734
0.03626300000178162,20,CCW,-19.78021812438965,-0.47205668687820435,0.04484900087118149,24.092437744140625,0.23117558658123016,39.22126770019531
0.04489439999451861,20,CCW,-19.816478729248047,-0.4292280972003937,-0.011089853942394257,24.08599090576172,0.16814862191677094,39.221744537353516
0.0641540999931749,20,CCW,-19.75771141052246,-0.5063143968582153,-0.1140093058347702,24.081157684326172,0.17283610999584198,39.222618103027344
0.07448890000523534,20,CCW,-19.83234405517578,-0.4719952642917633,-0.054204583168029785,24.0908260345459,0.20166835188865662,39.22299575805664
0.0879955999989761,20,CCW,-19.79677963256836,-0.46353745460510254,0.004443898797035217,24.06987762451172,0.2531091868877411,39.22357177734375
0.09927609999431297,20,CCW,-19.799968719482422,-0.38045206665992737,-0.008213385939598083,24.087602615356445,0.17256684601306915,39.22400665283203
0.11069929999939632,20,CCW,-19.802724838256836,-0.4322548806667328,-0.028875958174467087,24.100494384765625,0.22379463911056519,39.22461700439453
0.12166370000340976,20,CCW,-19.77366828918457,-0.39490294456481934,-0.08274023979902267,24.074710845947266,0.21539974212646484,39.225074768066406
0.13307369999529328,20,CCW,-19.842491149902344,-0.4284188151359558,0.11438590288162231,24.08599090576172,0.2263205349445343,39.22544479370117
0.14380900000105612,20,CCW,-19.813264846801758,-0.46587422490119934,0.12612415850162506,24.09404945373535,0.2058204710483551,39.2259635925293
0.1541975000000093,20,CCW,-19.855392456054688,-0.40057313442230225,0.04164637625217438,24.084379196166992,0.19797101616859436,39.22633743286133
0.16360210000129882,20,CCW,-19.82262420654297,-0.41999009251594543,-0.022968634963035583,24.089214324951172,0.21220149099826813,39.22676467895508
0.17330769999534823,20,CCW,-19.82581329345703,-0.4752265214920044,-0.0751914456486702,24.08599090576172,0.20597195625305176,39.2271614074707
0.18325699999695644,20,CCW,-19.86164093017578,-0.4161834418773651,0.1370479166507721,24.0908260345459,0.1707008332014084,39.227439880371094
0.1924896999989869,20,CCW,-19.832117080688477,-0.44619089365005493,0.09790104627609253,24.0827693939209,0.19262593984603882,39.22770690917969
0.2025904000038281,20,CCW,-19.835569381713867,-0.43212890625,0.013331364840269089,24.092437744140625,0.20896708965301514,39.22809982299805
0.21327890000247862,20,CCW,-19.870908737182617,-0.39430686831474304,-0.008889582008123398,24.074710845947266,0.1964154690504074,39.22847366333008
0.2234838000003947,20,CCW,-19.83827018737793,-0.41769298911094666,-0.021980509161949158,24.09404945373535,0.20434993505477905,39.228851318359375
0.23336110000673216,20,CCW,-19.8384952545166,-0.3629792630672455,0.0652075931429863,24.0827693939209,0.18509231507778168,39.22915267944336
0.24292590000550263,20,CCW,-19.83875846862793,-0.4061151444911957,0.004185203462839127,24.09404945373535,0.19732920825481415,39.22932052612305
0.25224770000204444,20,CCW,-19.877904891967773,-0.4702414274215698,0.02922341600060463,24.084379196166992,0.1976844221353531,39.229766845703125
0.2608187000005273,20,CCW,-19.773311614990234,-0.47400933504104614,0.00900566577911377,24.07309913635254,0.20621977746486664,39.23012924194336
0.2731766999932006,20,CCW,-19.81564712524414,-0.43140920996665955,0.027945876121520996,24.089214324951172,0.22991910576820374,39.23061752319336
0.28363449999596924,20,CCW,-19.887393951416016,-0.4110313355922699,-0.10950917750597,24.0827693939209,0.2126726508140564,39.230865478515625
0.29422450000129174,20,CCW,-19.819061279296875,-0.40059003233909607,-0.00296793133020401,24.081157684326172,0.2111964225769043,39.231327056884766
0.30452960000548046,20,CCW,-19.82566261291504,-0.45649784803390503,-0.05587287247180939,24.07793426513672,0.19645698368549347,39.23173522949219
0.31427430000621825,20,CCW,-19.864416122436523,-0.4866766035556793,0.021334409713745117,24.081157684326172,0.18081188201904297,39.23202896118164
0.32310860000143293,20,CCW,-19.867734909057617,-0.39538082480430603,-0.0029246266931295395,24.08599090576172,0.1918507218360901,39.232234954833984
0.3313531000021612,20,CCW,-19.87088394165039,-0.37879884243011475,-0.13966593146324158,24.097270965576172,0.19738507270812988,39.23252868652344
0.33883540000533685,20,CCW,-19.83794593811035,-0.45443254709243774,0.008509606122970581,24.087602615356445,0.20024198293685913,39.23270797729492
0.3443831000040518,20,CCW,-19.77000617980957,-0.46765071153640747,0.0053675174713134766,24.087602615356445,0.22471755743026733,39.232906341552734
0.3496841000014683,20,CCW,-19.73763084411621,-0.5148128867149353,0.07043374329805374,24.068265914916992,0.20187629759311676,39.23323440551758
0.35488680000707973,20,CCW,-19.740779876708984,-0.4114207327365875,0.008761313743889332,24.087602615356445,0.1926967203617096,39.233455657958984
0.36024779999570455,20,CCW,-19.776344299316406,-0.4680101275444031,-0.030351009219884872,24.105329513549805,0.1880466490983963,39.233768463134766
0.37033799999335315,20,CCW,-19.74672508239746,-0.43504220247268677,0.018669549375772476,24.076322555541992,0.18499691784381866,39.2342643737793
0.3803864999936195,20,CCW,-19.782419204711914,-0.45581960678100586,-0.03326430171728134,24.087602615356445,0.1944126933813095,39.23472213745117
0.39016900000569876,20,CCW,-19.785045623779297,-0.4268540143966675,0.07030931115150452,24.089214324951172,0.18591751158237457,39.23513412475586
0.40005320000636857,20,CCW,-19.82406234741211,-0.3462604880332947,-0.02204541489481926,24.0908260345459,0.2268143892288208,39.235530853271484
0.4105675000027986,20,CCW,-19.830400466918945,-0.5264705419540405,-0.01386181265115738,24.08599090576172,0.181182861328125,39.23606491088867
0.42009329999564216,20,CCW,-19.908788681030273,-0.4219803214073181,-0.015213154256343842,24.0908260345459,0.21443279087543488,39.236270904541016
0.4302851999964332,20,CCW,-19.944482803344727,-0.43981918692588806,-0.031540099531412125,24.081157684326172,0.16252905130386353,39.23653030395508
0.4417165000049863,20,CCW,-19.820926666259766,-0.3929422199726105,-0.0016529709100723267,24.095659255981445,0.1768682450056076,39.23817443847656
0.49247460000333376,20,CCW,-19.719785690307617,-0.4618816673755646,0.191391721367836,24.087602615356445,0.22354717552661896,39.23841857910156
0.4992631000059191,20,CCW,-19.788421630859375,-0.4099556803703308,0.03012605756521225,24.081157684326172,0.18507567048072815,39.23881530761719
0.5060615999973379,20,CCW,-19.794984817504883,-0.45389971137046814,0.03070216067135334,24.10210609436035,0.24340611696243286,39.23912811279297
0.5120942999928957,20,CCW,-19.762216567993164,-0.4596652090549469,0.02859129011631012,24.089214324951172,0.21564044058322906,39.2393913269043
0.5173108000017237,20,CCW,-19.697465896606445,-0.43686962127685547,-0.029840588569641113,24.0908260345459,0.192795991897583,39.239654541015625
0.5230252000037581,20,CCW,-19.697595596313477,-0.46186673641204834,-0.05383842810988426,24.0988826751709,0.19428132474422455,39.239925384521484
0.5288704999984475,20,CCW,-19.804906845092773,-0.4982980787754059,-0.03678043186664581,24.08599090576172,0.20948241651058197,39.240230560302734
0.535398099993472,20,CCW,-19.873767852783203,-0.4036076068878174,0.00577598437666893,24.092437744140625,0.19301556050777435,39.24040603637695
0.54301249999844,20,CCW,-19.877220153808594,-0.4331023395061493,0.1372644603252411,24.095659255981445,0.1815376877784729,39.24060821533203
0.5499164999928325,20,CCW,-19.910066604614258,-0.40086284279823303,0.03213435038924217,24.092437744140625,0.22906093299388885,39.240909576416016
0.5567006000055699,20,CCW,-19.87782096862793,-0.41940924525260925,-0.05469292402267456,24.07793426513672,0.22273819148540497,39.24113464355469
0.5642363999941153,20,CCW,-19.910236358642578,-0.4364300072193146,-0.05674101412296295,24.08599090576172,0.2145276814699173,39.24132537841797
0.5724403000058373,20,CCW,-19.84177017211914,-0.5593966841697693,-0.035248052328825,24.084379196166992,0.19413109123706818,39.24158477783203
0.5819454000011319,20,CCW,-19.880483627319336,-0.4430810213088989,-0.08376248180866241,24.09404945373535,0.22442108392715454,39.24184799194336
0.5904523000062909,20,CCW,-19.77890968322754,-0.39230576157569885,0.038253773003816605,24.08599090576172,0.20597422122955322,39.2421989440918
0.6004718000040157,20,CCW,-19.746179580688477,-0.4417572617530823,-0.0172971710562706,24.079545974731445,0.20911850035190582,39.24264907836914
0.6101463999948464,20,CCW,-19.749723434448242,-0.4139898121356964,-0.05565200746059418,24.0908260345459,0.21134549379348755,39.243247985839844
0.6214790999947581,20,CCW,-19.756364822387695,-0.4661893844604492,0.013554805889725685,24.103717803955078,0.19201403856277466,39.24368667602539
0.6302527999941958,20,CCW,-19.827848434448242,-0.36771532893180847,-0.0022324491292238235,24.08599090576172,0.21292966604232788,39.24396896362305
0.640183600000455,20,CCW,-19.899503707885742,-0.47505077719688416,0.08651119470596313,24.07793426513672,0.20533162355422974,39.24415588378906
0.6504969999950845,20,CCW,-19.90273094177246,-0.3213074803352356,-0.07795730978250504,24.084379196166992,0.19725444912910461,39.24449157714844
0.6600835999997798,20,CCW,-19.876693725585938,-0.46624112129211426,0.036613043397665024,24.06182098388672,0.26066988706588745,39.244903564453125
0.6704237999947509,20,CCW,-19.844093322753906,-0.35429462790489197,-0.13298065960407257,24.071489334106445,0.1688944548368454,39.245121002197266
0.6801311000017449,20,CCW,-19.91574478149414,-0.4179174602031708,-0.05420579016208649,24.0827693939209,0.21025623381137848,39.24538803100586
0.6901798000035342,20,CCW,-19.84714698791504,-0.4896196722984314,-0.024803439155220985,24.08599090576172,0.21286945044994354,39.24569320678711
0.7001096000021789,20,CCW,-19.778982162475586,-0.460302472114563,-0.02416965365409851,24.095659255981445,0.21748927235603333,39.24595642089844
0.7101952999946661,20,CCW,-19.81769561767578,-0.525458574295044,-0.050345566123723984,24.089214324951172,0.20324453711509705,39.24650955200195
0.7202689999976428,20,CCW,-19.78854751586914,-0.37721553444862366,0.09464879333972931,24.08599090576172,0.18718016147613525,39.24693298339844
0.7302151000039885,20,CCW,-19.89598846435547,-0.46260538697242737,0.003092643804848194,24.0827693939209,0.1731892228126526,39.247230529785156
0.7402735999930883,20,CCW,-19.856842041015625,-0.38823530077934265,-0.07899487763643265,24.0908260345459,0.19168731570243835,39.247535705566406
0.7500416999973822,20,CCW,-19.9287052154541,-0.4039512276649475,0.003942064940929413,24.092437744140625,0.2035948932170868,39.247779846191406
0.760066699993331,20,CCW,-19.899085998535156,-0.41447824239730835,-0.0014241263270378113,24.09404945373535,0.18339449167251587,39.24809646606445
0.7700692999933381,20,CCW,-19.869937896728516,-0.49485906958580017,0.054107144474983215,24.0827693939209,0.2054828405380249,39.248355865478516
0.7801804000046104,20,CCW,-19.97422981262207,-0.44212105870246887,-0.035274893045425415,24.09404945373535,0.2120199054479599,39.248619079589844
0.7904618000029586,20,CCW,-19.941421508789062,-0.3442039489746094,-0.005078036338090897,24.095659255981445,0.17347952723503113,39.24876403808594
0.8004946000000928,20,CCW,-19.837299346923828,-0.3733922839164734,0.12953995168209076,24.095659255981445,0.2134634256362915,39.249000549316406
0.8103662999928929,20,CCW,-19.810869216918945,-0.4045623242855072,-0.025068949908018112,24.097270965576172,0.20467537641525269,39.2495231628418
0.8204871000052663,20,CCW,-19.71357536315918,-0.42949193716049194,-0.13208691775798798,24.092437744140625,0.20325730741024017,39.25017547607422
0.8302008000027854,20,CCW,-19.785058975219727,-0.3730487525463104,-0.09422425925731659,24.087602615356445,0.1850666105747223,39.2503776550293
0.8402037000050768,20,CCW,-19.818092346191406,-0.30328816175460815,-0.05698486417531967,24.09404945373535,0.19369441270828247,39.250728607177734
0.8502770000050077,20,CCW,-19.857147216796875,-0.43713295459747314,0.10878841578960419,24.087602615356445,0.19590432941913605,39.25094985961914
0.860285600007046,20,CCW,-19.898881912231445,-0.42541009187698364,0.004889681935310364,24.092437744140625,0.20207205414772034,39.251312255859375
0.8702878000040073,20,CCW,-19.83732032775879,-0.40140771865844727,0.02380753867328167,24.095659255981445,0.1709272563457489,39.251705169677734
0.8804020999959903,20,CCW,-19.908803939819336,-0.3727101683616638,-0.09267473220825195,24.06504249572754,0.19543881714344025,39.25193405151367
0.8900510999956168,20,CCW,-19.944761276245117,-0.41301074624061584,0.13147687911987305,24.07309913635254,0.17656764388084412,39.25212860107422
0.9001221999933477,20,CCW,-19.879615783691406,-0.45335203409194946,-0.01285053975880146,24.092437744140625,0.20641759037971497,39.25233840942383
0.9104758000030415,20,CCW,-19.817750930786133,-0.385530024766922,-0.023691115900874138,24.087602615356445,0.210793137550354,39.252864837646484
0.9204945999954361,20,CCW,-19.7851505279541,-0.43182653188705444,0.18593478202819824,24.097270965576172,0.2034154236316681,39.253265380859375
0.9305025999929057,20,CCW,-19.820844650268555,-0.42804422974586487,-0.13452941179275513,24.095659255981445,0.20722582936286926,39.25362014770508
0.9402135999989696,20,CCW,-19.89259147644043,-0.3448208272457123,0.05953742563724518,24.050540924072266,0.17879344522953033,39.253841400146484
0.950121300003957,20,CCW,-19.827407836914062,-0.40122899413108826,-0.0036340095102787018,24.09404945373535,0.19594551622867584,39.25429916381836
0.9619748999975855,20,CCW,-19.869535446166992,-0.4283123314380646,-0.04972593113780022,24.0908260345459,0.19955502450466156,39.25458526611328
0.9702929000050062,20,CCW,-19.908552169799805,-0.5361711978912354,-0.04944299906492233,24.089214324951172,0.18114660680294037,39.25501251220703
0.9800323999952525,20,CCW,-19.918079376220703,-0.3776171803474426,-0.10685314238071442,24.081157684326172,0.2003854662179947,39.25536346435547
0.990250200004084,20,CCW,-19.918079376220703,-0.45948463678359985,0.06850230693817139,24.092437744140625,0.2121119499206543,39.25556564331055
1.000462099997094,20,CCW,-19.885574340820312,-0.4568879306316376,0.10149386525154114,24.084379196166992,0.17698556184768677,39.25572204589844
1.0102794999984326,20,CCW,-19.856218338012695,-0.47474220395088196,0.016775045543909073,24.089214324951172,0.18499340116977692,39.256160736083984
1.020288999992772,20,CCW,-19.89497184753418,-0.3817557096481323,0.057793475687503815,24.08599090576172,0.1882614940404892,39.25642776489258
1.0341079000063473,20,CCW,-19.89845848083496,-0.4262075424194336,-0.05990869551897049,24.0908260345459,0.19729098677635193,39.2567253112793
1.0443280000035884,20,CCW,-19.82986068725586,-0.3622393310070038,-0.01795690879225731,24.07793426513672,0.20319001376628876,39.25694274902344
1.0511262000072747,20,CCW,-19.833274841308594,-0.37825846672058105,0.006403062958270311,24.084379196166992,0.16793113946914673,39.25709533691406
1.0601459000026807,20,CCW,-19.839876174926758,-0.4023362994194031,0.08394680917263031,24.08599090576172,0.21195901930332184,39.257450103759766
1.0704733000020497,20,CCW,-19.911043167114258,-0.35718709230422974,-0.025862576439976692,24.0908260345459,0.20368701219558716,39.25786209106445
1.0823269999964396,20,CCW,-19.953603744506836,-0.4437180757522583,0.03140086680650711,24.0908260345459,0.20629669725894928,39.258094787597656
1.0908096000057412,20,CCW,-19.95343589782715,-0.42093849182128906,0.02700522541999817,24.08599090576172,0.19906993210315704,39.25825119018555
1.100182499998482,20,CCW,-19.920665740966797,-0.39163878560066223,0.13191387057304382,24.079545974731445,0.19212296605110168,39.25835037231445
1.1104346999927657,20,CCW,-19.927099227905273,-0.45483604073524475,0.09316092729568481,24.084379196166992,0.18607304990291595,39.25859069824219
1.1203200000018114,20,CCW,-19.930063247680664,-0.3980083465576172,0.022102899849414825,24.09404945373535,0.18803341686725616,39.25891876220703
1.1301846999995178,20,CCW,-19.9010066986084,-0.4516872465610504,0.02262795716524124,24.09404945373535,0.14124354720115662,39.25902557373047
1.1402440999954706,20,CCW,-19.90485191345215,-0.4042602479457855,-0.05333447828888893,24.09404945373535,0.19852234423160553,39.25930404663086
1.1502930999995442,20,CCW,-19.87204360961914,-0.43282732367515564,0.14549703896045685,24.07309913635254,0.19733962416648865,39.25956726074219
1.1607974999933504,20,CCW,-19.911415100097656,-0.42877697944641113,-0.08581247925758362,24.092437744140625,0.2036164104938507,39.259918212890625
1.1702764999936335,20,CCW,-19.91421127319336,-0.39921125769615173,-0.026151955127716064,24.0827693939209,0.19668540358543396,39.260257720947266
1.1804008000035537,20,CCW,-19.849197387695312,-0.45596545934677124,0.06196712329983711,24.087602615356445,0.16510578989982605,39.26051712036133
1.1900374999968335,20,CCW,-19.920814514160156,-0.3506922721862793,-0.019359098747372627,24.089214324951172,0.16439193487167358,39.26076126098633
1.2007600999932038,20,CCW,-19.956850051879883,-0.4434927701950073,0.12931430339813232,24.084379196166992,0.21844157576560974,39.26099395751953
1.2104718000045978,20,CCW,-19.927623748779297,-0.44844937324523926,-0.03887258470058441,24.071489334106445,0.16747939586639404,39.26132583618164
1.2201466999977129,20,CCW,-19.927230834960938,-0.4152785539627075,-0.06962326914072037,24.092437744140625,0.24482496082782745,39.261619567871094
1.2305187000019941,20,CCW,-19.898174285888672,-0.3769540786743164,0.04978170618414879,24.09404945373535,0.17963151633739471,39.261863708496094
1.2400355999998283,20,CCW,-19.862552642822266,-0.40621423721313477,-0.0619111992418766,24.09404945373535,0.15137282013893127,39.2620849609375
1.250489700003527,20,CCW,-19.797239303588867,-0.44748756289482117,0.17266932129859924,24.092437744140625,0.16641470789909363,39.2623405456543
1.2602770999947097,20,CCW,-19.839405059814453,-0.3991907238960266,0.038088537752628326,24.092437744140625,0.23477600514888763,39.26279067993164
1.270266099993023,20,CCW,-19.842594146728516,-0.4605519473552704,-0.11742320656776428,24.08599090576172,0.1987123042345047,39.263065338134766
1.2804759999999078,20,CCW,-19.88147735595703,-0.4134065508842468,-0.07372934371232986,24.08599090576172,0.22448128461837769,39.263450622558594
1.2900378000049386,20,CCW,-19.917266845703125,-0.4344911575317383,-0.0069088805466890335,24.108551025390625,0.218708336353302,39.26351547241211
1.3000649000023259,20,CCW,-19.887910842895508,-0.47414568066596985,-0.06381005048751831,24.092437744140625,0.18270783126354218,39.263763427734375
1.31024819999584,20,CCW,-19.89149284362793,-0.44241663813591003,-0.0536218136548996,24.081157684326172,0.20599915087223053,39.264156341552734
1.320063899998786,20,CCW,-19.8588924407959,-0.43365684151649475,0.08107896894216537,24.09404945373535,0.1979527473449707,39.26445770263672
1.3303902000043308,20,CCW,-19.897775650024414,-0.42108383774757385,-0.012711219489574432,24.0908260345459,0.20055468380451202,39.26470947265625
1.3404184999963036,20,CCW,-19.897775650024414,-0.3435596823692322,-0.008037857711315155,24.09404945373535,0.1974278837442398,39.26502227783203
1.3500748999940697,20,CCW,-19.796802520751953,-0.3795083165168762,0.0005011232569813728,24.092437744140625,0.21469855308532715,39.26518249511719
1.36019700000179,20,CCW,-19.836212158203125,-0.4261738955974579,0.01058669202029705,24.087602615356445,0.1956130415201187,39.26557540893555
1.370284000004176,20,CCW,-19.871646881103516,-0.4074680805206299,0.07910480350255966,24.089214324951172,0.1814088523387909,39.26590347290039
1.3800608000019565,20,CCW,-19.845178604125977,-0.4441368579864502,-0.030476391315460205,24.095659255981445,0.19372999668121338,39.266212463378906
1.3901906999963103,20,CCW,-19.91692543029785,-0.4381311237812042,0.0003822445869445801,24.092437744140625,0.20630653202533722,39.26652908325195
1.4002724000019953,20,CCW,-19.88442039489746,-0.4126516878604889,-0.0789293423295021,24.097270965576172,0.16439254581928253,39.26673889160156
1.4102199000044493,20,CCW,-19.92081069946289,-0.42582428455352783,-0.05271223187446594,24.09404945373535,0.24092993140220642,39.26712417602539
1.4203007000032812,20,CCW,-19.890628814697266,-0.42932721972465515,-0.08940161764621735,24.092437744140625,0.19187329709529877,39.26731491088867
1.430044299995643,20,CCW,-19.864328384399414,-0.3984057605266571,-0.10839276015758514,24.087602615356445,0.21671365201473236,39.26765823364258
1.4404841999930795,20,CCW,-19.832345962524414,-0.356701523065567,0.060196880251169205,24.087602615356445,0.20630007982254028,39.267879486083984
1.4504833999963012,20,CCW,-19.916118621826172,-0.4406503438949585,-0.005351539701223373,24.089214324951172,0.17266756296157837,39.269874572753906
1.506247199999052,20,CCW,-19.916118621826172,-0.42192843556404114,-0.057516977190971375,24.0827693939209,0.2332698106765747,39.27013397216797
1.511830599993118,20,CCW,-19.919700622558594,-0.39428311586380005,-0.006950795650482178,24.089214324951172,0.21791955828666687,39.27030944824219
1.5181810000067344,20,CCW,-19.883480072021484,-0.4452943205833435,-0.05013500526547432,24.087602615356445,0.20428575575351715,39.2705078125
1.5233861000015168,20,CCW,-19.919044494628906,-0.3772103190422058,-0.009236641228199005,24.097270965576172,0.20040163397789001,39.27074432373047
1.5287652999977581,20,CCW,-19.854293823242188,-0.39908933639526367,0.03395029902458191,24.079545974731445,0.17223171889781952,39.270877838134766
1.5363233999960357,20,CCW,-19.88985824584961,-0.3956928849220276,-0.029611051082611084,24.09404945373535,0.1746125966310501,39.27106857299805
1.5427443999942625,20,CCW,-19.854293823242188,-0.41552919149398804,-0.026584859937429428,24.092437744140625,0.19616490602493286,39.27119827270508
1.548813400004292,20,CCW,-19.85731315612793,-0.399707555770874,0.048488616943359375,24.076322555541992,0.1721978783607483,39.27140808105469
1.5546287000033772,20,CCW,-19.82493782043457,-0.43408921360969543,-0.011767592281103134,24.07793426513672,0.18747416138648987,39.27159118652344
1.5609030000050552,20,CCW,-19.828519821166992,-0.45927250385284424,0.018291838467121124,24.089214324951172,0.22565752267837524,39.2718505859375
1.56739650000236,20,CCW,-19.798900604248047,-0.4383910298347473,-0.08813416212797165,24.0908260345459,0.22009184956550598,39.272220611572266
1.5733197999943513,20,CCW,-19.83446502685547,-0.4375186562538147,-0.13097378611564636,24.087602615356445,0.20082810521125793,39.27238845825195
1.5804405999951996,20,CCW,-19.80221939086914,-0.4363652765750885,-0.01781393587589264,24.0908260345459,0.23120377957820892,39.27267837524414
1.5902139999961946,20,CCW,-19.942338943481445,-0.4276551604270935,-0.024137049913406372,24.089214324951172,0.16959518194198608,39.27289962768555
1.6002677000069525,20,CCW,-19.912944793701172,-0.443911075592041,0.03344866260886192,24.087602615356445,0.20811477303504944,39.27317810058594
1.6101331999961985,20,CCW,-19.916358947753906,-0.42963406443595886,-0.013755366206169128,24.081157684326172,0.17599576711654663,39.27345275878906
1.6201494999986608,20,CCW,-19.948509216308594,-0.40433818101882935,-0.015001915395259857,24.08599090576172,0.16854697465896606,39.27366256713867
1.6302562000055332,20,CCW,-19.95550537109375,-0.45690998435020447,-0.034186623990535736,24.0908260345459,0.16724856197834015,39.27392578125
1.6402399000071455,20,CCW,-19.95550537109375,-0.4240734279155731,-0.05419299006462097,24.084379196166992,0.17286066710948944,39.2740592956543
1.6504944000043906,20,CCW,-19.821989059448242,-0.46857455372810364,0.1341654509305954,24.0827693939209,0.2106683850288391,39.274314880371094
1.6601265000062995,20,CCW,-19.825048446655273,-0.4829552173614502,0.03060358203947544,24.081157684326172,0.1509590446949005,39.27464294433594
1.6704832999967039,20,CCW,-19.76262092590332,-0.4355139434337616,0.05251690745353699,24.07793426513672,0.20603550970554352,39.275081634521484
1.6806165000016335,20,CCW,-19.73654556274414,-0.4432293772697449,0.11489745229482651,24.076322555541992,0.189738929271698,39.2755012512207
1.6900503000069875,20,CCW,-19.876665115356445,-0.3776179254055023,-0.08052709698677063,24.095659255981445,0.2212252914905548,39.27583312988281
1.7004982999933418,20,CCW,-19.847309112548828,-0.3640580177307129,0.06247526407241821,24.0908260345459,0.20610788464546204,39.27608871459961
1.7100943999976153,20,CCW,-19.883569717407227,-0.391208291053772,-0.22158391773700714,24.08599090576172,0.16830392181873322,39.276405334472656
1.7204474000027403,20,CCW,-19.85036849975586,-0.379753053188324,0.04752950742840767,24.0908260345459,0.20387428998947144,39.276702880859375
1.7305734999972628,20,CCW,-19.92232322692871,-0.4427347183227539,-0.014622889459133148,24.0827693939209,0.1946025788784027,39.27680587768555
1.740606099992874,20,CCW,-19.993677139282227,-0.3740764260292053,-0.07872775197029114,24.100494384765625,0.1776474565267563,39.27694320678711
1.7502439999952912,20,CCW,-19.92849349975586,-0.42977359890937805,-0.035599708557128906,24.084379196166992,0.200983926653862,39.27721405029297
1.7602263000007952,20,CCW,-19.928796768188477,-0.4347114861011505,-0.09203438460826874,24.0908260345459,0.20231272280216217,39.27742385864258
1.770479400001932,20,CCW,-19.827430725097656,-0.4533596634864807,0.07337871193885803,24.100494384765625,0.21351288259029388,39.27778244018555
1.7804754999961006,20,CCW,-19.83420181274414,-0.4731977880001068,-0.07284088432788849,24.084379196166992,0.19044916331768036,39.27811050415039
1.790193900000304,20,CCW,-19.905460357666016,-0.46417292952537537,-0.06049567461013794,24.074710845947266,0.1984950751066208,39.278343200683594
1.8004134999937378,20,CCW,-19.84027671813965,-0.4258952736854553,0.038860905915498734,24.08599090576172,0.19293540716171265,39.278472900390625
1.8100666999962414,20,CCW,-19.84385871887207,-0.4087636470794678,-0.01207808032631874,24.087602615356445,0.20494723320007324,39.27881622314453
1.8201550999947358,20,CCW,-19.846614837646484,-0.3735523223876953,0.10677939653396606,24.0827693939209,0.23064424097537994,39.27915954589844
1.8300465999927837,20,CCW,-19.918439865112305,-0.4168786108493805,0.01326864305883646,24.081157684326172,0.21408694982528687,39.279327392578125
1.8403528000053484,20,CCW,-20.022769927978516,-0.39017513394355774,-0.0647055134177208,24.0827693939209,0.23877137899398804,39.279605865478516
1.8503360000031535,20,CCW,-19.925474166870117,-0.47332021594047546,-0.014815248548984528,24.089214324951172,0.14981737732887268,39.27972412109375
1.860501100003603,20,CCW,-19.928926467895508,-0.44483011960983276,0.005597986280918121,24.09404945373535,0.13703413307666779,39.2799186706543
1.870387100003427,20,CCW,-19.899307250976562,-0.46397528052330017,0.05409141629934311,24.08599090576172,0.21238288283348083,39.2801628112793
1.8800861000054283,20,CCW,-19.906078338623047,-0.34802311658859253,0.01592336595058441,24.076322555541992,0.18184153735637665,39.28042984008789
1.8904611000034492,20,CCW,-19.944791793823242,-0.3603575825691223,-0.06655590981245041,24.084379196166992,0.2100961059331894,39.280696868896484
1.9001198000041768,20,CCW,-19.876419067382812,-0.4040350019931793,0.08930426090955734,24.097270965576172,0.23843950033187866,39.28094482421875
1.910252899993793,20,CCW,-19.80851936340332,-0.4745789170265198,0.02401675283908844,24.087602615356445,0.1878075897693634,39.28132247924805
1.9204228000016883,20,CCW,-19.811275482177734,-0.4088188707828522,-0.005964942276477814,24.07793426513672,0.2509401738643646,39.28171157836914
1.9301165000069886,20,CCW,-19.85387420654297,-0.42072799801826477,-0.008077641949057579,24.084379196166992,0.20752984285354614,39.28202438354492
1.940157699995325,20,CCW,-19.960960388183594,-0.5219414830207825,-0.1016368716955185,24.089214324951172,0.18369172513484955,39.28216552734375
1.9502410999994026,20,CCW,-19.996620178222656,-0.3891317546367645,-0.013452722690999508,24.087602615356445,0.17045174539089203,39.28221893310547
1.9600881999940611,20,CCW,-19.9647159576416,-0.3870325982570648,0.18052461743354797,24.089214324951172,0.1612740010023117,39.28244400024414
1.9701103999977931,20,CCW,-19.931682586669922,-0.4207155406475067,-0.0927114486694336,24.089214324951172,0.22245299816131592,39.2828254699707
1.980146899993997,20,CCW,-19.902759552001953,-0.34569600224494934,0.032852109521627426,24.095659255981445,0.16707272827625275,39.28297424316406
1.9904451000038534,20,CCW,-19.938453674316406,-0.45774009823799133,-0.07654908299446106,24.087602615356445,0.23247498273849487,39.28327941894531
5.199995939619839e-06,30,CCW,-29.654621124267578,-0.531498908996582,-0.03765696659684181,24.079545974731445,0.3722742199897766,39.48338317871094
0.0147374999942258,30,CCW,-29.72591781616211,-0.4838332235813141,0.07163506746292114,24.089214324951172,0.281206339597702,39.48429870605469
0.026598399999784306,30,CCW,-29.72893714904785,-0.49092093110084534,-0.026692388579249382,24.076322555541992,0.25452110171318054,39.48481369018555
0.037860700002056547,30,CCW,-29.731693267822266,-0.4409559965133667,-0.0839308574795723,24.087602615356445,0.29393064975738525,39.4857177734375
0.04976660000102129,30,CCW,-29.77083969116211,-0.5682984590530396,0.04584428295493126,24.079545974731445,0.35618528723716736,39.486480712890625
0.06250440000439994,30,CCW,-29.705223083496094,-0.4868251085281372,-0.04771513491868973,24.0827693939209,0.3238394558429718,39.487239837646484
0.07485350000206381,30,CCW,-29.704959869384766,-0.4174630343914032,0.028736643493175507,24.0908260345459,0.3520330786705017,39.4880485534668
0.08542610000586137,30,CCW,-29.74401092529297,-0.4067330062389374,-0.04299701750278473,24.074710845947266,0.30770343542099,39.4889030456543
0.09629539999878034,30,CCW,-29.64326286315918,-0.372714638710022,0.04720333218574524,24.074710845947266,0.34922221302986145,39.48964309692383
0.1060258000070462,30,CCW,-29.542251586914062,-0.49306291341781616,0.13392066955566406,24.07309913635254,0.32980120182037354,39.490718841552734
0.11496930000430439,30,CCW,-29.581268310546875,-0.543865442276001,-0.1109410747885704,24.0908260345459,0.40954914689064026,39.491722106933594
0.12453070000628941,30,CCW,-29.616832733154297,-0.5637035369873047,-0.034217625856399536,24.09404945373535,0.30117475986480713,39.492679595947266
0.13526609999826178,30,CCW,-29.616832733154297,-0.4916720688343048,0.021499577909708023,24.084379196166992,0.3448749780654907,39.49349594116211
0.1450738999992609,30,CCW,-29.65558624267578,-0.48370161652565,-0.06377077102661133,24.084379196166992,0.3730592429637909,39.497493743896484
0.19821430000592954,30,CCW,-29.593759536743164,-0.4433649480342865,-0.03298431262373924,24.089214324951172,0.3505738079547882,39.498451232910156
0.20723410000209697,30,CCW,-29.596948623657227,-0.5070244073867798,0.024481378495693207,24.089214324951172,0.3261379599571228,39.49916076660156
0.21634490000724327,30,CCW,-29.635927200317383,-0.4729763865470886,0.027949651703238487,24.097270965576172,0.32415851950645447,39.49992370605469
0.22482980000495445,30,CCW,-29.66873550415039,-0.5135812759399414,0.02268528938293457,24.07793426513672,0.3217424154281616,39.50062561035156
0.23430399999779183,30,CCW,-29.70473289489746,-0.5364786386489868,0.08013825118541718,24.0827693939209,0.3786178231239319,39.5012321472168
0.24360319999686908,30,CCW,-29.70490074157715,-0.4049873352050781,0.083097442984581,24.087602615356445,0.33209577202796936,39.502010345458984
0.2546641999942949,30,CCW,-29.77685546875,-0.41440102458000183,-0.13224579393863678,24.087602615356445,0.26802390813827515,39.502689361572266
0.2644302999979118,30,CCW,-29.67571449279785,-0.5400550961494446,0.08893007040023804,24.095659255981445,0.3637491762638092,39.50331115722656
0.2738649999955669,30,CCW,-29.6398868560791,-0.4324561059474945,-0.006375517696142197,24.0827693939209,0.31567078828811646,39.50408172607422
0.2830612999969162,30,CCW,-29.643339157104492,-0.4850662350654602,-0.09282732754945755,24.087602615356445,0.37637561559677124,39.50494384765625
0.2932366000022739,30,CCW,-29.646095275878906,-0.4984703063964844,-0.03784681856632233,24.0827693939209,0.34224897623062134,39.50566864013672
0.3016849999985425,30,CCW,-29.682092666625977,-0.5322158932685852,-0.07461676001548767,24.0827693939209,0.24238474667072296,39.50627136230469
0.30960740000591613,30,CCW,-29.718050003051758,-0.4922112822532654,0.10938206315040588,24.09404945373535,0.3531803488731384,39.506954193115234
0.31817769999906886,30,CCW,-29.7571964263916,-0.5267879962921143,-0.09784334897994995,24.071489334106445,0.27678433060646057,39.50756072998047
0.32750729999679606,30,CCW,-29.760177612304688,-0.5293236374855042,-0.05935247242450714,24.087602615356445,0.2666238248348236,39.50798416137695
0.3357566000049701,30,CCW,-29.73076629638672,-0.48251858353614807,0.014561809599399567,24.076322555541992,0.30565038323402405,39.50861358642578
0.34301710000727326,30,CCW,-29.694976806640625,-0.49632248282432556,0.00047326087951660156,24.068265914916992,0.296769380569458,39.50908279418945
0.349251000006916,30,CCW,-29.69839096069336,-0.45591017603874207,0.037246253341436386,24.0827693939209,0.2957223057746887,39.50951385498047
0.3586031000013463,30,CCW,-29.73438835144043,-0.4543180763721466,-0.03133952617645264,24.0908260345459,0.2873861491680145,39.51024627685547
0.3742075000045588,30,CCW,-29.740293502807617,-0.45515283942222595,0.04331444948911667,24.089214324951172,0.345866858959198,39.51149368286133
0.3870946999959415,30,CCW,-29.743650436401367,-0.4971799850463867,0.03762073814868927,24.08599090576172,0.39289426803588867,39.51209259033203
0.393034799999441,30,CCW,-29.743650436401367,-0.44573840498924255,0.020725950598716736,24.084379196166992,0.3311402201652527,39.51239013671875
0.39794009999604896,30,CCW,-29.71084213256836,-0.4155009984970093,-0.1137237623333931,24.089214324951172,0.314564049243927,39.512779235839844
0.40497529999993276,30,CCW,-29.674884796142578,-0.576590359210968,0.04769106209278107,24.0908260345459,0.3315857946872711,39.513267517089844
0.41051770000194665,30,CCW,-29.603099822998047,-0.5578658580780029,-0.0010859575122594833,24.0827693939209,0.3411674499511719,39.513790130615234
0.41854139999486506,30,CCW,-29.67807388305664,-0.5496658682823181,-0.07445187866687775,24.08599090576172,0.3456690311431885,39.514610290527344
0.4264359999942826,30,CCW,-29.749820709228516,-0.45347002148628235,0.06544468551874161,24.084379196166992,0.34143662452697754,39.51499557495117
0.4335928999935277,30,CCW,-29.72020149230957,-0.5001178979873657,-0.07438980042934418,24.087602615356445,0.4155535399913788,39.51560592651367
0.4418461000022944,30,CCW,-29.723745346069336,-0.4622627794742584,0.01092216745018959,24.081157684326172,0.31621673703193665,39.51632308959961
0.4511781000037445,30,CCW,-29.691370010375977,-0.49219614267349243,-0.06854896247386932,24.0827693939209,0.24728436768054962,39.51685333251953
0.45845310000004247,30,CCW,-29.724178314208984,-0.5059434175491333,-0.01488940417766571,24.079545974731445,0.29389622807502747,39.51731491088867
0.46431830000074115,30,CCW,-29.691370010375977,-0.4372207522392273,0.04585455358028412,24.08599090576172,0.3661419153213501,39.51774978637695
0.4701836000022013,30,CCW,-29.727367401123047,-0.5553464293479919,0.12408123165369034,24.0827693939209,0.3017224371433258,39.5180778503418
0.4753128000011202,30,CCW,-29.763286590576172,-0.4639512598514557,-0.05246885493397713,24.092437744140625,0.3498004078865051,39.518577575683594
0.48642640000616666,30,CCW,-29.76651382446289,-0.49659255146980286,0.0679001659154892,24.092437744140625,0.33918142318725586,39.51933670043945
0.4917362999985926,30,CCW,-29.76651382446289,-0.49238431453704834,-0.06697876751422882,24.081157684326172,0.3236940801143646,39.51972579956055
0.5001230000052601,30,CCW,-29.736894607543945,-0.5178917646408081,0.0009346455335617065,24.0988826751709,0.3106573820114136,39.52027130126953
0.510067600000184,30,CCW,-29.74021339416504,-0.4830724895000458,-0.024951256811618805,24.092437744140625,0.2895488440990448,39.52082443237305
0.5203426000080071,30,CCW,-29.74327278137207,-0.4686385691165924,-0.08172779530286789,24.0827693939209,0.3573668599128723,39.5215950012207
0.5300803999998607,30,CCW,-29.746253967285156,-0.44350120425224304,0.016244739294052124,24.0908260345459,0.28412216901779175,39.52227783203125
0.5401830000046175,30,CCW,-29.752857208251953,-0.5239325761795044,-0.06886915862560272,24.0827693939209,0.3702745735645294,39.52313232421875
0.5501211999944644,30,CCW,-29.720352172851562,-0.5082535743713379,0.16741709411144257,24.09404945373535,0.3412904441356659,39.5236930847168
0.5601578000059817,30,CCW,-29.756311416625977,-0.46379554271698,-0.17121176421642303,24.089214324951172,0.27365991473197937,39.52429962158203
0.5701922000007471,30,CCW,-29.72669219970703,-0.49239829182624817,0.16001541912555695,24.074710845947266,0.31516844034194946,39.5249137878418
0.5801861000072677,30,CCW,-29.73004913330078,-0.41020768880844116,-0.03719208389520645,24.100494384765625,0.371450275182724,39.52552795410156
0.5900896999955876,30,CCW,-29.76643943786621,-0.4449104070663452,-0.030816201120615005,24.084379196166992,0.3050648272037506,39.5262565612793
0.6002929999958724,30,CCW,-29.701255798339844,-0.4597885310649872,0.012379661202430725,24.071489334106445,0.31484082341194153,39.52688980102539
0.6104625000007218,30,CCW,-29.77619171142578,-0.4340497851371765,-0.10303758084774017,24.089214324951172,0.36758989095687866,39.527652740478516
0.6200771000003442,30,CCW,-29.708026885986328,-0.5091947913169861,0.15237188339233398,24.087602615356445,0.3703004717826843,39.5284309387207
0.630496800004039,30,CCW,-29.708026885986328,-0.5264015793800354,-0.09366951882839203,24.081157684326172,0.29204604029655457,39.52912521362305
0.640498499997193,30,CCW,-29.7111759185791,-0.3824850618839264,0.03781536594033241,24.0908260345459,0.3243820071220398,39.52997589111328
0.6503232999966713,30,CCW,-29.752910614013672,-0.5096884965896606,-0.06558731198310852,24.092437744140625,0.2709031403064728,39.53056716918945
0.6603118000057293,30,CCW,-29.78584861755371,-0.48525574803352356,-0.017290040850639343,24.09404945373535,0.28520530462265015,39.531158447265625
0.6703069000068353,30,CCW,-29.753040313720703,-0.5411120057106018,0.2452113777399063,24.08599090576172,0.371269553899765,39.5318717956543
0.6805009999952745,30,CCW,-29.720439910888672,-0.4788656234741211,0.14462192356586456,24.087602615356445,0.33048227429389954,39.53257751464844
0.6901691999955801,30,CCW,-29.724021911621094,-0.49668776988983154,-0.03562213480472565,24.081157684326172,0.3219994008541107,39.533241271972656
0.7004677000077209,30,CCW,-29.724021911621094,-0.3858426809310913,-0.0147823765873909,24.097270965576172,0.31371602416038513,39.53401184082031
0.7100254999968456,30,CCW,-29.652236938476562,-0.5810286998748779,0.10067983716726303,24.089214324951172,0.3630198538303375,39.53491973876953
0.7202622000040719,30,CCW,-29.619468688964844,-0.5759466886520386,0.14595121145248413,24.071489334106445,0.29279688000679016,39.53578567504883
0.7301385000027949,30,CCW,-29.687841415405273,-0.5281884670257568,0.00372864305973053,24.089214324951172,0.3308422863483429,39.536590576171875
0.7400349999952596,30,CCW,-29.655466079711914,-0.48856961727142334,0.0008990615606307983,24.09404945373535,0.28315022587776184,39.53738021850586
0.750310300005367,30,CCW,-29.697368621826172,-0.5495684146881104,0.08138182014226913,24.087602615356445,0.31918466091156006,39.53831481933594
0.7600586000044132,30,CCW,-29.733325958251953,-0.4149448871612549,-0.16091983020305634,24.079545974731445,0.2880289554595947,39.538997650146484
0.770272699999623,30,CCW,-29.697368621826172,-0.5829917192459106,0.08587642014026642,24.079545974731445,0.34463468194007874,39.53970718383789
0.7805095000076108,30,CCW,-29.592775344848633,-0.5350434184074402,0.04576633498072624,24.084379196166992,0.3544211983680725,39.540557861328125
0.7900577999971574,30,CCW,-29.664337158203125,-0.38704460859298706,-0.06615035980939865,24.0908260345459,0.29733189940452576,39.54155731201172
0.8000503000075696,30,CCW,-29.703275680541992,-0.4899905323982239,-0.02753327786922455,24.087602615356445,0.34137171506881714,39.542266845703125
0.8104237000079593,30,CCW,-29.710046768188477,-0.5684798359870911,-0.04542139917612076,24.0988826751709,0.35692816972732544,39.54324722290039
0.820564599998761,30,CCW,-29.71323585510254,-0.4674427807331085,-0.22382007539272308,24.087602615356445,0.27579358220100403,39.543819427490234
0.8303489999962039,30,CCW,-29.816965103149414,-0.47134482860565186,-0.064452163875103,24.097270965576172,0.3417178690433502,39.54440689086914
0.8401746000017738,30,CCW,-29.719406127929688,-0.5184041261672974,0.036896150559186935,24.0827693939209,0.29914113879203796,39.544979095458984
0.8501809000008507,30,CCW,-29.790630340576172,-0.5227168798446655,0.042594753205776215,24.084379196166992,0.31167227029800415,39.5457878112793
0.8605402999965008,30,CCW,-29.862152099609375,-0.5016406178474426,-0.09593608230352402,24.081157684326172,0.3304763734340668,39.54636764526367
0.8701922000036575,30,CCW,-29.761011123657227,-0.4952339231967926,0.04881918430328369,24.092437744140625,0.3209952712059021,39.54686737060547
0.8803109000000404,30,CCW,-29.69237518310547,-0.5556895136833191,0.15168608725070953,24.079545974731445,0.2950572669506073,39.54768371582031
0.8905195999977877,30,CCW,-29.6954345703125,-0.4326961934566498,-0.023904552683234215,24.087602615356445,0.39785701036453247,39.548553466796875
0.9002444000070682,30,CCW,-29.770200729370117,-0.5000343322753906,-0.10750022530555725,24.0827693939209,0.3375513255596161,39.549224853515625
0.9105032999941614,30,CCW,-29.737430572509766,-0.5384033918380737,0.06767686456441879,24.09404945373535,0.3099004626274109,39.54987335205078
0.9200417999963975,30,CCW,-29.77312469482422,-0.5354474782943726,-0.0712290033698082,24.084379196166992,0.37460750341415405,39.55051803588867
0.930125600003521,30,CCW,-29.844478607177734,-0.4436090886592865,-0.08755424618721008,24.0827693939209,0.33993420004844666,39.55106735229492
0.9404095000063535,30,CCW,-29.74648666381836,-0.5473803877830505,0.04612847417593002,24.08599090576172,0.34305787086486816,39.55173873901367
0.9504547999968054,30,CCW,-29.749242782592773,-0.41729825735092163,-0.08180852234363556,24.079545974731445,0.37210550904273987,39.55254364013672
0.960289599999669,30,CCW,-29.821197509765625,-0.4729152321815491,-0.09421373158693314,24.09404945373535,0.348059743642807,39.55293273925781
0.970162600002368,30,CCW,-29.7236385345459,-0.41072213649749756,-0.06137216463685036,24.097270965576172,0.3498542606830597,39.55354690551758
0.9805562999972608,30,CCW,-29.694019317626953,-0.47483617067337036,-0.032794464379549026,24.0908260345459,0.3181641399860382,39.55434036254883
0.9903867999964859,30,CCW,-29.73290252685547,-0.46558046340942383,-0.01602599024772644,24.07793426513672,0.3657734990119934,39.55518341064453
1.000146100006532,30,CCW,-29.736051559448242,-0.4572208821773529,-0.045410964637994766,24.0827693939209,0.2724192142486572,39.55571365356445
1.0104294000047958,30,CCW,-29.70009422302246,-0.3971610963344574,0.05119030550122261,24.0908260345459,0.31653502583503723,39.55661392211914
1.0204225000052247,30,CCW,-29.706472396850586,-0.4545086622238159,-0.0010790079832077026,24.074710845947266,0.30006876587867737,39.557373046875
1.030287200002931,30,CCW,-29.810802459716797,-0.501122236251831,-0.0467563271522522,24.087602615356445,0.3271999657154083,39.55793380737305
1.040206899997429,30,CCW,-29.74561882019043,-0.4791836142539978,-0.053289007395505905,24.084379196166992,0.3381885290145874,39.55845642089844
1.0500898000027519,30,CCW,-29.784597396850586,-0.4990089535713196,-0.06503011286258698,24.081157684326172,0.2605496346950531,39.558963775634766
1.0605295999994269,30,CCW,-29.784767150878906,-0.5161265730857849,-0.03127991780638695,24.0908260345459,0.3259265124797821,39.55991744995117
1.0700906999991275,30,CCW,-29.755373001098633,-0.43508556485176086,0.06427434086799622,24.092437744140625,0.28784888982772827,39.560218811035156
1.0802035999950022,30,CCW,-29.758787155151367,-0.4959754943847656,-0.020312344655394554,24.084379196166992,0.30025890469551086,39.56098175048828
1.0903717000037432,30,CCW,-29.690454483032227,-0.554742157459259,-0.24211300909519196,24.079545974731445,0.320198118686676,39.561832427978516
1.1002998000039952,30,CCW,-29.761808395385742,-0.426023006439209,-0.005719433538615704,24.076322555541992,0.3290846049785614,39.56248092651367
1.110036800004309,30,CCW,-29.732622146606445,-0.4949958920478821,0.00816150102764368,24.089214324951172,0.3223191797733307,39.56304931640625
1.12053480000759,30,CCW,-29.700246810913086,-0.4924740791320801,-0.027384962886571884,24.07309913635254,0.34018492698669434,39.56416702270508
1.1313975999946706,30,CCW,-29.77176856994629,-0.4143235683441162,-0.0478736013174057,24.087602615356445,0.34748271107673645,39.56464767456055
1.1404308000055607,30,CCW,-29.778072357177734,-0.43113309144973755,-0.03920105844736099,24.092437744140625,0.34021639823913574,39.56516647338867
1.1503405999974348,30,CCW,-29.7227725982666,-0.499932199716568,-0.06701302528381348,24.0827693939209,0.34316888451576233,39.56907272338867
1.2021781000075862,30,CCW,-29.758562088012695,-0.46096497774124146,0.030401334166526794,24.084379196166992,0.2856363356113434,39.56939697265625
1.2103852000000188,30,CCW,-29.729150772094727,-0.5137722492218018,-0.023869948461651802,24.07793426513672,0.3351970613002777,39.57004928588867
1.2190511999942828,30,CCW,-29.764978408813477,-0.36937084794044495,0.0005539044504985213,24.084379196166992,0.2848430573940277,39.570735931396484
1.2280726000026334,30,CCW,-29.73233985900879,-0.5808612108230591,0.015761613845825195,24.095659255981445,0.3555572032928467,39.57147216796875
1.2369908999971813,30,CCW,-29.667156219482422,-0.46752774715423584,0.061607323586940765,24.074710845947266,0.3749450445175171,39.572120666503906
1.2472567999939201,30,CCW,-29.63119888305664,-0.5181697607040405,-0.04089406132698059,24.092437744140625,0.3535223603248596,39.57305145263672
1.2554660000023432,30,CCW,-29.670215606689453,-0.4831220209598541,-0.047620583325624466,24.08599090576172,0.3186931908130646,39.57362747192383
1.2631184000056237,30,CCW,-29.77407455444336,-0.4589778780937195,0.00359373539686203,24.084379196166992,0.2992042899131775,39.57406997680664
1.2687642999953823,30,CCW,-29.7770938873291,-0.47276461124420166,-0.050316378474235535,24.095659255981445,0.3339599072933197,39.57438278198242
1.2741055999940727,30,CCW,-29.7770938873291,-0.3946095407009125,0.04187207669019699,24.084379196166992,0.30688345432281494,39.57453918457031
1.2789741000015056,30,CCW,-29.816072463989258,-0.4656206965446472,0.11038422584533691,24.0827693939209,0.3148975670337677,39.57487869262695
1.28386209999735,30,CCW,-29.816072463989258,-0.4509447515010834,-0.06022726371884346,24.07793426513672,0.2579782009124756,39.57524490356445
1.2895017999981064,30,CCW,-29.81913185119629,-0.5601797103881836,-0.05400484427809715,24.0988826751709,0.30696922540664673,39.57559585571289
1.2958415000030072,30,CCW,-29.854658126831055,-0.6459993720054626,-0.08948685228824615,24.089214324951172,0.2920367121696472,39.5759162902832
1.3013299000012921,30,CCW,-29.890485763549805,-0.4821721315383911,-0.10351791232824326,24.08599090576172,0.29399019479751587,39.57612609863281
1.310462199995527,30,CCW,-29.75653648376465,-0.5532791018486023,-0.024325523525476456,24.08599090576172,0.27623483538627625,39.57661819458008
1.3204266999964602,30,CCW,-29.68777084350586,-0.418997585773468,0.04222681745886803,24.084379196166992,0.35092994570732117,39.57741165161133
1.330353199999081,30,CCW,-29.72376823425293,-0.47123652696609497,-0.12224365770816803,24.081157684326172,0.3781522512435913,39.578189849853516
1.3404144999949494,30,CCW,-29.658584594726562,-0.4371498227119446,0.05114263296127319,24.084379196166992,0.36115559935569763,39.57892990112305
1.3505077000008896,30,CCW,-29.766328811645508,-0.4968772828578949,-0.05679602548480034,24.087602615356445,0.39213690161705017,39.57966613769531
1.360138799995184,30,CCW,-29.73356056213379,-0.4937804639339447,0.0034892186522483826,24.081157684326172,0.3512510061264038,39.58030700683594
1.3707200000062585,30,CCW,-29.772499084472656,-0.4600462019443512,-0.030434541404247284,24.089214324951172,0.3109506368637085,39.58095169067383
1.3805502000031993,30,CCW,-29.74353790283203,-0.5143008828163147,0.06746687740087509,24.0908260345459,0.2754649519920349,39.581695556640625
1.3901811999967322,30,CCW,-29.71103286743164,-0.5358211398124695,-0.021746188402175903,24.084379196166992,0.34723401069641113,39.58231735229492
1.4002387000073213,30,CCW,-29.77595329284668,-0.5312621593475342,-0.04986660182476044,24.07309913635254,0.38019874691963196,39.58317184448242
1.4102172999992035,30,CCW,-29.746559143066406,-0.43951740860939026,0.0639195591211319,24.092437744140625,0.3641532361507416,39.583839416503906
1.4201268000033451,30,CCW,-29.710601806640625,-0.4860633909702301,0.12725116312503815,24.074710845947266,0.3955146074295044,39.5845832824707
1.4310830000031274,30,CCW,-29.853347778320312,-0.45671963691711426,-0.046167779713869095,24.089214324951172,0.26617076992988586,39.585262298583984
1.4406584999960614,30,CCW,-29.820539474487305,-0.4966455399990082,0.022524558007717133,24.087602615356445,0.33187079429626465,39.585670471191406
1.450144000002183,30,CCW,-29.68671989440918,-0.46733325719833374,0.04996761679649353,24.10210609436035,0.3470938801765442,39.586212158203125
1.4602498000022024,30,CCW,-29.68645668029785,-0.5277603268623352,-0.0589115284383297,24.092437744140625,0.3238822817802429,39.58713912963867
1.4704457000043476,30,CCW,-29.79678726196289,-0.39932823181152344,-0.1079377830028534,24.084379196166992,0.35663697123527527,39.587669372558594
1.4802557000075467,30,CCW,-29.731603622436523,-0.48363620042800903,0.07548721879720688,24.08599090576172,0.3193908631801605,39.58832931518555
1.4916774000012083,30,CCW,-29.809295654296875,-0.45388850569725037,0.13387541472911835,24.087602615356445,0.35833466053009033,39.58884048461914
1.5001484999957029,30,CCW,-29.809032440185547,-0.4659265875816345,0.010796286165714264,24.0908260345459,0.3066069781780243,39.589290618896484
1.510440900005051,30,CCW,-29.847841262817383,-0.4812096357345581,-0.09414485096931458,24.08599090576172,0.33562251925468445,39.589786529541016
1.520287899998948,30,CCW,-29.782394409179688,-0.4876168668270111,-0.0024551954120397568,24.079545974731445,0.32212498784065247,39.590492248535156
1.5301073000009637,30,CCW,-29.82154083251953,-0.5517764687538147,-0.013022728264331818,24.0827693939209,0.2965383529663086,39.59102249145508
1.5400645000045188,30,CCW,-29.756790161132812,-0.4559124708175659,0.033069808036088943,24.087602615356445,0.2802141308784485,39.59152603149414
1.550096000006306,30,CCW,-29.7958984375,-0.5279605388641357,-0.03159208223223686,24.074710845947266,0.37434935569763184,39.592193603515625
1.5602314999996452,30,CCW,-29.727863311767578,-0.5318981409072876,-0.24199767410755157,24.084379196166992,0.2825685143470764,39.59272003173828
1.576105700005428,30,CCW,-29.73105239868164,-0.41421908140182495,0.09919039160013199,24.068265914916992,0.3545389473438263,39.5936393737793
1.5841096000076504,30,CCW,-29.770030975341797,-0.4819524586200714,-0.04221450164914131,24.084379196166992,0.30433985590934753,39.594173431396484
1.5919313000049442,30,CCW,-29.737525939941406,-0.4551517963409424,0.002295464277267456,24.08599090576172,0.38934168219566345,39.59471893310547
1.6000400000048103,30,CCW,-29.77322006225586,-0.533784031867981,-0.15100742876529694,24.08599090576172,0.3421804904937744,39.595191955566406
1.6104281000007177,30,CCW,-29.80865478515625,-0.533269464969635,0.1819453239440918,24.0908260345459,0.3511599004268646,39.59562683105469
1.6204437999986112,30,CCW,-29.811410903930664,-0.5649933218955994,-0.004302125424146652,24.089214324951172,0.3592962920665741,39.59621047973633
1.630296500006807,30,CCW,-29.85038948059082,-0.4767776429653168,-0.1725233942270279,24.087602615356445,0.27882879972457886,39.59679412841797
1.6404158000077587,30,CCW,-29.8863468170166,-0.4874795973300934,0.10449642688035965,24.087602615356445,0.32024601101875305,39.59714889526367
1.6503978999971878,30,CCW,-29.889665603637695,-0.5790488719940186,-0.08950702846050262,24.095659255981445,0.32304415106773376,39.597618103027344
1.6605120000021998,30,CCW,-29.856897354125977,-0.46096697449684143,0.019608091562986374,24.08599090576172,0.3145829141139984,39.598045349121094
1.6701289000047836,30,CCW,-29.892423629760742,-0.4622543752193451,-0.0498216450214386,24.08599090576172,0.2983829379081726,39.598567962646484
1.6804291000007652,30,CCW,-29.794431686401367,-0.504749059677124,0.011981599032878876,24.084379196166992,0.3196147084236145,39.59897994995117
1.6901644000026863,30,CCW,-29.79718780517578,-0.4710038900375366,-0.046446967869997025,24.0908260345459,0.31895557045936584,39.599609375
1.700409299999592,30,CCW,-29.833147048950195,-0.4433169364929199,-0.13548865914344788,24.076322555541992,0.31427231431007385,39.6002311706543
1.7102218999934848,30,CCW,-29.76757049560547,-0.420855313539505,0.06385281682014465,24.084379196166992,0.3569231331348419,39.60069274902344
1.7201110000023618,30,CCW,-29.76757049560547,-0.4792836308479309,0.0010794363915920258,24.07309913635254,0.3590412437915802,39.60141372680664
1.7301289000024553,30,CCW,-29.83952522277832,-0.4521021842956543,-0.06372429430484772,24.089214324951172,0.31273019313812256,39.6020393371582
1.7402491999964695,30,CCW,-29.80714988708496,-0.5728805065155029,0.019947394728660583,24.09404945373535,0.3311190903186798,39.602317810058594
1.750026900001103,30,CCW,-29.81050682067871,-0.47577592730522156,-0.03034515120089054,24.087602615356445,0.3477517068386078,39.60285186767578
1.7600833000033163,30,CCW,-29.742341995239258,-0.41634973883628845,-0.02985115721821785,24.092437744140625,0.3365165591239929,39.60359191894531
1.7701241000031587,30,CCW,-29.775150299072266,-0.5142746567726135,-0.05951123312115669,24.074710845947266,0.3080148994922638,39.60416793823242
1.780119899995043,30,CCW,-29.77790641784668,-0.4964219331741333,0.034509819000959396,24.08599090576172,0.32458364963531494,39.604801177978516
1.7903038000076776,30,CCW,-29.74553108215332,-0.4169231057167053,-0.08934781700372696,24.076322555541992,0.32015541195869446,39.605464935302734
1.800293199994485,30,CCW,-29.781658172607422,-0.4856104254722595,-0.01423225924372673,24.08599090576172,0.3565530478954315,39.60613250732422
1.8100328000000445,30,CCW,-29.748849868774414,-0.46561717987060547,0.17281273007392883,24.08599090576172,0.317027747631073,39.606529235839844
1.820120999997016,30,CCW,-29.784414291381836,-0.4023838937282562,-0.08538901805877686,24.06987762451172,0.2598593533039093,39.607391357421875
1.8302473000076134,30,CCW,-29.82356071472168,-0.5623933672904968,-0.10866327583789825,24.089214324951172,0.35538041591644287,39.60796356201172
1.8404795999958878,30,CCW,-29.859350204467773,-0.4985528290271759,0.11879727244377136,24.084379196166992,0.36419668793678284,39.6084098815918
1.8501700000051642,30,CCW,-29.862802505493164,-0.4823348820209503,0.045806508511304855,24.092437744140625,0.3298848867416382,39.608924865722656
1.860388300003251,30,CCW,-29.83331298828125,-0.5515949130058289,-0.02328456938266754,24.079545974731445,0.279397577047348,39.609642028808594
1.871187500000815,30,CCW,-29.833049774169922,-0.3987242579460144,-0.07609182596206665,24.0827693939209,0.3262707591056824,39.61015319824219
1.8816078999952879,30,CCW,-29.767433166503906,-0.36611178517341614,-0.05614927411079407,24.0908260345459,0.31887760758399963,39.61076354980469
1.8909557000006316,30,CCW,-29.77018928527832,-0.42933735251426697,-0.11369971930980682,24.0827693939209,0.3139585852622986,39.61137008666992
1.9005328000057489,30,CCW,-29.77345085144043,-0.4933679401874542,0.02611035853624344,24.076322555541992,0.3212664723396301,39.612159729003906
1.9101525000005495,30,CCW,-29.672439575195312,-0.48436811566352844,-0.04352222755551338,24.076322555541992,0.31926587224006653,39.61273956298828
1.9202993000071729,30,CCW,-29.676021575927734,-0.5038427710533142,0.06641101092100143,24.089214324951172,0.36268964409828186,39.613685607910156
1.9304429000039818,30,CCW,-29.679378509521484,-0.520978569984436,0.027203265577554703,24.076322555541992,0.35725656151771545,39.61442184448242
1.9402177000010852,30,CCW,-29.682397842407227,-0.4966994524002075,0.07282543927431107,24.084379196166992,0.2957552373409271,39.61504364013672
1.950537800003076,30,CCW,-29.718788146972656,-0.5269054770469666,-0.10955312848091125,24.076322555541992,0.33112648129463196,39.61590576171875
1.9603564999997616,30,CCW,-29.79336929321289,-0.48821404576301575,0.15153805911540985,24.079545974731445,0.31674203276634216,39.61671447753906
1.9708954999950947,30,CCW,-29.829063415527344,-0.61037677526474,-0.17389756441116333,24.066654205322266,0.3621489405632019,39.61733627319336
1.980138500002795,30,CCW,-29.793014526367188,-0.46561214327812195,-0.0948837473988533,24.095659255981445,0.34212207794189453,39.61787796020508
1.9901582000020426,30,CCW,-29.688854217529297,-0.45127564668655396,0.10244426876306534,24.092437744140625,0.37260785698890686,39.618690490722656
6.400005077011883e-06,40,CCW,-39.55729293823242,-0.5692269206047058,-0.09001538902521133,24.08599090576172,0.520667314529419,39.98887634277344
0.012350200006039813,40,CCW,-39.55716323852539,-0.5592322945594788,0.14682622253894806,24.07309913635254,0.531230628490448,39.99065399169922
0.028987199999392033,40,CCW,-39.5245246887207,-0.6393733024597168,-0.09320667386054993,24.081157684326172,0.49880552291870117,39.99274444580078
0.042268500008503906,40,CCW,-39.5631103515625,-0.5827971696853638,-0.03336639329791069,24.084379196166992,0.5546227097511292,39.9940299987793
0.053596000012476,40,CCW,-39.49835968017578,-0.6853456497192383,-0.21037475764751434,24.08599090576172,0.5617748498916626,39.99563980102539
0.06463520000397693,40,CCW,-39.602333068847656,-0.6199126839637756,-0.0158018060028553,24.084379196166992,0.4880603551864624,39.99678421020508
0.0755978000088362,40,CCW,-39.638160705566406,-0.5362876653671265,0.3212819993495941,24.081157684326172,0.537004828453064,39.998023986816406
0.08547980000730604,40,CCW,-39.674285888671875,-0.5338680744171143,-0.10690123587846756,24.08599090576172,0.5140513777732849,39.999061584472656
0.0948839000047883,40,CCW,-39.60552215576172,-0.5625466108322144,0.16188731789588928,24.084379196166992,0.4987846314907074,39.99997329711914
0.10226970000076108,40,CCW,-39.576168060302734,-0.5838527083396912,-0.0037974119186401367,24.087602615356445,0.4800640344619751,40.00111770629883
0.11238130000128876,40,CCW,-39.61186218261719,-0.5974944829940796,-0.08309739828109741,24.07793426513672,0.5323632955551147,40.002403259277344
0.12311190000036731,40,CCW,-39.57909393310547,-0.5970453023910522,0.016231175512075424,24.081157684326172,0.5076990127563477,40.003684997558594
0.1334435000026133,40,CCW,-39.58293914794922,-0.5529890656471252,-0.08448135107755661,24.079545974731445,0.5602242946624756,40.00468826293945
0.14235430001281202,40,CCW,-39.55056381225586,-0.5759122371673584,-0.008915308862924576,24.084379196166992,0.4212511479854584,40.005950927734375
0.15295510001305956,40,CCW,-39.52094650268555,-0.6261006593704224,-0.130630761384964,24.0827693939209,0.5897671580314636,40.00749206542969
0.16329989999940153,40,CCW,-39.589317321777344,-0.5764836072921753,-0.024609597399830818,24.07309913635254,0.5335500836372375,40.00862503051758
0.1736702000052901,40,CCW,-39.5958251953125,-0.583959698677063,0.231990784406662,24.100494384765625,0.4847398102283478,40.010135650634766
0.18450940000184346,40,CCW,-39.70334243774414,-0.6466394066810608,-0.1846943348646164,24.089214324951172,0.494143009185791,40.011268615722656
0.19413270000950433,40,CCW,-39.706138610839844,-0.6202090978622437,0.08144664764404297,24.0827693939209,0.519523024559021,40.01203155517578
0.2029956000042148,40,CCW,-39.741703033447266,-0.6962984204292297,-0.08215877413749695,24.08599090576172,0.5063872337341309,40.01297378540039
0.211452300005476,40,CCW,-39.709327697753906,-0.6253669261932373,-0.1366834044456482,24.08599090576172,0.46381524205207825,40.01358413696289
0.22090350001235493,40,CCW,-39.60460662841797,-0.5907835364341736,-0.08650156855583191,24.07793426513672,0.5062902569770813,40.01466369628906
0.22993359999964014,40,CCW,-39.507049560546875,-0.5157713890075684,0.2403273731470108,24.074710845947266,0.4574377238750458,40.015933990478516
0.23908890000893734,40,CCW,-39.54619598388672,-0.5593029260635376,-0.027347372844815254,24.089214324951172,0.49387767910957336,40.0168571472168
0.24758390001079533,40,CCW,-39.448638916015625,-0.5923110842704773,0.0789896547794342,24.087602615356445,0.5156857371330261,40.01830291748047
0.2567344000126468,40,CCW,-39.5200309753418,-0.5993219614028931,-0.0614171177148819,24.089214324951172,0.5658435225486755,40.01960372924805
0.26548130001174286,40,CCW,-39.52265930175781,-0.5714423656463623,0.13666829466819763,24.076322555541992,0.5620779395103455,40.02056884765625
0.2739422000013292,40,CCW,-39.525848388671875,-0.5991124510765076,0.13756613433361053,24.100494384765625,0.5345084071159363,40.021644592285156
0.28201230001286604,40,CCW,-39.59724044799805,-0.5766793489456177,-0.04812828078866005,24.08599090576172,0.5863969922065735,40.02273178100586
0.29119260000879876,40,CCW,-39.66915512084961,-0.6004922389984131,0.08433394134044647,24.081157684326172,0.45682311058044434,40.02373123168945
0.30171790000167675,40,CCW,-39.71171569824219,-0.6772677898406982,-0.12552332878112793,24.07793426513672,0.5004242658615112,40.0247802734375
0.31237110000802204,40,CCW,-39.71503448486328,-0.6430084109306335,-0.16784971952438354,24.087602615356445,0.45969638228416443,40.025630950927734
0.3221541000093566,40,CCW,-39.64643859863281,-0.543304979801178,-0.04711433872580528,24.084379196166992,0.42069298028945923,40.02655792236328
0.3309014000114985,40,CCW,-39.682003021240234,-0.6232652068138123,-0.06616848707199097,24.087602615356445,0.41910597681999207,40.02742385864258
0.3400536000117427,40,CCW,-39.67885208129883,-0.6559638977050781,0.04971599578857422,24.089214324951172,0.4789353907108307,40.02811050415039
0.3502862000023015,40,CCW,-39.68838119506836,-0.5395551919937134,-0.12794509530067444,24.084379196166992,0.5190413594245911,40.02920150756836
0.3603570000123,40,CCW,-39.7243766784668,-0.6625059843063354,0.11916853487491608,24.079545974731445,0.5007023215293884,40.03022766113281
0.3702713000093354,40,CCW,-39.62363052368164,-0.5246949791908264,0.10909223556518555,24.076322555541992,0.4191894829273224,40.03115463256836
0.3802781000122195,40,CCW,-39.594444274902344,-0.6140217781066895,0.07523801177740097,24.089214324951172,0.45685839653015137,40.032474517822266
0.3904398000013316,40,CCW,-39.630401611328125,-0.5793455839157104,-0.07975411415100098,24.0908260345459,0.4322047531604767,40.03352737426758
0.40058200000203215,40,CCW,-39.52965545654297,-0.6400024890899658,0.2756787836551666,24.081157684326172,0.5675841569900513,40.034873962402344
0.41024820000166073,40,CCW,-39.56521987915039,-0.7130835652351379,0.03828911855816841,24.087602615356445,0.4542665481567383,40.03620910644531
0.4203049000061583,40,CCW,-39.562068939208984,-0.4864979386329651,0.14968548715114594,24.0908260345459,0.5058900117874146,40.03721237182617
0.4304236000025412,40,CCW,-39.60082244873047,-0.7134659886360168,-0.09984514862298965,24.079545974731445,0.5817065834999084,40.03821563720703
0.44070180000562686,40,CCW,-39.59767150878906,-0.5374144911766052,-0.02024754509329796,24.081157684326172,0.49869540333747864,40.03951644897461
0.4500408000021707,40,CCW,-39.5652961730957,-0.5854318737983704,0.0401349775493145,24.079545974731445,0.49973127245903015,40.040531158447266
0.4602034000126878,40,CCW,-39.600860595703125,-0.5614616274833679,-0.2205362468957901,24.0908260345459,0.49801892042160034,40.04182434082031
0.4702436000079615,40,CCW,-39.64039993286133,-0.5488528609275818,-0.056875038892030716,24.084379196166992,0.47619983553886414,40.04295349121094
0.4808824000065215,40,CCW,-39.682830810546875,-0.6315256953239441,-0.014075055718421936,24.07309913635254,0.4561103880405426,40.04389572143555
0.4902584000083152,40,CCW,-39.71852493286133,-0.5691627860069275,-0.12163358181715012,24.087602615356445,0.46069034934043884,40.04470443725586
0.5002080000122078,40,CCW,-39.64992904663086,-0.5376719236373901,0.1963055431842804,24.089214324951172,0.4401455223560333,40.04558563232422
0.5101430000067921,40,CCW,-39.653079986572266,-0.5674214363098145,-0.028922662138938904,24.087602615356445,0.47587788105010986,40.046810150146484
0.5202015000104439,40,CCW,-39.58120346069336,-0.6724874377250671,0.22981449961662292,24.097270965576172,0.49597516655921936,40.047855377197266
0.5303929000074277,40,CCW,-39.61676788330078,-0.5491914749145508,0.039563290774822235,24.084379196166992,0.48203909397125244,40.04880142211914
0.540450200001942,40,CCW,-39.6523323059082,-0.5881387591362,0.03541058301925659,24.081157684326172,0.5242553949356079,40.04976272583008
0.5503877000010107,40,CCW,-39.58715057373047,-0.6094306707382202,0.10189557820558548,24.081157684326172,0.5410009622573853,40.05079650878906
0.560387500008801,40,CCW,-39.62271499633789,-0.6041176319122314,-0.04510790854692459,24.07793426513672,0.46247878670692444,40.05206298828125
0.5703073000040604,40,CCW,-39.62629699707031,-0.6585738658905029,0.18725599348545074,24.08599090576172,0.4537557065486908,40.05296325683594
0.5803343000006862,40,CCW,-39.629486083984375,-0.6460232734680176,0.00217263400554657,24.079545974731445,0.5560835003852844,40.05437088012695
0.5900282000075094,40,CCW,-39.70123291015625,-0.601123034954071,-0.0918136015534401,24.089214324951172,0.5033236145973206,40.0551643371582
0.6000281000015093,40,CCW,-39.66885757446289,-0.5171953439712524,-0.058669961988925934,24.076322555541992,0.49412181973457336,40.05610275268555
0.6107207000022754,40,CCW,-39.63674545288086,-0.5970609784126282,0.0035631805658340454,24.076322555541992,0.4626089036464691,40.0578727722168
0.6220739000127651,40,CCW,-39.67257308959961,-0.5437467694282532,-0.0737781822681427,24.079545974731445,0.5495584011077881,40.058345794677734
0.6301745000091614,40,CCW,-39.607391357421875,-0.6624932289123535,0.03545592725276947,24.07793426513672,0.5371959209442139,40.05905532836914
0.6401943000091705,40,CCW,-39.715396881103516,-0.5931195616722107,-0.029400629922747612,24.089214324951172,0.4742546081542969,40.06013870239258
0.6503005000122357,40,CCW,-39.75441360473633,-0.6290416121482849,0.028035173192620277,24.081157684326172,0.45558249950408936,40.06076431274414
0.6600435000000289,40,CCW,-39.68979263305664,-0.5840095281600952,-0.12663432955741882,24.089214324951172,0.40988078713417053,40.061580657958984
0.6705258000001777,40,CCW,-39.72522735595703,-0.5248313546180725,0.09949743747711182,24.087602615356445,0.5414392352104187,40.062599182128906
0.6804891000065254,40,CCW,-39.692684173583984,-0.5914683938026428,0.12894496321678162,24.081157684326172,0.5187178254127502,40.06357192993164
0.6904289000085555,40,CCW,-39.764244079589844,-0.573468804359436,-0.1088070347905159,24.09404945373535,0.519387423992157,40.06449890136719
0.7001990999997361,40,CCW,-39.76704025268555,-0.562217652797699,-0.0111989825963974,24.087602615356445,0.44685855507850647,40.068115234375
0.7512055000115652,40,CCW,-39.774017333984375,-0.6248838901519775,0.1996072232723236,24.08599090576172,0.49856582283973694,40.068668365478516
0.7568319999991218,40,CCW,-39.7412109375,-0.5479012727737427,0.3042941987514496,24.079545974731445,0.5386297702789307,40.06922149658203
0.7632061000040267,40,CCW,-39.708740234375,-0.5394463539123535,-0.0389847606420517,24.089214324951172,0.5105041861534119,40.06963348388672
0.7689076000096975,40,CCW,-39.708740234375,-0.5993542075157166,0.13296891748905182,24.084379196166992,0.4953291714191437,40.07013702392578
0.7739375000091968,40,CCW,-39.67278289794922,-0.5669826865196228,0.0005171224474906921,24.08599090576172,0.48171836137771606,40.07059860229492
0.7798829000093974,40,CCW,-39.64040756225586,-0.5732215046882629,-0.0021708961576223373,24.081157684326172,0.42131006717681885,40.07133102416992
0.7863683000032324,40,CCW,-39.67597198486328,-0.5235964059829712,-0.08634264767169952,24.08599090576172,0.5199617743492126,40.07182312011719
0.7920713000057731,40,CCW,-39.71192932128906,-0.6339781880378723,-0.09364987909793854,24.08599090576172,0.4938281178474426,40.0723762512207
0.798231200009468,40,CCW,-39.6795539855957,-0.4818342626094818,-0.0024555400013923645,24.084379196166992,0.49114909768104553,40.07299041748047
0.8057033000077354,40,CCW,-39.718570709228516,-0.7290367484092712,-0.03537972271442413,24.089214324951172,0.5011449456214905,40.07372283935547
0.8125049000082072,40,CCW,-39.68593215942383,-0.48462557792663574,-0.2270464301109314,24.081157684326172,0.4497837424278259,40.07448959350586
0.8206168000033358,40,CCW,-39.6889533996582,-0.5900583863258362,0.09164152294397354,24.087602615356445,0.45895102620124817,40.07505798339844
0.8301406000100542,40,CCW,-39.65316390991211,-0.5222057104110718,-0.03422534093260765,24.079545974731445,0.49311402440071106,40.075965881347656
0.840470600000117,40,CCW,-39.72468566894531,-0.5780006647109985,-0.16681797802448273,24.0827693939209,0.5231003165245056,40.0770378112793
0.8502065000066068,40,CCW,-39.7281379699707,-0.5717482566833496,0.22169151902198792,24.076322555541992,0.4535854160785675,40.07768249511719
0.8601482000085525,40,CCW,-39.73530197143555,-0.5799740552902222,-0.057527147233486176,24.089214324951172,0.535018265247345,40.079017639160156
0.8700986000039848,40,CCW,-39.702232360839844,-0.5867525339126587,-0.028335899114608765,24.092437744140625,0.47693073749542236,40.079620361328125
0.8804345000098692,40,CCW,-39.66644287109375,-0.6201363205909729,-0.03207528963685036,24.076322555541992,0.5146016478538513,40.08082580566406
0.8904200000106357,40,CCW,-39.636993408203125,-0.592982828617096,-0.061289746314287186,24.089214324951172,0.5613908767700195,40.08184814453125
0.9004484000033699,40,CCW,-39.604225158691406,-0.6344250440597534,0.21229365468025208,24.0827693939209,0.38108891248703003,40.08259963989258
0.9102191000129096,40,CCW,-39.67561721801758,-0.5466881394386292,-0.09558013081550598,24.089214324951172,0.46266645193099976,40.083744049072266
0.9201487000100315,40,CCW,-39.64297866821289,-0.623358428478241,0.21570934355258942,24.0827693939209,0.5211091041564941,40.084938049316406
0.9317292000050656,40,CCW,-39.61021041870117,-0.6758133769035339,-0.03184107691049576,24.068265914916992,0.42867425084114075,40.08587646484375
0.9402354000048945,40,CCW,-39.681732177734375,-0.5854922533035278,0.11278723180294037,24.0827693939209,0.4396474063396454,40.08694076538086
0.9504264999995939,40,CCW,-39.717559814453125,-0.6450339555740356,0.10636544227600098,24.081157684326172,0.5222131609916687,40.08769607543945
0.9603687000053469,40,CCW,-39.75312423706055,-0.5934870839118958,-0.007186442613601685,24.089214324951172,0.5455111265182495,40.08839416503906
0.9700869000080274,40,CCW,-39.78908157348633,-0.5233105421066284,-0.048866286873817444,24.089214324951172,0.5134063363075256,40.08927536010742
0.9802273000095738,40,CCW,-39.789119720458984,-0.5674298405647278,-0.10498396307229996,24.087602615356445,0.5214508175849915,40.0899543762207
0.9901429000019561,40,CCW,-39.824851989746094,-0.6880552172660828,-0.06775499135255814,24.07793426513672,0.5741669535636902,40.09049987792969
1.000333900010446,40,CCW,-39.792476654052734,-0.4755350649356842,0.07141352444887161,24.089214324951172,0.46022045612335205,40.091041564941406
1.0102678000112064,40,CCW,-39.828041076660156,-0.6780987977981567,-0.07356485724449158,24.07793426513672,0.5339670777320862,40.09205627441406
1.0202744000125676,40,CCW,-39.79225158691406,-0.6530826687812805,-0.15359652042388916,24.089214324951172,0.47640860080718994,40.09273147583008
1.0302446999994572,40,CCW,-39.76263427734375,-0.5845319628715515,-0.08275438845157623,24.089214324951172,0.3823127746582031,40.093666076660156
1.040206500008935,40,CCW,-39.66166305541992,-0.6984620690345764,-0.10543978214263916,24.084379196166992,0.5271837711334229,40.09479904174805
1.050002100004349,40,CCW,-39.664852142333984,-0.5344132781028748,0.026367083191871643,24.074710845947266,0.5121251344680786,40.095333099365234
1.060360600007698,40,CCW,-39.736244201660156,-0.581021785736084,0.09374146163463593,24.089214324951172,0.4948090612888336,40.096221923828125
1.0703954000055091,40,CCW,-39.736244201660156,-0.545497477054596,0.050743624567985535,24.08599090576172,0.4535277783870697,40.096900939941406
1.0801528000010876,40,CCW,-39.73969650268555,-0.6171368360519409,0.03909663110971451,24.08599090576172,0.5168692469596863,40.09779739379883
1.0901188000134425,40,CCW,-39.71339797973633,-0.6260110139846802,-0.07298301160335541,24.092437744140625,0.4805329144001007,40.09873580932617
1.100124100004905,40,CCW,-39.81802749633789,-0.5712568759918213,-0.06426770985126495,24.081157684326172,0.4626224935054779,40.099300384521484
1.1102968000050168,40,CCW,-39.85359191894531,-0.6519444584846497,-0.054477810859680176,24.089214324951172,0.5716985464096069,40.100135803222656
1.120485400009784,40,CCW,-39.85398483276367,-0.5527826547622681,-0.10304535925388336,24.06504249572754,0.5670932531356812,40.10068893432617
1.130311700006132,40,CCW,-39.82164764404297,-0.5843015313148499,0.06182587146759033,24.07309913635254,0.4299512803554535,40.10112762451172
1.1405178000131855,40,CCW,-39.78904724121094,-0.5958663821220398,0.05799710750579834,24.105329513549805,0.4669345021247864,40.101680755615234
1.1500943999999436,40,CCW,-39.75667190551758,-0.5783261656761169,0.0886998102068901,24.087602615356445,0.4367334544658661,40.10220718383789
1.1602588000096148,40,CCW,-39.76012420654297,-0.4531693458557129,0.09249739348888397,24.095659255981445,0.5010356903076172,40.103267669677734
1.1704230000032112,40,CCW,-39.7668571472168,-0.709433913230896,-0.011242665350437164,24.074710845947266,0.5003165006637573,40.10408020019531
1.1800621000002138,40,CCW,-39.66549301147461,-0.570591390132904,-0.05662577226758003,24.08599090576172,0.5386019945144653,40.10496139526367
1.1904058000072837,40,CCW,-39.66868209838867,-0.5151808857917786,0.07120507210493088,24.08599090576172,0.5042259693145752,40.105960845947266
1.2000971000088612,40,CCW,-39.66868209838867,-0.7302968502044678,0.05374447628855705,24.0827693939209,0.5205618143081665,40.10676574707031
1.210082700010389,40,CCW,-39.63928985595703,-0.6524067521095276,0.16070137917995453,24.092437744140625,0.48908767104148865,40.108177185058594
1.2233421000128146,40,CCW,-39.71422576904297,-0.565775990486145,-0.019160248339176178,24.084379196166992,0.4688735902309418,40.10942459106445
1.2345957000070484,40,CCW,-39.64947509765625,-0.570534884929657,-0.012545071542263031,24.089214324951172,0.5521435141563416,40.11038589477539
1.240633200010052,40,CCW,-39.652793884277344,-0.6699806451797485,-0.15601389110088348,24.095659255981445,0.4735077917575836,40.1110954284668
1.2501862000062829,40,CCW,-39.68858337402344,-0.5501540303230286,0.05698399990797043,24.08599090576172,0.42397794127464294,40.11180877685547
1.2601189000124577,40,CCW,-39.65620803833008,-0.591841459274292,-0.04339061677455902,24.087602615356445,0.5232020020484924,40.11284255981445
1.2702063000033377,40,CCW,-39.763519287109375,-0.6405265927314758,-0.03801682963967323,24.084379196166992,0.4067201614379883,40.113590240478516
1.280537300001015,40,CCW,-39.76355743408203,-0.6257502436637878,-0.03440791368484497,24.08599090576172,0.45479029417037964,40.1142692565918
1.2903160999994725,40,CCW,-39.79912185668945,-0.654946506023407,0.04818393290042877,24.079545974731445,0.5796731114387512,40.115013122558594
1.300336000000243,40,CCW,-39.79955291748047,-0.593011200428009,0.1715209186077118,24.087602615356445,0.4708811640739441,40.11549377441406
1.3103433000069344,40,CCW,-39.76359558105469,-0.6048644185066223,-0.11922360956668854,24.089214324951172,0.6087818145751953,40.11641311645508
1.3201277000043774,40,CCW,-39.79955291748047,-0.5510680675506592,-0.027385763823986053,24.092437744140625,0.5266784429550171,40.116966247558594
1.3300845000048866,40,CCW,-39.76717758178711,-0.5974776148796082,0.18328681588172913,24.0827693939209,0.5198211073875427,40.11763381958008
1.3404857000132324,40,CCW,-39.73497009277344,-0.674781084060669,-0.1792486160993576,24.089214324951172,0.45749056339263916,40.118751525878906
1.3504975000105333,40,CCW,-39.73527145385742,-0.5830942988395691,0.001361168920993805,24.0827693939209,0.5188246965408325,40.119544982910156
1.3600032000103965,40,CCW,-39.7025032043457,-0.5275354981422424,-0.01578628271818161,24.0908260345459,0.467705637216568,40.120418548583984
1.3703114000090864,40,CCW,-39.73849868774414,-0.6823030114173889,-0.20304864645004272,24.0827693939209,0.5156974196434021,40.12147903442383
1.3803164000128163,40,CCW,-39.70573043823242,-0.4878615736961365,0.1866796612739563,24.084379196166992,0.5019765496253967,40.12215042114258
1.3901425000076415,40,CCW,-39.741294860839844,-0.6072284579277039,-0.0925183892250061,24.087602615356445,0.4977231025695801,40.122920989990234
1.4000287000089884,40,CCW,-39.708919525146484,-0.6475632190704346,0.10607381165027618,24.071489334106445,0.4724141061306,40.12364196777344
1.4108848000032594,40,CCW,-39.676544189453125,-0.5602049231529236,0.22069060802459717,24.087602615356445,0.4479024410247803,40.12501525878906
1.4241915000020526,40,CCW,-39.718448638916016,-0.5340002775192261,0.017997756600379944,24.09404945373535,0.4285678267478943,40.126007080078125
1.4332800000120187,40,CCW,-39.718223571777344,-0.6422995328903198,-0.10982383042573929,24.081157684326172,0.4732106924057007,40.12683868408203
1.4436532000108855,40,CCW,-39.78974533081055,-0.5221077799797058,0.06755795329809189,24.095659255981445,0.5062347054481506,40.127403259277344
1.4504291000048397,40,CCW,-39.757633209228516,-0.5627602338790894,0.09670165926218033,24.07309913635254,0.4275825023651123,40.12794876098633
1.4600479000073392,40,CCW,-39.725257873535156,-0.7089975476264954,0.09621341526508331,24.097270965576172,0.4545004963874817,40.12874221801758
1.4703611000004457,40,CCW,-39.764442443847656,-0.561433732509613,0.016782626509666443,24.087602615356445,0.5705748796463013,40.12966537475586
1.4800325000105659,40,CCW,-39.696109771728516,-0.6136346459388733,0.1306004673242569,24.08599090576172,0.47792917490005493,40.130401611328125
1.4904050000041025,40,CCW,-39.77121353149414,-0.5751833319664001,0.20474956929683685,24.0827693939209,0.4243561625480652,40.13118362426758
1.5000347000022884,40,CCW,-39.803627014160156,-0.5806010365486145,0.16976329684257507,24.079545974731445,0.43900594115257263,40.13180160522461
1.5103786000108812,40,CCW,-39.77470397949219,-0.5785031318664551,0.009660303592681885,24.089214324951172,0.4759495258331299,40.1324577331543
1.5201442000106908,40,CCW,-39.81428146362305,-0.5915123224258423,-0.14605528116226196,24.095659255981445,0.5035857558250427,40.133235931396484
1.5301553000026615,40,CCW,-39.81773376464844,-0.6170653104782104,-0.0611429288983345,24.0827693939209,0.48154959082603455,40.13382339477539
1.5404029000055743,40,CCW,-39.82476806640625,-0.6366780400276184,0.04200281202793121,24.08599090576172,0.49380362033843994,40.134544372558594
1.5503572000015993,40,CCW,-39.86072540283203,-0.5085394978523254,0.07853133231401443,24.074710845947266,0.5005423426628113,40.13526916503906
1.5602325000072597,40,CCW,-39.82835006713867,-0.61979079246521,0.02791678160429001,24.0827693939209,0.51645427942276,40.13603591918945
1.5701229000114836,40,CCW,-39.86408233642578,-0.4797106385231018,-0.12997108697891235,24.092437744140625,0.5443825125694275,40.13656234741211
1.5803256000071997,40,CCW,-39.796142578125,-0.6153061985969543,0.10286188870668411,24.07793426513672,0.5068473815917969,40.13713455200195
1.5900617000006605,40,CCW,-39.76376724243164,-0.5499721169471741,0.0018391543999314308,24.108551025390625,0.44663557410240173,40.13784408569336
1.6004780000075698,40,CCW,-39.72797775268555,-0.5805636644363403,-0.09218169003725052,24.092437744140625,0.560331404209137,40.13872528076172
1.6103975000005448,40,CCW,-39.76712417602539,-0.5969074964523315,0.010731413960456848,24.081157684326172,0.556117057800293,40.139583587646484
1.6205311000085203,40,CCW,-39.770442962646484,-0.5659233331680298,-0.10965603590011597,24.0827693939209,0.5584903359413147,40.14044189453125
1.6304282000055537,40,CCW,-39.741050720214844,-0.5699634552001953,0.10262088477611542,24.066654205322266,0.5150586366653442,40.1411247253418
1.6405819000065094,40,CCW,-39.7080192565918,-0.6037657260894775,-0.02673688530921936,24.087602615356445,0.4743679165840149,40.142093658447266
1.6500278000021353,40,CCW,-39.74397659301758,-0.5932542681694031,-0.06364266574382782,24.071489334106445,0.46104323863983154,40.142662048339844
1.6603391000098782,40,CCW,-39.67922592163086,-0.6116916537284851,0.12012135982513428,24.08599090576172,0.5609285235404968,40.143836975097656
1.6701353000098607,40,CCW,-39.75117874145508,-0.6434705853462219,-0.17444272339344025,24.092437744140625,0.44204312562942505,40.14474105834961
1.6803940000099828,40,CCW,-39.71824264526367,-0.634122371673584,0.22313237190246582,24.07309913635254,0.4475455582141876,40.14549255371094
1.6904150000045775,40,CCW,-39.68862533569336,-0.624371349811554,-0.07762865722179413,24.081157684326172,0.49660947918891907,40.14652633666992
1.7001309000042966,40,CCW,-39.75718307495117,-0.5804322361946106,-0.030426451936364174,24.087602615356445,0.5491583347320557,40.15032958984375
1.7482601000083378,40,CCW,-39.905765533447266,-0.554599404335022,-0.13034549355506897,24.0827693939209,0.4650317132472992,40.15087890625
1.7547362000041176,40,CCW,-39.873390197753906,-0.49674832820892334,-0.0579981803894043,24.08599090576172,0.485422819852829,40.15114212036133
1.7602198000095086,40,CCW,-39.84075164794922,-0.6348668336868286,0.17099137604236603,24.087602615356445,0.5290400981903076,40.151580810546875
1.7655924999999115,40,CCW,-39.77241897583008,-0.6163281202316284,-0.07547946274280548,24.07793426513672,0.576826810836792,40.15196990966797
1.770551699999487,40,CCW,-39.80811309814453,-0.5571619272232056,-0.06900932639837265,24.071489334106445,0.4789332151412964,40.15249252319336
1.7757802000123775,40,CCW,-39.81109619140625,-0.5550015568733215,-0.08933411538600922,24.08599090576172,0.4018973708152771,40.15272521972656
1.7841737000126159,40,CCW,-39.74276351928711,-0.6367242336273193,0.008313357830047607,24.07309913635254,0.48436489701271057,40.15331268310547
1.7892718000075547,40,CCW,-39.74595260620117,-0.5465124249458313,0.028487354516983032,24.0827693939209,0.45900052785873413,40.153839111328125
1.7969087000092259,40,CCW,-39.81769943237305,-0.5660142302513123,-0.15174600481987,24.07309913635254,0.5062317848205566,40.154300689697266
1.8033205000101589,40,CCW,-39.78217315673828,-0.5810671448707581,-0.030747711658477783,24.0827693939209,0.45886486768722534,40.15452194213867
1.81080400000792,40,CCW,-39.78217315673828,-0.620391309261322,-0.07117197662591934,24.08599090576172,0.49122047424316406,40.15507507324219
1.820310100010829,40,CCW,-39.81790542602539,-0.6401848196983337,-0.044018447399139404,24.092437744140625,0.4797092378139496,40.1558723449707
1.8301964000129374,40,CCW,-39.74996566772461,-0.5793309807777405,-0.004452027380466461,24.076322555541992,0.4764169454574585,40.156517028808594
1.8403806000133045,40,CCW,-39.78553009033203,-0.5314807891845703,-0.16549566388130188,24.079545974731445,0.5067591667175293,40.157562255859375
1.8501820000092266,40,CCW,-39.714176177978516,-0.5836405158042908,-0.1173228845000267,24.06987762451172,0.49645477533340454,40.15829086303711
1.8601033000013558,40,CCW,-39.68193054199219,-0.5240890383720398,-0.12826837599277496,24.089214324951172,0.5164393782615662,40.15914535522461
1.8701373000076273,40,CCW,-39.7208137512207,-0.5075845718383789,0.10153002291917801,24.0827693939209,0.47637587785720825,40.16029739379883
1.8821556000038981,40,CCW,-39.79286193847656,-0.6263552904129028,0.1852884441614151,24.084379196166992,0.488577663898468,40.160804748535156
1.8904839000024367,40,CCW,-39.724266052246094,-0.6443399786949158,-0.026906117796897888,24.087602615356445,0.5362117290496826,40.16176223754883
1.9004295000049751,40,CCW,-39.72702407836914,-0.5712316036224365,0.024382881820201874,24.079545974731445,0.5210440158843994,40.16273880004883
1.9102039999997942,40,CCW,-39.7270622253418,-0.5679792165756226,0.187029168009758,24.089214324951172,0.5540347695350647,40.1635627746582
1.9200591000117129,40,CCW,-39.76262664794922,-0.4746339023113251,-0.10024082660675049,24.060209274291992,0.5637277960777283,40.16423416137695
1.9304269999993267,40,CCW,-39.76643371582031,-0.5898589491844177,0.011421531438827515,24.079545974731445,0.5643869638442993,40.16556930541992
1.9467593000008492,40,CCW,-39.70457077026367,-0.6005430817604065,-0.0855797603726387,24.10210609436035,0.5262542963027954,40.16641616821289
1.957281300012255,40,CCW,-39.67137145996094,-0.6052632927894592,0.046935275197029114,24.092437744140625,0.4987068474292755,40.1674919128418
1.968203900003573,40,CCW,-39.70693588256836,-0.6637439727783203,-0.06667282432317734,24.09404945373535,0.5151258707046509,40.16842269897461
1.9786108000116656,40,CCW,-39.74634552001953,-0.5966839790344238,0.12596866488456726,24.068265914916992,0.5548151135444641,40.16950225830078
1.9922855000040727,40,CCW,-39.71397018432617,-0.5912918448448181,0.046578407287597656,24.079545974731445,0.5079483985900879,40.17053985595703
2.0031658000079915,40,CCW,-39.74996566772461,-0.6183521151542664,0.06482532620429993,24.081157684326172,0.5166558027267456,40.17138671875
4.899993655271828e-06,50,CCW,-49.69612503051758,-0.6873002052307129,0.1642971783876419,24.071489334106445,0.676474392414093,40.47786331176758
0.011533400000189431,50,CCW,-49.76768493652344,-0.7123894691467285,-0.16267703473567963,24.084379196166992,0.6725816130638123,40.47899627685547
0.02104459999827668,50,CCW,-49.76768493652344,-0.6377450227737427,0.23677955567836761,24.07793426513672,0.7264413237571716,40.47971725463867
0.03179709998948965,50,CCW,-49.77100372314453,-0.5677120685577393,-0.09431855380535126,24.08599090576172,0.6692069172859192,40.48065185546875
0.0420114000007743,50,CCW,-49.738365173339844,-0.6614058017730713,-0.02378040924668312,24.07793426513672,0.7543056011199951,40.48149490356445
0.05103459999372717,50,CCW,-49.67292022705078,-0.6597963571548462,-0.020653607323765755,24.079545974731445,0.772391140460968,40.48280334472656
0.06290170000283979,50,CCW,-49.640377044677734,-0.6160153150558472,0.12018685042858124,24.07793426513672,0.6756914854049683,40.48359680175781
0.07206959999166429,50,CCW,-49.67567825317383,-0.643751859664917,0.016284450888633728,24.081157684326172,0.7388066053390503,40.48481369018555
0.08184119999350514,50,CCW,-49.64330291748047,-0.6696464419364929,-0.022272493690252304,24.0827693939209,0.736986517906189,40.48591995239258
0.09147059998940676,50,CCW,-49.61075973510742,-0.6611251831054688,-0.16509422659873962,24.079545974731445,0.6816341876983643,40.4874267578125
0.10111789999064058,50,CCW,-49.649776458740234,-0.580127477645874,-0.08331998437643051,24.08599090576172,0.6875132918357849,40.488380432128906
0.11022740000043996,50,CCW,-49.62081527709961,-0.5921618938446045,0.006883800029754639,24.084379196166992,0.6760282516479492,40.48950958251953
0.12050059999455698,50,CCW,-49.659568786621094,-0.6236739754676819,0.19879314303398132,24.087602615356445,0.621786892414093,40.49052810668945
0.1301445999997668,50,CCW,-49.69894027709961,-0.6182231903076172,0.07097004354000092,24.087602615356445,0.6516616344451904,40.49165725708008
0.14043899999524,50,CCW,-49.737693786621094,-0.7376025915145874,0.05546830594539642,24.07793426513672,0.6519125699996948,40.49284362792969
0.1504467999911867,50,CCW,-49.77667236328125,-0.7063096761703491,-0.2628417909145355,24.0827693939209,0.6286265254020691,40.49386978149414
0.16060570000263397,50,CCW,-49.70807647705078,-0.71519935131073,0.021700501441955566,24.089214324951172,0.6040341258049011,40.49486541748047
0.17024169999058358,50,CCW,-49.7436408996582,-0.7076400518417358,-0.046297311782836914,24.0827693939209,0.721095621585846,40.49576950073242
0.1802618999936385,50,CCW,-49.711395263671875,-0.6336128115653992,-0.05998024344444275,24.084379196166992,0.667184054851532,40.496944427490234
0.19073109999590088,50,CCW,-49.71458435058594,-0.6356871128082275,0.3030344545841217,24.079545974731445,0.65081787109375,40.49789810180664
0.200788799993461,50,CCW,-49.71471405029297,-0.6415295600891113,-0.0020422060042619705,24.07793426513672,0.6040039658546448,40.49885177612305
0.21019620000151917,50,CCW,-49.685096740722656,-0.5997844934463501,-0.018827766180038452,24.079545974731445,0.633095383644104,40.499725341796875
0.2202638000017032,50,CCW,-49.685001373291016,-0.6341621279716492,0.135917067527771,24.08599090576172,0.7955805659294128,40.50072479248047
0.2301197999913711,50,CCW,-49.61308670043945,-0.7176165580749512,0.042496271431446075,24.084379196166992,0.6453912258148193,40.50193405151367
0.2401125000033062,50,CCW,-49.583038330078125,-0.591968297958374,0.039058126509189606,24.081157684326172,0.7253262400627136,40.5032958984375
0.25022299999545794,50,CCW,-49.518287658691406,-0.6509973406791687,-0.008414462208747864,24.06987762451172,0.712838888168335,40.50477600097656
0.2604945999919437,50,CCW,-49.66168975830078,-0.6721469163894653,0.06838928908109665,24.087602615356445,0.6759271621704102,40.506221771240234
0.2704168999916874,50,CCW,-49.632503509521484,-0.7184417247772217,-0.014814764261245728,24.087602615356445,0.6413053274154663,40.507293701171875
0.28310839999176096,50,CCW,-49.704288482666016,-0.6472670435905457,0.1793866753578186,24.0827693939209,0.6271230578422546,40.50859069824219
0.2901196000020718,50,CCW,-49.671913146972656,-0.6946442723274231,0.2691625654697418,24.07793426513672,0.6612778306007385,40.50918960571289
0.30024589999811724,50,CCW,-49.74369812011719,-0.6172659397125244,0.02742069959640503,24.089214324951172,0.7113034725189209,40.51039123535156
0.31025429999863263,50,CCW,-49.67894744873047,-0.7326084971427917,0.04452785104513168,24.087602615356445,0.6425458192825317,40.51150894165039
0.3202980999922147,50,CCW,-49.71451187133789,-0.6322958469390869,-0.027621008455753326,24.079545974731445,0.6791353225708008,40.51263427734375
0.3303373999951873,50,CCW,-49.64976119995117,-0.6146408915519714,0.20563377439975739,24.087602615356445,0.6407890915870667,40.513710021972656
0.3403531999938423,50,CCW,-49.75392150878906,-0.6890461444854736,0.16227485239505768,24.079545974731445,0.518944501876831,40.51493835449219
0.3504878999956418,50,CCW,-49.68933868408203,-0.6279020309448242,-0.03538735955953598,24.0827693939209,0.6342724561691284,40.51609802246094
0.36025089999020565,50,CCW,-49.75770950317383,-0.6759881377220154,0.2730410695075989,24.07309913635254,0.6484121084213257,40.517208099365234
0.370384699999704,50,CCW,-49.76089859008789,-0.607581377029419,-0.02939591184258461,24.07793426513672,0.6588356494903564,40.51825714111328
0.38026689999969676,50,CCW,-49.7640495300293,-0.644801914691925,0.02149440348148346,24.087602615356445,0.6237916946411133,40.51908493041992
0.3904795999987982,50,CCW,-49.727867126464844,-0.6308228969573975,0.08842003345489502,24.084379196166992,0.6530748009681702,40.52006530761719
0.4004835999949137,50,CCW,-49.695228576660156,-0.5991805195808411,0.0940852239727974,24.089214324951172,0.5543942451477051,40.521114349365234
0.4104139999981271,50,CCW,-49.73109436035156,-0.6943084597587585,-0.18540365993976593,24.0827693939209,0.7524875998497009,40.52229690551758
0.4201570000004722,50,CCW,-49.766788482666016,-0.6796053647994995,-0.06578697264194489,24.084379196166992,0.7432464361190796,40.523128509521484
0.4301728999998886,50,CCW,-49.73674011230469,-0.6523820161819458,0.1400807648897171,24.089214324951172,0.749794602394104,40.52407455444336
0.4404683000029763,50,CCW,-49.77913284301758,-0.6521152257919312,-0.028023988008499146,24.0827693939209,0.6940529942512512,40.524845123291016
0.45027139999729116,50,CCW,-49.74675750732422,-0.590326726436615,-0.07608918845653534,24.08599090576172,0.6464977860450745,40.52573776245117
0.4605645999981789,50,CCW,-49.75020980834961,-0.6189154982566833,-0.06347553431987762,24.074710845947266,0.5549638271331787,40.526756286621094
0.4700572000001557,50,CCW,-49.64989471435547,-0.6401090025901794,-0.17546220123767853,24.07309913635254,0.4864444434642792,40.52777862548828
0.4802528000000166,50,CCW,-49.725093841552734,-0.6278218030929565,0.09151658415794373,24.081157684326172,0.5780362486839294,40.52910614013672
0.4902809999912279,50,CCW,-49.623390197753906,-0.5485534071922302,-0.09490342438220978,24.081157684326172,0.6355605721473694,40.529991149902344
0.5003692000027513,50,CCW,-49.734153747558594,-0.7037590742111206,-0.06543076783418655,24.0827693939209,0.6965603828430176,40.53130340576172
0.5101313999912236,50,CCW,-49.580474853515625,-0.5742765069007874,-0.3133727014064789,24.0827693939209,0.6638082265853882,40.537471771240234
0.5623380000033649,50,CCW,-49.6193962097168,-0.6865068674087524,-0.08255977928638458,24.092437744140625,0.586824893951416,40.538612365722656
0.5692253000015626,50,CCW,-49.62297821044922,-0.6434957981109619,-0.07267141342163086,24.07793426513672,0.6372750997543335,40.53963088989258
0.5760987999965437,50,CCW,-49.59060287475586,-0.6042531728744507,-0.06289157271385193,24.084379196166992,0.6777990460395813,40.540653228759766
0.5819914000021527,50,CCW,-49.629451751708984,-0.6621644496917725,-0.06673482060432434,24.100494384765625,0.8208923935890198,40.54140853881836
0.5878998999978648,50,CCW,-49.629451751708984,-0.6223017573356628,-0.02552410401403904,24.084379196166992,0.5659241676330566,40.54202651977539
0.5929323000018485,50,CCW,-49.564701080322266,-0.734049916267395,0.12831054627895355,24.09404945373535,0.6893889904022217,40.542686462402344
0.5973214999976335,50,CCW,-49.63644790649414,-0.690043568611145,-0.03357887268066406,24.07309913635254,0.6755175590515137,40.54326629638672
0.6030208000011044,50,CCW,-49.67227554321289,-0.5661082863807678,-0.14219319820404053,24.087602615356445,0.5931992530822754,40.54383087158203
0.6087337999924785,50,CCW,-49.67227554321289,-0.6940035223960876,-0.004073470830917358,24.08599090576172,0.7651150226593018,40.54461669921875
0.6152461000019684,50,CCW,-49.64348220825195,-0.6647545099258423,-0.04417961463332176,24.087602615356445,0.7936843633651733,40.54542541503906
0.6216830999910599,50,CCW,-49.7150993347168,-0.6049016118049622,-0.16149985790252686,24.084379196166992,0.6837796568870544,40.54620361328125
0.6302163999935146,50,CCW,-49.649654388427734,-0.7621876001358032,0.024583332240581512,24.08599090576172,0.7421389222145081,40.54708480834961
0.6403846000030171,50,CCW,-49.68919372558594,-0.714771032333374,-0.13490556180477142,24.081157684326172,0.7146353125572205,40.54811477661133
0.6502678999968339,50,CCW,-49.65914535522461,-0.7236289978027344,0.11719666421413422,24.08599090576172,0.6444347500801086,40.54922866821289
0.6602635000017472,50,CCW,-49.734344482421875,-0.6594868302345276,-0.10146036744117737,24.087602615356445,0.7843677997589111,40.55015563964844
0.6701332999946317,50,CCW,-49.77375411987305,-0.5912268161773682,0.13126623630523682,24.084379196166992,0.645370364189148,40.550987243652344
0.6800598999980139,50,CCW,-49.842124938964844,-0.6178015470504761,0.21686066687107086,24.081157684326172,0.5382344126701355,40.552181243896484
0.6904664000030607,50,CCW,-49.77021026611328,-0.6067759394645691,0.003138601779937744,24.08599090576172,0.6495130062103271,40.552818298339844
0.7003312000015285,50,CCW,-49.80892562866211,-0.5943441390991211,-0.06227771192789078,24.087602615356445,0.7167431712150574,40.55372619628906
0.710035500000231,50,CCW,-49.7793083190918,-0.6042605638504028,0.007655590772628784,24.074710845947266,0.7503080368041992,40.554527282714844
0.7201457999908598,50,CCW,-49.851524353027344,-0.6276366114616394,-0.18147972226142883,24.0827693939209,0.5615326762199402,40.55522537231445
0.7300953999947524,50,CCW,-49.78969955444336,-0.6626189947128296,-0.008237496018409729,24.07793426513672,0.610424280166626,40.55598831176758
0.7404166999913286,50,CCW,-49.75693130493164,-0.5619635581970215,-0.05582987144589424,24.079545974731445,0.7496089339256287,40.55733108520508
0.750497599990922,50,CCW,-49.69234848022461,-0.6340636610984802,0.013796582818031311,24.079545974731445,0.6233544945716858,40.558197021484375
0.760505700003705,50,CCW,-49.72843933105469,-0.6479961276054382,-0.042040321975946426,24.0908260345459,0.689010739326477,40.55908966064453
0.7700429999968037,50,CCW,-49.66325759887695,-0.6307203769683838,0.17950257658958435,24.089214324951172,0.733159601688385,40.56017303466797
0.7800551999971503,50,CCW,-49.7354736328125,-0.7382856011390686,-0.15661001205444336,24.0827693939209,0.6513538360595703,40.56139373779297
0.7902873999992153,50,CCW,-49.670291900634766,-0.5678731203079224,0.17301015555858612,24.084379196166992,0.7286219000816345,40.562461853027344
0.8003720999986399,50,CCW,-49.7420768737793,-0.6296378970146179,-0.0025846175849437714,24.07309913635254,0.6485674977302551,40.56361389160156
0.8104884999920614,50,CCW,-49.71328353881836,-0.7185112237930298,0.049168482422828674,24.089214324951172,0.6669120788574219,40.56479263305664
0.8205730999907246,50,CCW,-49.78428268432617,-0.6080007553100586,-0.10895004123449326,24.087602615356445,0.5980883240699768,40.56606674194336
0.8305784999975003,50,CCW,-49.71953201293945,-0.6381803750991821,-0.03473249077796936,24.087602615356445,0.8276740312576294,40.567169189453125
0.8405207999894628,50,CCW,-49.79079055786133,-0.6914506554603577,-0.008669435977935791,24.089214324951172,0.7752744555473328,40.568241119384766
0.8501621000032173,50,CCW,-49.718875885009766,-0.5781473517417908,-0.0037923045456409454,24.087602615356445,0.5982024669647217,40.569068908691406
0.8601904999959515,50,CCW,-49.721370697021484,-0.6657776832580566,0.05194304138422012,24.07793426513672,0.7066473364830017,40.56997299194336
0.8703333000012208,50,CCW,-49.6854133605957,-0.5928447246551514,0.2408028393983841,24.089214324951172,0.7044780254364014,40.57113265991211
0.8803282000008039,50,CCW,-49.78987121582031,-0.6894608736038208,-0.051341187208890915,24.071489334106445,0.6083497405052185,40.571834564208984
0.8903123999916716,50,CCW,-49.723995208740234,-0.6338985562324524,-0.0053897276520729065,24.063430786132812,0.6273248195648193,40.572853088378906
0.9003183000022545,50,CCW,-49.832000732421875,-0.8207396268844604,-0.13926811516284943,24.076322555541992,0.7123788595199585,40.57378005981445
0.9104966000013519,50,CCW,-49.805965423583984,-0.6574414968490601,-0.03339634835720062,24.0827693939209,0.6984401345252991,40.57468032836914
0.9202530999900773,50,CCW,-49.80876159667969,-0.6370826363563538,-0.08769751340150833,24.084379196166992,0.6930767893791199,40.575809478759766
0.930400199998985,50,CCW,-49.74384307861328,-0.6033315658569336,0.04840989038348198,24.079545974731445,0.7592461109161377,40.57682418823242
0.9401355000009062,50,CCW,-49.77931213378906,-0.582526683807373,-0.17592072486877441,24.0908260345459,0.5528583526611328,40.577857971191406
0.9502504999982193,50,CCW,-49.7073974609375,-0.7388344407081604,0.25161951780319214,24.07793426513672,0.8151066303253174,40.5787239074707
0.9601288999983808,50,CCW,-49.81185531616211,-0.6315107941627502,-0.06104349344968796,24.081157684326172,0.7667715549468994,40.57965850830078
0.9701012000004994,50,CCW,-49.67458724975586,-0.6643037796020508,0.05883295461535454,24.079545974731445,0.6350683569908142,40.58064270019531
0.9807323999993969,50,CCW,-49.713470458984375,-0.6540622115135193,0.1583280712366104,24.089214324951172,0.8174094557762146,40.581809997558594
0.990495899997768,50,CCW,-49.7192497253418,-0.6394060850143433,0.10288224369287491,24.0827693939209,0.7455638647079468,40.58256912231445
1.0000341999984812,50,CCW,-49.82725524902344,-0.6817203164100647,-0.2219390869140625,24.074710845947266,0.7173044085502625,40.583457946777344
1.0100852000032319,50,CCW,-49.798030853271484,-0.6763123273849487,-0.11158297210931778,24.08599090576172,0.6450418829917908,40.58431625366211
1.0203043999936199,50,CCW,-49.765262603759766,-0.5797155499458313,-0.11172348260879517,24.08599090576172,0.7007011771202087,40.585445404052734
1.0302458999940427,50,CCW,-49.73646926879883,-0.6682978272438049,0.0015737451612949371,24.084379196166992,0.5942263603210449,40.58652114868164
1.0402516999893123,50,CCW,-49.73607635498047,-0.6258766651153564,0.019127830862998962,24.076322555541992,0.7478718161582947,40.58769607543945
1.050239000003785,50,CCW,-49.742679595947266,-0.7618719339370728,-0.056292302906513214,24.0827693939209,0.6776710152626038,40.58855438232422
1.0603667999967001,50,CCW,-49.81739044189453,-0.6023831963539124,-0.030438318848609924,24.079545974731445,0.6400209665298462,40.58934020996094
1.0702514000004157,50,CCW,-49.82084274291992,-0.6329432725906372,-0.08941248059272766,24.079545974731445,0.5906052589416504,40.5899543762207
1.0802462999999989,50,CCW,-49.8238639831543,-0.5669623017311096,-0.14883695542812347,24.087602615356445,0.7268702983856201,40.59101867675781
1.0902600999979768,50,CCW,-49.82347106933594,-0.6208527684211731,-0.061506159603595734,24.066654205322266,0.6566845774650574,40.591773986816406
1.1000677999982145,50,CCW,-49.8981819152832,-0.5801570415496826,-0.02107049524784088,24.07309913635254,0.6527324914932251,40.59235382080078
1.1102017999946838,50,CCW,-49.90478515625,-0.7605631351470947,-0.04025343805551529,24.084379196166992,0.6202674508094788,40.592926025390625
1.1201071999967098,50,CCW,-49.86860275268555,-0.6139585375785828,-0.07441191375255585,24.0827693939209,0.7194053530693054,40.59389114379883
1.1306745000038063,50,CCW,-49.76772689819336,-0.677214503288269,-0.047860726714134216,24.0827693939209,0.7670637965202332,40.59477233886719
1.142350299996906,50,CCW,-49.70271301269531,-0.6773558855056763,-0.04074346274137497,24.08599090576172,0.6869184374809265,40.595664978027344
1.1530448999983491,50,CCW,-49.6021728515625,-0.7248438596725464,0.28388142585754395,24.06504249572754,0.696962833404541,40.59699630737305
1.1622631999925943,50,CCW,-49.70978546142578,-0.5427014231681824,0.08939468860626221,24.084379196166992,0.6192444562911987,40.5980224609375
1.170975200002431,50,CCW,-49.68375015258789,-0.7453223466873169,0.03027040883898735,24.081157684326172,0.6742588877677917,40.59906768798828
1.1804867000028025,50,CCW,-49.751953125,-0.5589685440063477,-0.1326465904712677,24.089214324951172,0.6869797706604004,40.6002311706543
1.1903747000033036,50,CCW,-49.755367279052734,-0.5962244868278503,0.19373588263988495,24.07309913635254,0.6165730357170105,40.60093688964844
1.2007003999897279,50,CCW,-49.79408264160156,-0.5977720022201538,-0.030610978603363037,24.081157684326172,0.6811956167221069,40.602108001708984
1.2103936999919824,50,CCW,-49.833099365234375,-0.7352921366691589,-0.051427170634269714,24.089214324951172,0.6158754825592041,40.60266876220703
1.2204105999990134,50,CCW,-49.832706451416016,-0.6430970430374146,-0.17879784107208252,24.089214324951172,0.6906932592391968,40.60359191894531
1.2303814999904716,50,CCW,-49.832313537597656,-0.6270248293876648,-0.16777177155017853,24.08599090576172,0.7225809097290039,40.60432052612305
1.2403352999972412,50,CCW,-49.8714599609375,-0.620301365852356,-0.16720512509346008,24.079545974731445,0.6560252904891968,40.60508346557617
1.2502021999971475,50,CCW,-49.8780632019043,-0.6254364848136902,0.07507829368114471,24.0827693939209,0.6004220843315125,40.60542297363281
1.260072199991555,50,CCW,-49.841880798339844,-0.6872244477272034,-0.08407267928123474,24.079545974731445,0.6915453672409058,40.60637664794922
1.2700417000014568,50,CCW,-49.81252670288086,-0.6797816753387451,-0.10980464518070221,24.066654205322266,0.6981740593910217,40.607181549072266
1.2802059999958146,50,CCW,-49.7470817565918,-0.6621075868606567,-0.08651098608970642,24.071489334106445,0.8260778784751892,40.6080322265625
1.2902202999975998,50,CCW,-49.711124420166016,-0.620189368724823,0.06226526200771332,24.084379196166992,0.6107250452041626,40.608795166015625
1.3003171000018483,50,CCW,-49.78264617919922,-0.644036054611206,-0.1033916026353836,24.087602615356445,0.7034713625907898,40.609825134277344
1.3103258999908576,50,CCW,-49.78264617919922,-0.7175319790840149,0.028854936361312866,24.079545974731445,0.7772188782691956,40.61062240600586
1.320320200000424,50,CCW,-49.78894805908203,-0.6178268194198608,-0.02712126076221466,24.07793426513672,0.6746637225151062,40.61150360107422
1.330508999992162,50,CCW,-49.86099624633789,-0.6518917679786682,0.19689540565013885,24.0827693939209,0.6384621262550354,40.612091064453125
1.3405228999909014,50,CCW,-49.93593215942383,-0.6880099177360535,-0.020772740244865417,24.081157684326172,0.8126620054244995,40.612998962402344
1.350243099994259,50,CCW,-49.906707763671875,-0.6697828769683838,-0.028623804450035095,24.079545974731445,0.6870071887969971,40.613407135009766
1.3603444999898784,50,CCW,-49.87052536010742,-0.7470428347587585,-0.0761115550994873,24.08599090576172,0.6514179706573486,40.61424255371094
1.3704656999907456,50,CCW,-49.79877853393555,-0.6041834354400635,-0.007135625928640366,24.087602615356445,0.8137492537498474,40.61486053466797
1.38031539999065,50,CCW,-49.837493896484375,-0.752552330493927,-0.08781864494085312,24.09404945373535,0.7188323140144348,40.61561965942383
1.3901657999958843,50,CCW,-49.8046875,-0.6072070598602295,0.15349268913269043,24.08599090576172,0.7791534662246704,40.61627197265625
1.400401699997019,50,CCW,-49.739410400390625,-0.7354717254638672,-0.03707598149776459,24.08599090576172,0.6811042428016663,40.617042541503906
1.4104384999955073,50,CCW,-49.775238037109375,-0.6509220600128174,-0.023637348785996437,24.07793426513672,0.659501850605011,40.617733001708984
1.4207583999959752,50,CCW,-49.742862701416016,-0.714460551738739,-0.22470296919345856,24.071489334106445,0.7203531265258789,40.6187858581543
1.430390499997884,50,CCW,-49.71393966674805,-0.7965680360794067,0.12188737094402313,24.0827693939209,0.5849148035049438,40.6195182800293
1.4402738999924622,50,CCW,-49.782310485839844,-0.6653681397438049,-0.08668116480112076,24.08599090576172,0.7414019107818604,40.62069320678711
1.4502871000004234,50,CCW,-49.85405731201172,-0.6127669215202332,0.1310453563928604,24.076322555541992,0.6522504687309265,40.62131881713867
1.4603939999942668,50,CCW,-49.893035888671875,-0.7455635666847229,-0.005716860294342041,24.084379196166992,0.7347022891044617,40.622108459472656
1.470159299991792,50,CCW,-49.85685348510742,-0.6633365154266357,0.05027909576892853,24.066654205322266,0.6642569899559021,40.6226921081543
1.480223999998998,50,CCW,-49.895999908447266,-0.6398472189903259,-0.020161926746368408,24.074710845947266,0.7813520431518555,40.623497009277344
1.490078499991796,50,CCW,-49.83108139038086,-0.6595768332481384,0.03842797875404358,24.074710845947266,0.6152268052101135,40.623897552490234
1.5002525000018068,50,CCW,-49.76274871826172,-0.8082948327064514,-0.08611918985843658,24.076322555541992,0.6937969326972961,40.624813079833984
1.5103977999970084,50,CCW,-49.71189880371094,-0.6683569550514221,0.15611904859542847,24.076322555541992,0.6898480653762817,40.62995147705078
1.5582814999943366,50,CCW,-49.78325271606445,-0.600749671459198,-0.1942387968301773,24.074710845947266,0.6610033512115479,40.63056182861328
1.5641168000001926,50,CCW,-49.854736328125,-0.6383967399597168,-0.04021307826042175,24.08599090576172,0.6096662282943726,40.631187438964844
1.5703338000021176,50,CCW,-49.821929931640625,-0.7433803677558899,0.09881548583507538,24.087602615356445,0.6334500312805176,40.63143539428711
1.5752601999993203,50,CCW,-49.85749435424805,-0.5995428562164307,0.1453651785850525,24.089214324951172,0.7088844776153564,40.631805419921875
1.579960699993535,50,CCW,-49.82511901855469,-0.6100867390632629,0.20973548293113708,24.068265914916992,0.7141268849372864,40.63216781616211
1.5847461999946972,50,CCW,-49.89375305175781,-0.6661304235458374,0.025964900851249695,24.08599090576172,0.7443689107894897,40.63249588012695
1.5897420999972383,50,CCW,-49.82857131958008,-0.6426263451576233,-0.11611352860927582,24.079545974731445,0.6375398635864258,40.632747650146484
1.5945837999897776,50,CCW,-49.796363830566406,-0.6804837584495544,-0.10635151714086533,24.07309913635254,0.6207733154296875,40.633121490478516
1.6003840999910608,50,CCW,-49.76359558105469,-0.7110965847969055,-0.22409223020076752,24.089214324951172,0.7426922917366028,40.63386154174805
1.6104686000035144,50,CCW,-49.73440933227539,-0.6149782538414001,0.05092032626271248,24.084379196166992,0.6372747421264648,40.63465118408203
1.620217399991816,50,CCW,-49.74101257324219,-0.6220292448997498,-0.1716325581073761,24.08599090576172,0.6838814616203308,40.635799407958984
1.632043599995086,50,CCW,-49.74714660644531,-0.6378394365310669,0.16386377811431885,24.084379196166992,0.6753077507019043,40.636539459228516
1.640664199992898,50,CCW,-49.786293029785156,-0.6070411801338196,0.00887569785118103,24.068265914916992,0.6689912676811218,40.63723373413086
1.6504954999982147,50,CCW,-49.75374984741211,-0.6192207336425781,0.07397136092185974,24.092437744140625,0.6943148374557495,40.63786697387695
1.6604202000016812,50,CCW,-49.72137451171875,-0.6139350533485413,0.035735491663217545,24.07793426513672,0.7216397523880005,40.638702392578125
1.670147700002417,50,CCW,-49.76039123535156,-0.6792222857475281,0.10262155532836914,24.063430786132812,0.6580235958099365,40.639495849609375
1.6805682999984128,50,CCW,-49.83234405517578,-0.7357234358787537,-0.02623269148170948,24.084379196166992,0.6307675838470459,40.64106750488281
1.6900445999926887,50,CCW,-49.83234405517578,-0.6480029225349426,0.022828593850135803,24.087602615356445,0.6089357137680054,40.64154815673828
1.7001065999938874,50,CCW,-49.83868408203125,-0.6972965002059937,-0.117608442902565,24.087602615356445,0.5949862599372864,40.6423225402832
1.7100384999939706,50,CCW,-49.841705322265625,-0.6535468101501465,0.14540758728981018,24.079545974731445,0.6353817582130432,40.642822265625
1.720088999994914,50,CCW,-49.77678680419922,-0.5563416481018066,-0.1548454761505127,24.089214324951172,0.7359928488731384,40.643798828125
1.730403399997158,50,CCW,-49.77997589111328,-0.6868528723716736,0.27977192401885986,24.0908260345459,0.6237544417381287,40.64451599121094
1.740271999995457,50,CCW,-49.783164978027344,-0.7003235816955566,0.23045791685581207,24.074710845947266,0.7428128719329834,40.64556121826172
1.7502273999998579,50,CCW,-49.854949951171875,-0.6871479153633118,-0.08043373376131058,24.084379196166992,0.5975229144096375,40.64639663696289
1.7600032999907853,50,CCW,-49.82240676879883,-0.752406895160675,-0.07344841957092285,24.087602615356445,0.6911475658416748,40.64730453491211
1.7704051999899093,50,CCW,-49.82520294189453,-0.7260612845420837,0.027314066886901855,24.084379196166992,0.6629107594490051,40.64794158935547
1.7803272000019206,50,CCW,-49.79899978637695,-0.7242975234985352,0.024580001831054688,24.089214324951172,0.6128129363059998,40.6486701965332
1.7903365999954985,50,CCW,-49.80215072631836,-0.6376952528953552,0.05888468027114868,24.084379196166992,0.8166428804397583,40.64946365356445
1.8006266000011237,50,CCW,-49.77266311645508,-0.5946950912475586,-0.022392909973859787,24.071489334106445,0.5364817976951599,40.650386810302734
1.811241000003065,50,CCW,-49.7795295715332,-0.676622211933136,0.054406438022851944,24.087602615356445,0.6387311220169067,40.65108108520508
1.8205229000013787,50,CCW,-49.812110900878906,-0.5520544648170471,-0.2323027104139328,24.100494384765625,0.627543032169342,40.65201950073242
1.830424400002812,50,CCW,-49.812110900878906,-0.6126390099525452,0.13975204527378082,24.084379196166992,0.6743612885475159,40.65253829956055
1.8400947999907658,50,CCW,-49.85125732421875,-0.6325461864471436,0.09197743982076645,24.0827693939209,0.6392480134963989,40.65305709838867
1.8508839999994962,50,CCW,-49.887516021728516,-0.6233397126197815,0.15754550695419312,24.07793426513672,0.667400062084198,40.65357208251953
1.8602452999912202,50,CCW,-49.89083480834961,-0.6016773581504822,0.1974184215068817,24.0908260345459,0.666710376739502,40.6541862487793
1.8704598999902373,50,CCW,-49.92666244506836,-0.7313610315322876,0.04221247509121895,24.071489334106445,0.7008164525032043,40.65468978881836
1.8800559999945108,50,CCW,-49.89130401611328,-0.6772023439407349,-0.10756437480449677,24.0827693939209,0.6654250621795654,40.65538787841797
1.8904326999909244,50,CCW,-49.89107894897461,-0.5603297352790833,0.21901851892471313,24.081157684326172,0.6406133770942688,40.6560173034668
1.9003223999898182,50,CCW,-49.75354766845703,-0.6298360824584961,-0.0185212604701519,24.081157684326172,0.7072511315345764,40.65701675415039
1.9104938999953447,50,CCW,-49.68879699707031,-0.6679279804229736,0.3164542019367218,24.09404945373535,0.6073073744773865,40.657752990722656
1.9206180999899516,50,CCW,-49.6563835144043,-0.7407479286193848,0.012668907642364502,24.089214324951172,0.7464224696159363,40.65879440307617
1.9301586999936262,50,CCW,-49.69194793701172,-0.5751209259033203,0.037257544696331024,24.08599090576172,0.6728231310844421,40.6597900390625
1.9401282999897376,50,CCW,-49.799034118652344,-0.6772152781486511,-0.12399621307849884,24.081157684326172,0.7249106168746948,40.66073989868164
1.950147299998207,50,CCW,-49.83784484863281,-0.6016508340835571,0.0010950639843940735,24.0827693939209,0.5733354091644287,40.66134262084961
1.9601551999949152,50,CCW,-49.76968002319336,-0.6359881162643433,-0.17943575978279114,24.0827693939209,0.8567812442779541,40.66242599487305
1.9702346999984002,50,CCW,-49.8765983581543,-0.49998345971107483,-0.1514635682106018,24.095659255981445,0.7143014073371887,40.66288375854492
1.980327400000533,50,CCW,-49.847110748291016,-0.5617289543151855,0.013431299477815628,24.0827693939209,0.7588520050048828,40.6637077331543
1.9901679000031436,50,CCW,-49.88336944580078,-0.6860882639884949,0.03971080482006073,24.0908260345459,0.6513704061508179,40.66399383544922
5.299996701069176e-06,60,CCW,-59.69611358642578,-0.7408239841461182,-0.15324895083904266,24.07309913635254,0.845360517501831,41.01929473876953
0.012830899999244139,60,CCW,-59.663307189941406,-0.8048444986343384,-0.051198095083236694,24.081157684326172,0.9429196715354919,41.02063751220703
0.02314499999920372,60,CCW,-59.69900131225586,-0.6872480511665344,0.07818078994750977,24.0988826751709,0.7279719710350037,41.02201461791992
0.0355825000006007,60,CCW,-59.77354431152344,-0.6855519413948059,0.07746712863445282,24.087602615356445,0.8850306868553162,41.023704528808594
0.051003600005060434,60,CCW,-59.74362564086914,-0.6795952320098877,-0.2146933376789093,24.087602615356445,0.793880045413971,41.02556228637695
0.06141090000164695,60,CCW,-59.60669708251953,-0.5795505046844482,0.14333829283714294,24.095659255981445,0.9127906560897827,41.02665328979492
0.06893340000533499,60,CCW,-59.64242935180664,-0.715614378452301,-0.163615882396698,24.089214324951172,0.977327287197113,41.0283203125
0.07883009999932256,60,CCW,-59.577022552490234,-0.7434788942337036,0.14440767467021942,24.074710845947266,0.8792324662208557,41.02996063232422
0.09062129999801982,60,CCW,-59.515254974365234,-0.6987375020980835,0.07029740512371063,24.089214324951172,1.0300523042678833,41.03134536743164
0.10095500000170432,60,CCW,-59.58647537231445,-0.7203658819198608,-0.09198053926229477,24.0827693939209,0.90382981300354,41.03308868408203
0.1119576000055531,60,CCW,-59.69658279418945,-0.7482362985610962,0.15159350633621216,24.081157684326172,0.8029448390007019,41.03436279296875
0.12097449999419041,60,CCW,-59.80708312988281,-0.7487150430679321,0.18779325485229492,24.08599090576172,0.8117280602455139,41.0352783203125
0.128411400000914,60,CCW,-59.77470779418945,-0.6790865659713745,0.18089963495731354,24.074710845947266,0.9918144941329956,41.03620147705078
0.1356140999996569,60,CCW,-59.9177131652832,-0.5367491841316223,-0.055761948227882385,24.081157684326172,0.8509722948074341,41.03702163696289
0.14299730000493582,60,CCW,-59.920902252197266,-0.6307242512702942,-0.10830968618392944,24.100494384765625,0.8733054399490356,41.0373420715332
0.15268529999593738,60,CCW,-59.852699279785156,-0.7267255783081055,-0.11411313712596893,24.0908260345459,0.8961142897605896,41.03773880004883
0.16050889999314677,60,CCW,-59.859134674072266,-0.656177282333374,0.14769598841667175,24.076322555541992,0.7526925802230835,41.03828430175781
0.17021529999328777,60,CCW,-59.82679748535156,-0.729667067527771,-0.1455422043800354,24.089214324951172,0.8485914468765259,41.039310455322266
0.18101410000235774,60,CCW,-59.7940673828125,-0.8020191788673401,-0.13852226734161377,24.089214324951172,0.9574865102767944,41.040531158447266
0.192198599994299,60,CCW,-59.72590255737305,-0.6719551682472229,0.18117500841617584,24.0827693939209,0.7518698573112488,41.041358947753906
0.20165410000481643,60,CCW,-59.76146697998047,-0.6809578537940979,-0.23353102803230286,24.074710845947266,0.8790813684463501,41.04220962524414
0.21084240000345744,60,CCW,-59.72610855102539,-0.7465961575508118,0.24814371764659882,24.06182098388672,0.6120433807373047,41.04337692260742
0.22067660000175238,60,CCW,-59.75865173339844,-0.6495746970176697,-0.05929051712155342,24.081157684326172,0.8295369744300842,41.04452133178711
0.23084629999357276,60,CCW,-59.72571563720703,-0.7674306631088257,0.02901667170226574,24.066654205322266,1.0116554498672485,41.04573440551758
0.2413665000058245,60,CCW,-59.80022048950195,-0.6782931089401245,-0.07672075182199478,24.1069393157959,0.8911954164505005,41.0465202331543
0.2504826999938814,60,CCW,-59.80038833618164,-0.6782472133636475,0.06592824310064316,24.087602615356445,0.7182503342628479,41.047088623046875
0.26038900000276044,60,CCW,-59.80682373046875,-0.8025457859039307,0.11105164885520935,24.084379196166992,0.8902658820152283,41.04806137084961
0.27056839999568183,60,CCW,-59.77383041381836,-0.7077096104621887,-0.04167725145816803,24.08599090576172,0.8755972981452942,41.04917907714844
0.2804552000015974,60,CCW,-59.747833251953125,-0.7298356294631958,0.119475357234478,24.081157684326172,0.8716758489608765,41.05481719970703
0.33059749999665655,60,CCW,-59.72427749633789,-0.6204075813293457,-0.11225058138370514,24.079545974731445,0.8502617478370667,41.05596923828125
0.33725609999964945,60,CCW,-59.72763442993164,-0.7715949416160583,-0.052643388509750366,24.09404945373535,0.9064933657646179,41.056705474853516
0.34350600000470877,60,CCW,-59.65946960449219,-0.6686367392539978,0.08951575309038162,24.084379196166992,0.8014005422592163,41.057395935058594
0.3513939999975264,60,CCW,-59.73086166381836,-0.6567102074623108,-0.16190634667873383,24.07309913635254,0.8558903336524963,41.0584602355957
0.35918970000057016,60,CCW,-59.69550323486328,-0.6909734606742859,0.11454560607671738,24.09404945373535,0.8501982688903809,41.059120178222656
0.3668118999921717,60,CCW,-59.69856262207031,-0.760212779045105,-0.1472739279270172,24.08599090576172,0.9680875539779663,41.060420989990234
0.37467970000579953,60,CCW,-59.69856262207031,-0.7649781107902527,-0.028591196984052658,24.0908260345459,0.8329088091850281,41.06100082397461
0.38177120000182185,60,CCW,-59.701622009277344,-0.8008087873458862,-0.029432527720928192,24.076322555541992,1.0128065347671509,41.06190490722656
0.38857130000542384,60,CCW,-59.737579345703125,-0.683821439743042,-0.06616123020648956,24.084379196166992,0.8975845575332642,41.062721252441406
0.3963942999980645,60,CCW,-59.66941452026367,-0.8279653191566467,0.17189279198646545,24.074710845947266,0.8128344416618347,41.063655853271484
0.404280499991728,60,CCW,-59.740806579589844,-0.7075250148773193,-0.08870023488998413,24.066654205322266,0.7462133169174194,41.06483840942383
0.4123842999979388,60,CCW,-59.67264175415039,-0.7083078026771545,0.06278760731220245,24.0827693939209,0.9087943434715271,41.06561279296875
0.4229226000024937,60,CCW,-59.67224884033203,-0.8056166172027588,-0.03709607571363449,24.089214324951172,0.9235112071037292,41.06716537475586
0.4346522999985609,60,CCW,-59.71104049682617,-0.7103111743927002,0.022930830717086792,24.08599090576172,0.8889223337173462,41.06855773925781
0.44192509999265894,60,CCW,-59.71104049682617,-0.7319414019584656,0.22632281482219696,24.089214324951172,0.9430066347122192,41.06953430175781
0.45199309999588877,60,CCW,-59.750057220458984,-0.6871970891952515,-0.016907192766666412,24.07793426513672,0.8705263733863831,41.07060241699219
0.45811170000524726,60,CCW,-59.747074127197266,-0.7576184272766113,0.0535164475440979,24.0827693939209,0.8692032694816589,41.071311950683594
0.46565539999573957,60,CCW,-59.75026321411133,-0.7944989204406738,-0.055518265813589096,24.084379196166992,0.8921522498130798,41.0726432800293
0.4724277999921469,60,CCW,-59.78582763671875,-0.7293099761009216,-0.2441481053829193,24.08599090576172,0.8570697903633118,41.07379150390625
0.48084649999509566,60,CCW,-59.78582763671875,-0.7011574506759644,-0.096725232899189,24.07309913635254,0.8994206190109253,41.07467269897461
0.49051519999920856,60,CCW,-59.86020278930664,-0.6165114045143127,-0.025728315114974976,24.07793426513672,0.8539291620254517,41.075347900390625
0.5001733999961289,60,CCW,-59.795188903808594,-0.6391871571540833,0.25661933422088623,24.074710845947266,0.6947482228279114,41.07632827758789
0.510116499994183,60,CCW,-59.79781723022461,-0.8049436211585999,-0.11643079668283463,24.092437744140625,0.901114284992218,41.077171325683594
0.5200298999989172,60,CCW,-59.76827621459961,-0.7148271203041077,-0.13722313940525055,24.079545974731445,0.9472641348838806,41.07807540893555
0.5301852999982657,60,CCW,-59.73590087890625,-0.704338014125824,-0.06841425597667694,24.076322555541992,0.9327827095985413,41.0791015625
0.5402905999944778,60,CCW,-59.77133560180664,-0.7657437324523926,-0.05095257610082626,24.095659255981445,0.8852933049201965,41.08042526245117
0.5503775999968639,60,CCW,-59.70619201660156,-0.5861427187919617,-0.03605172038078308,24.07309913635254,1.004345417022705,41.081539154052734
0.5603721999941627,60,CCW,-59.673255920410156,-0.6748501658439636,0.009825948625802994,24.08599090576172,0.9250590801239014,41.08271789550781
0.5704018999967957,60,CCW,-59.60824203491211,-0.6701171398162842,-0.11267855763435364,24.0827693939209,0.965298593044281,41.08412170410156
0.5801570000039646,60,CCW,-59.54262924194336,-0.6773948669433594,0.1288221925497055,24.071489334106445,0.8691067099571228,41.085784912109375
0.5903661000047578,60,CCW,-59.649715423583984,-0.7632917761802673,0.05376525595784187,24.084379196166992,0.8577491044998169,41.0871696472168
0.6001779999933206,60,CCW,-59.685672760009766,-0.6874415874481201,0.0020649954676628113,24.0908260345459,0.7843237519264221,41.08803939819336
0.6102729999984149,60,CCW,-59.69184494018555,-0.7821505069732666,0.23771516978740692,24.092437744140625,0.8448700308799744,41.08894729614258
0.6204725999996299,60,CCW,-59.72737121582031,-0.8084812760353088,0.10350112617015839,24.079545974731445,1.0368468761444092,41.09012985229492
0.6303803000046173,60,CCW,-59.69430160522461,-0.7154995203018188,-0.12341900914907455,24.07793426513672,0.9514614343643188,41.09132385253906
0.6402503999997862,60,CCW,-59.69749069213867,-0.7826923727989197,-0.10635161399841309,24.079545974731445,0.8221578598022461,41.09217071533203
0.6502898000035202,60,CCW,-59.70124053955078,-0.698894739151001,0.10485027730464935,24.076322555541992,0.8150771856307983,41.09321975708008
0.6604412000015145,60,CCW,-59.77561569213867,-0.871720016002655,0.022934604436159134,24.079545974731445,0.9781246781349182,41.09436798095703
0.6701413999981014,60,CCW,-59.84678268432617,-0.7914785146713257,-0.22744140028953552,24.0827693939209,0.8875460028648376,41.09534454345703
0.6803833000012673,60,CCW,-59.78207015991211,-0.5728413462638855,0.26843518018722534,24.0827693939209,0.8509600162506104,41.095787048339844
0.6906346000032499,60,CCW,-59.853328704833984,-0.7640668153762817,0.049041569232940674,24.087602615356445,0.9973776340484619,41.09680938720703
0.7002672999951756,60,CCW,-59.78831481933594,-0.6598992347717285,-0.015188891440629959,24.087602615356445,0.7996551394462585,41.09732437133789
0.7103110000025481,60,CCW,-59.758697509765625,-0.7251320481300354,0.16309066116809845,24.074710845947266,0.9201637506484985,41.098121643066406
0.7201735999988159,60,CCW,-59.761192321777344,-0.7454258799552917,-0.08856566250324249,24.07309913635254,0.9223219752311707,41.0990104675293
0.7303781999944476,60,CCW,-59.69597244262695,-0.6917160749435425,0.13451293110847473,24.07793426513672,0.9284959435462952,41.10003662109375
0.740320700002485,60,CCW,-59.767757415771484,-0.716086208820343,-0.1853344887495041,24.097270965576172,0.8822475075721741,41.101173400878906
0.7723451999918325,60,CCW,-59.87773513793945,-0.7937608957290649,-0.24647383391857147,24.084379196166992,0.7653378248214722,41.10356903076172
0.7786744000040926,60,CCW,-59.84834289550781,-0.6799418330192566,0.010606415569782257,24.087602615356445,0.9733062982559204,41.104068756103516
0.7847622999979649,60,CCW,-59.815704345703125,-0.6530349254608154,0.19217996299266815,24.081157684326172,0.7584487199783325,41.104644775390625
0.7905446999939159,60,CCW,-59.81553649902344,-0.7099683284759521,-0.2877751886844635,24.0827693939209,0.7832292318344116,41.105220794677734
0.7956601000041701,60,CCW,-59.81898880004883,-0.6280010342597961,-0.04883148521184921,24.07309913635254,0.9726353287696838,41.105709075927734
0.8007195999962278,60,CCW,-59.717979431152344,-0.7590292692184448,-0.0953853577375412,24.081157684326172,0.8624784350395203,41.106327056884766
0.8103956999984803,60,CCW,-59.617008209228516,-0.5428516268730164,0.08806502819061279,24.06504249572754,0.6631544232368469,41.10750198364258
0.8204143000039039,60,CCW,-59.619503021240234,-0.8702489137649536,-0.22077849507331848,24.081157684326172,1.030593752861023,41.10913848876953
0.8303837999992538,60,CCW,-59.62252426147461,-0.7414519190788269,0.0714726448059082,24.084379196166992,0.78524249792099,41.11028289794922
0.8404307000018889,60,CCW,-59.72642135620117,-0.76677405834198,0.0018325448036193848,24.092437744140625,0.9148728251457214,41.11155319213867
0.850404199998593,60,CCW,-59.657657623291016,-0.7561869621276855,0.12455171346664429,24.068265914916992,0.8063511848449707,41.11261749267578
0.8600403000018559,60,CCW,-59.72917938232422,-0.74212646484375,0.0036191344261169434,24.0908260345459,0.8831616044044495,41.1141357421875
0.8700749999989057,60,CCW,-59.72891616821289,-0.7753678560256958,-0.20227092504501343,24.087602615356445,0.6990832686424255,41.115081787109375
0.8827429999946617,60,CCW,-59.70271301269531,-0.7866957187652588,-0.16619537770748138,24.076322555541992,0.934901773929596,41.119815826416016
0.9220347999944352,60,CCW,-59.75138854980469,-0.6247150301933289,0.031482186168432236,24.0827693939209,0.9675071239471436,41.120601654052734
0.9281517999916105,60,CCW,-59.754241943359375,-0.5785598158836365,-0.1115192249417305,24.084379196166992,0.773949384689331,41.121089935302734
0.9337729999970179,60,CCW,-59.7540168762207,-0.6514581441879272,0.0764937698841095,24.076322555541992,0.8087974786758423,41.121734619140625
0.9386497999948915,60,CCW,-59.721641540527344,-0.7599157094955444,0.238848477602005,24.076322555541992,0.8507850170135498,41.12273025512695
0.9514686000038637,60,CCW,-59.79566192626953,-0.7453809380531311,-0.18113964796066284,24.079545974731445,0.9191663265228271,41.123939514160156
0.9596792999946047,60,CCW,-59.828468322753906,-0.5537023544311523,0.04107000678777695,24.0908260345459,0.9350272417068481,41.12425231933594
0.9671614999970188,60,CCW,-59.79570007324219,-0.7227516770362854,0.0730818510055542,24.076322555541992,0.7700627446174622,41.124820709228516
0.9740977000037674,60,CCW,-59.86722183227539,-0.7084990739822388,-0.14898768067359924,24.0827693939209,0.7237824201583862,41.125431060791016
0.9810537000012118,60,CCW,-59.80177688598633,-0.7381807565689087,0.11711384356021881,24.07309913635254,0.8054795265197754,41.12604522705078
0.9887106999958633,60,CCW,-59.802207946777344,-0.5942133665084839,0.12410373985767365,24.081157684326172,0.893020749092102,41.126583099365234
0.9948943000053987,60,CCW,-59.90951919555664,-0.6801108717918396,-0.03256766498088837,24.105329513549805,0.7655877470970154,41.12700271606445
1.0006060000014259,60,CCW,-59.87714385986328,-0.6468878388404846,-0.131489098072052,24.084379196166992,0.8642023801803589,41.12759780883789
1.010564299998805,60,CCW,-59.880069732666016,-0.7801896333694458,0.18145260214805603,24.0827693939209,0.6996392607688904,41.1290283203125
1.0204741999914404,60,CCW,-59.84700012207031,-0.6327705979347229,-0.1465405374765396,24.097270965576172,0.7835320830345154,41.130069732666016
1.0305289999960223,60,CCW,-59.81777572631836,-0.7536482214927673,-0.12246513366699219,24.07793426513672,0.9787690043449402,41.130496978759766
1.0403092000051402,60,CCW,-59.78483581542969,-0.7990701794624329,-0.022073686122894287,24.0827693939209,0.8376803398132324,41.131134033203125
1.0501051000028383,60,CCW,-59.752197265625,-0.7367120981216431,-0.09082964807748795,24.074710845947266,0.9224589467048645,41.132137298583984
1.0620848999969894,60,CCW,-59.7588005065918,-0.804759681224823,0.2772459387779236,24.079545974731445,0.8108082413673401,41.13301467895508
1.0701228999969317,60,CCW,-59.72616195678711,-0.6932984590530396,0.34010401368141174,24.079545974731445,0.973443865776062,41.13405227661133
1.0801204000017606,60,CCW,-59.76816177368164,-0.6940619945526123,-0.09803809225559235,24.07793426513672,0.9296030402183533,41.13523483276367
1.0903875999938464,60,CCW,-59.87209701538086,-0.7441087365150452,-0.053468428552150726,24.079545974731445,0.9037602543830872,41.13612365722656
1.1000884999957634,60,CCW,-59.83613967895508,-0.7176824808120728,-0.06180667132139206,24.081157684326172,0.8204652070999146,41.13663864135742
1.1100753999926383,60,CCW,-59.80648422241211,-0.6857635974884033,0.014856293797492981,24.087602615356445,0.7017500400543213,41.137508392333984
1.120406300004106,60,CCW,-59.74103927612305,-0.7307901978492737,0.15287858247756958,24.081157684326172,0.9881584048271179,41.138397216796875
1.1303899000049569,60,CCW,-59.746986389160156,-0.7394125461578369,-0.013384111225605011,24.081157684326172,0.9672563076019287,41.139366149902344
1.1405144000018481,60,CCW,-59.7497444152832,-0.7099559307098389,0.03772455453872681,24.089214324951172,0.7820596694946289,41.140228271484375
1.1504386000015074,60,CCW,-59.72012710571289,-0.6184828877449036,-0.043192896991968155,24.079545974731445,0.8894243240356445,41.141395568847656
1.1603958000050625,60,CCW,-59.7949333190918,-0.6951977610588074,0.00947408378124237,24.079545974731445,0.9854437708854675,41.14241027832031
1.1700401999987662,60,CCW,-59.797767639160156,-0.6592569947242737,0.054871316999197006,24.0827693939209,0.814799964427948,41.14326095581055
1.1805185999983223,60,CCW,-59.86617660522461,-0.6309223175048828,0.09037687629461288,24.089214324951172,0.8659995794296265,41.144195556640625
1.190184799997951,60,CCW,-59.90485382080078,-0.7434341311454773,0.07916046679019928,24.089214324951172,0.915748119354248,41.144840240478516
1.2000429000036092,60,CCW,-59.83940887451172,-0.7889871001243591,-0.07187202572822571,24.0908260345459,0.8486005663871765,41.1456298828125
1.210255900004995,60,CCW,-59.914215087890625,-0.6419997215270996,-0.20317603647708893,24.089214324951172,0.9231632947921753,41.146697998046875
1.2206417999987025,60,CCW,-59.780738830566406,-0.6737543940544128,0.2857453525066376,24.089214324951172,0.630001962184906,41.14753723144531
1.2305323000036879,60,CCW,-59.751121520996094,-0.7321627140045166,-0.1321699470281601,24.079545974731445,0.7542749047279358,41.14847183227539
1.2402570999984164,60,CCW,-59.75434875488281,-0.8852975964546204,0.05239797383546829,24.092437744140625,0.876738965511322,41.15006637573242
1.2502903999993578,60,CCW,-59.68877410888672,-0.581464409828186,-0.09778425097465515,24.092437744140625,0.828987717628479,41.151161193847656
1.2602466999960598,60,CCW,-59.725032806396484,-0.6923474669456482,-0.12273239344358444,24.09404945373535,0.692176878452301,41.151798248291016
1.270046799996635,60,CCW,-59.835533142089844,-0.7776603102684021,-0.15109679102897644,24.089214324951172,0.9551389217376709,41.15327072143555
1.2802443999971729,60,CCW,-59.83251190185547,-0.6802745461463928,-0.18981598317623138,24.087602615356445,0.9869499206542969,41.15761184692383
1.330969599992386,60,CCW,-59.782806396484375,-0.6856412291526794,0.2707521617412567,24.092437744140625,0.8451041579246521,41.15827560424805
1.339501599999494,60,CCW,-59.78254318237305,-0.6562341451644897,-0.18771974742412567,24.0827693939209,0.8462991118431091,41.1591911315918
1.348713500003214,60,CCW,-59.71122741699219,-0.7770406007766724,0.1828046441078186,24.087602615356445,0.8656684756278992,41.16014099121094
1.3548184999963269,60,CCW,-59.7469596862793,-0.7234338521957397,-0.21736285090446472,24.089214324951172,1.039857029914856,41.160865783691406
1.3606853999954183,60,CCW,-59.7469596862793,-0.651141881942749,-0.11378951370716095,24.084379196166992,0.8494491577148438,41.16128921508789
1.3680963999941014,60,CCW,-59.7111701965332,-0.6899084448814392,0.11221672594547272,24.08599090576172,0.7928900718688965,41.1619987487793
1.3751608000020497,60,CCW,-59.81825637817383,-0.7304568290710449,0.002799585461616516,24.079545974731445,0.8779101967811584,41.16280746459961
1.3816498999949545,60,CCW,-59.82144546508789,-0.737890362739563,-0.024907469749450684,24.08599090576172,0.7573607563972473,41.163116455078125
1.3876368000055663,60,CCW,-59.786048889160156,-0.7513565421104431,0.13552658259868622,24.087602615356445,0.8954325914382935,41.1638069152832
1.394034199998714,60,CCW,-59.89323043823242,-0.6348572373390198,-0.12302665412425995,24.081157684326172,0.8466641902923584,41.16472625732422
1.4042861999914749,60,CCW,-59.89944076538086,-0.7168787717819214,-0.09097091853618622,24.0908260345459,1.075005292892456,41.16542053222656
1.4109081999922637,60,CCW,-59.8670654296875,-0.6774857640266418,-0.14584749937057495,24.079545974731445,0.7327855229377747,41.16562271118164
1.417028500000015,60,CCW,-59.79890060424805,-0.7650206089019775,0.11552995443344116,24.0908260345459,0.8563635945320129,41.16651153564453
1.4229134999914095,60,CCW,-59.798675537109375,-0.8604663610458374,-0.17542517185211182,24.084379196166992,0.9576411247253418,41.16731262207031
1.4302323000010801,60,CCW,-59.73011779785156,-0.7273756861686707,0.054960936307907104,24.0988826751709,0.9155610799789429,41.16807174682617
1.4405021999991732,60,CCW,-59.733306884765625,-0.716346800327301,-0.31826579570770264,24.07309913635254,0.8801220655441284,41.16939163208008
1.450177699996857,60,CCW,-59.66514205932617,-0.7152435779571533,0.13334909081459045,24.068265914916992,0.6107383966445923,41.1701545715332
1.4600957999937236,60,CCW,-59.70057678222656,-0.8521119356155396,-0.09069003164768219,24.0827693939209,0.8899140357971191,41.17131042480469
1.4701709999935701,60,CCW,-59.73955535888672,-0.8324021697044373,0.1363510638475418,24.071489334106445,0.957816481590271,41.1728515625
1.4801063000049908,60,CCW,-59.81120681762695,-0.6433824300765991,0.0652373731136322,24.076322555541992,0.8860207796096802,41.17374801635742
1.4905582999926992,60,CCW,-59.81137466430664,-0.6546329259872437,-0.18514272570610046,24.081157684326172,0.9806811213493347,41.17460632324219
1.500429299994721,60,CCW,-59.8535041809082,-0.7106484770774841,0.1905415952205658,24.0908260345459,0.9763829708099365,41.17549514770508
1.5104512999969302,60,CCW,-59.889068603515625,-0.5864296555519104,-0.01548030972480774,24.084379196166992,0.732427179813385,41.17619705200195
1.5214491999940947,60,CCW,-59.78447723388672,-0.7669121623039246,-0.1926654726266861,24.087602615356445,0.8924028277397156,41.17725372314453
1.5325606999977026,60,CCW,-59.898223876953125,-0.6980205178260803,0.11951538175344467,24.0827693939209,0.9632874131202698,41.17814254760742
1.5458340000041062,60,CCW,-59.86526870727539,-0.643082857131958,0.22085197269916534,24.084379196166992,0.6600573658943176,41.178955078125
1.557327599992277,60,CCW,-59.829647064208984,-0.6297566294670105,-0.17549178004264832,24.089214324951172,0.8958852887153625,41.1800537109375
1.5678493000013987,60,CCW,-59.69337463378906,-0.733407199382782,-0.20165348052978516,24.066654205322266,1.1020526885986328,41.18144607543945
1.5788701999990735,60,CCW,-59.73208999633789,-0.7352638840675354,0.05711027607321739,24.0827693939209,0.7855939269065857,41.18270492553711
1.5884454000042751,60,CCW,-59.59861373901367,-0.8072426319122314,0.1959260106086731,24.066654205322266,0.8213696479797363,41.184242248535156
1.5962613000010606,60,CCW,-59.670230865478516,-0.8039804697036743,-0.21129967272281647,24.07793426513672,0.9104357361793518,41.18524932861328
1.6048248000006424,60,CCW,-59.637630462646484,-0.7154496908187866,0.11427223682403564,24.084379196166992,0.8250007033348083,41.18625259399414
1.6131126999971457,60,CCW,-59.676048278808594,-0.7260749936103821,-0.05532541871070862,24.07793426513672,0.9794906973838806,41.1875
1.6207190999994054,60,CCW,-59.64344787597656,-0.6361778378486633,0.16525012254714966,24.0908260345459,0.7581045031547546,41.18829345703125
1.6301754000014625,60,CCW,-59.75075912475586,-0.6510613560676575,-0.11000674217939377,24.081157684326172,0.74509197473526,41.18946075439453
1.640484399991692,60,CCW,-59.825340270996094,-0.7621445655822754,0.09093814343214035,24.089214324951172,0.7805117964744568,41.19059753417969
1.650293300001067,60,CCW,-59.825340270996094,-0.7316604256629944,-0.14513090252876282,24.08599090576172,0.7160360813140869,41.191200256347656
1.6603187000000617,60,CCW,-59.89669418334961,-0.7156636118888855,-0.006509080529212952,24.092437744140625,0.9702304601669312,41.19184494018555
1.6703871999925468,60,CCW,-59.90251159667969,-0.6594465970993042,-0.23683087527751923,24.074710845947266,0.8347601890563965,41.192752838134766
1.6804311000014422,60,CCW,-59.941619873046875,-0.6007002592086792,0.17043545842170715,24.076322555541992,0.7711259722709656,41.19335174560547
1.6901054000045406,60,CCW,-59.87315368652344,-0.6877015829086304,0.03380206227302551,24.0827693939209,0.8514075875282288,41.19362258911133
1.7005167000024812,60,CCW,-59.91515350341797,-0.6909087300300598,0.13796380162239075,24.084379196166992,0.9560060501098633,41.194000244140625
1.710226800001692,60,CCW,-59.95071792602539,-0.6327890753746033,-0.07588188350200653,24.087602615356445,0.8697308897972107,41.19445037841797
1.7203090999973938,60,CCW,-59.881954193115234,-0.6454340815544128,0.004217064473778009,24.087602615356445,0.8901728391647339,41.19511795043945
1.7300821999961045,60,CCW,-59.85250473022461,-0.6717082262039185,0.07996273040771484,24.081157684326172,0.8981868624687195,41.19575119018555
1.7403540999948746,60,CCW,-59.7843017578125,-0.7529590725898743,0.1730668842792511,24.087602615356445,0.8537071347236633,41.196434020996094
1.750359900004696,60,CCW,-59.82311248779297,-0.6583245396614075,0.16748864948749542,24.087602615356445,1.0961346626281738,41.19733428955078
1.7604004000022542,60,CCW,-59.8587532043457,-0.763641357421875,-0.08424901217222214,24.07309913635254,0.8982348442077637,41.198062896728516
1.7701544000010472,60,CCW,-59.825592041015625,-0.7283995151519775,0.17586146295070648,24.0827693939209,0.9115058779716492,41.19879913330078
1.7800652000005357,60,CCW,-59.86772155761719,-0.7217944860458374,-0.06527235358953476,24.076322555541992,0.7133496999740601,41.1994743347168
1.7902712999930372,60,CCW,-59.79951858520508,-0.6921561360359192,0.16731873154640198,24.0908260345459,0.940525233745575,41.20029830932617
1.800337499997113,60,CCW,-59.874454498291016,-0.822761058807373,0.10229700058698654,24.084379196166992,0.9125813245773315,41.201019287109375
1.8100897999975132,60,CCW,-59.98154067993164,-0.6810469031333923,0.16846852004528046,24.076322555541992,0.745775043964386,41.20188903808594
1.8201606999937212,60,CCW,-60.0233154296875,-0.7352976202964783,-0.07830110192298889,24.068265914916992,0.7478093504905701,41.20234298706055
1.8307944999978645,60,CCW,-60.0233154296875,-0.650502622127533,0.19561488926410675,24.081157684326172,0.7521665096282959,41.202510833740234
1.8402539999951841,60,CCW,-59.987918853759766,-0.6691118478775024,0.11809779703617096,24.0827693939209,0.8671151399612427,41.202674865722656
1.8501462999993237,60,CCW,-59.990882873535156,-0.619670033454895,0.1557219922542572,24.08599090576172,0.9888618588447571,41.20326614379883
1.8603394999954617,60,CCW,-59.99393844604492,-0.643616795539856,-0.21826496720314026,24.084379196166992,0.9699072241783142,41.2041130065918
1.8703592999954708,60,CCW,-59.86055374145508,-0.765789806842804,0.19207070767879486,24.07793426513672,0.8322329521179199,41.20436477661133
1.8805371999915224,60,CCW,-59.89936447143555,-0.6181226968765259,0.21058915555477142,24.084379196166992,0.8946470022201538,41.205020904541016
1.890035699994769,60,CCW,-59.902198791503906,-0.6739985942840576,-0.06267295777797699,24.089214324951172,0.9427639842033386,41.20602035522461
1.900122499995632,60,CCW,-59.79846954345703,-0.6772645711898804,0.07434170693159103,24.079545974731445,0.778493344783783,41.206748962402344
1.9103272999927867,60,CCW,-59.83403396606445,-0.6523301601409912,-0.1579497903585434,24.071489334106445,0.8715500235557556,41.207679748535156
1.9204445999930613,60,CCW,-59.76547622680664,-0.7945045828819275,-0.12047196924686432,24.079545974731445,0.9506505131721497,41.20895004272461
1.9304659000044921,60,CCW,-59.7330436706543,-0.8086605072021484,0.14807255566120148,24.06504249572754,0.8252674341201782,41.20991516113281
1.940331799996784,60,CCW,-59.77192687988281,-0.7725722789764404,-0.28195494413375854,24.084379196166992,0.8729647994041443,41.211490631103516
1.9503317999915453,60,CCW,-59.703163146972656,-0.7047815322875977,0.12047619372606277,24.071489334106445,0.7518068552017212,41.212589263916016
1.96054169999843,60,CCW,-59.77442169189453,-0.642910897731781,-0.03440922871232033,24.0827693939209,0.8541868329048157,41.21375274658203
1.9700961000053212,60,CCW,-59.73846435546875,-0.7038525342941284,0.18365441262722015,24.076322555541992,1.0147912502288818,41.21495056152344
1.9805108000000473,60,CCW,-59.74476623535156,-0.620650053024292,-0.08607282489538193,24.081157684326172,0.9142069220542908,41.21595764160156
1.99005799999577,60,CCW,-59.7476921081543,-0.6952193975448608,0.028438836336135864,24.084379196166992,1.0043120384216309,41.21711730957031
