timestamp_s,speed_target_rps,direction,rps,Iq_A,Id_A,Vbus_V,P_elec_W,T_fet_C
4.799992893822491e-06,10,CW,9.993443489074707,0.4566800892353058,-0.09871462732553482,24.08599090576172,0.15206553041934967,39.891178131103516
0.010153499999432825,10,CW,10.097474098205566,0.4096727967262268,-0.039284102618694305,24.09404945373535,0.1248178780078888,39.89155197143555
0.020170799994957633,10,CW,10.16563892364502,0.45020702481269836,-0.11734146624803543,24.089214324951172,0.12581847608089447,39.89194869995117
0.030519199994159862,10,CW,10.127713203430176,0.41311216354370117,0.09318133443593979,24.0908260345459,0.12562496960163116,39.89253234863281
0.04031109999050386,10,CW,9.952857971191406,0.417203813791275,-0.0547226257622242,24.097270965576172,0.14964137971401215,39.89307403564453
0.050430799994501285,10,CW,9.952560424804688,0.49212807416915894,0.0075082480907440186,24.09404945373535,0.14711041748523712,39.893898010253906
0.06014149999828078,10,CW,9.881169319152832,0.4972148835659027,0.0015832148492336273,24.097270965576172,0.14600010216236115,39.89456558227539
0.07026229999610223,10,CW,10.01793098449707,0.46469300985336304,0.16274860501289368,24.09404945373535,0.1473080813884735,39.89505386352539
0.08020709999254905,10,CW,9.979217529296875,0.41792646050453186,-0.03618767857551575,24.084379196166992,0.1520530730485916,39.895668029785156
0.0903377999929944,10,CW,9.979217529296875,0.497128963470459,-0.0856662318110466,24.095659255981445,0.1444285660982132,39.89634704589844
0.10031929999240674,10,CW,9.979049682617188,0.49397438764572144,-0.0005544647574424744,24.095659255981445,0.1617838442325592,39.896976470947266
0.11051749999751337,10,CW,10.080324172973633,0.467881977558136,-0.03873199597001076,24.095659255981445,0.14594067633152008,39.89753341674805
0.12019020000298042,10,CW,10.076742172241211,0.3893698453903198,0.02073088102042675,24.092437744140625,0.12426741421222687,39.89807891845703
0.13033899999572895,10,CW,10.041572570800781,0.5024693608283997,0.021864525973796844,24.100494384765625,0.14105403423309326,39.89875411987305
0.14030210000055376,10,CW,9.938070297241211,0.5045925378799438,-0.12344765663146973,24.0908260345459,0.16510143876075745,39.89945983886719
0.15047939999203663,10,CW,9.901945114135742,0.42872971296310425,-0.03700703755021095,24.0988826751709,0.13500159978866577,39.90015411376953
0.16009419999318197,10,CW,9.866381645202637,0.36091163754463196,0.0530378520488739,24.10210609436035,0.1617945283651352,39.900936126708984
0.17006839999521617,10,CW,9.90217113494873,0.4636227488517761,0.05060652270913124,24.095659255981445,0.12046097964048386,39.90154266357422
0.18018250000022817,10,CW,9.967785835266113,0.4777176082134247,-0.07409907877445221,24.100494384765625,0.1376039981842041,39.90224838256836
0.19037270000262652,10,CW,10.000161170959473,0.44553622603416443,-0.07026153802871704,24.087602615356445,0.15710899233818054,39.902992248535156
0.2000504000025103,10,CW,10.035950660705566,0.46208077669143677,-0.035708773881196976,24.09404945373535,0.15234266221523285,39.9035758972168
0.21051789999182802,10,CW,10.068854331970215,0.5095412135124207,-0.07017684727907181,24.092437744140625,0.1405123621225357,39.90402603149414
0.22052209998946637,10,CW,10.065272331237793,0.3563486933708191,0.008220449090003967,24.087602615356445,0.13896113634109497,39.9045524597168
0.2305488999991212,10,CW,10.026952743530273,0.36211755871772766,-0.02581712231040001,24.089214324951172,0.1131618395447731,39.90515899658203
0.24013779999222606,10,CW,9.923224449157715,0.4119785726070404,-0.1741034835577011,24.095659255981445,0.1383628249168396,39.90580749511719
0.25047269999049604,10,CW,9.851309776306152,0.504208505153656,-0.042415253818035126,24.0988826751709,0.14870087802410126,39.906532287597656
0.2600568999914685,10,CW,9.816010475158691,0.4848209023475647,0.15387612581253052,24.089214324951172,0.1495940238237381,39.90752410888672
0.2701554999948712,10,CW,9.881025314331055,0.5100253820419312,0.014866789802908897,24.08599090576172,0.14386121928691864,39.90829086303711
0.28015859999868553,10,CW,9.87826919555664,0.44886136054992676,-0.09796453267335892,24.09404945373535,0.1693052500486374,39.90909194946289
0.29050659999484196,10,CW,9.910476684570312,0.515031635761261,0.018157780170440674,24.0908260345459,0.14825865626335144,39.91001510620117
0.30009679999784566,10,CW,9.943284034729004,0.45832252502441406,-0.10100829601287842,24.097270965576172,0.16250018775463104,39.910675048828125
0.31013009999878705,10,CW,10.083368301391602,0.33916375041007996,-0.07666796445846558,24.095659255981445,0.16523919999599457,39.91124725341797
0.320376399991801,10,CW,10.148383140563965,0.5385915040969849,0.10976555943489075,24.097270965576172,0.12605540454387665,39.91162872314453
0.3301022999949055,10,CW,10.074235916137695,0.43958544731140137,-0.048922955989837646,24.084379196166992,0.13749954104423523,39.912086486816406
0.34013409999897704,10,CW,10.006464958190918,0.4437738060951233,-0.08295541256666183,24.09404945373535,0.14119064807891846,39.91256332397461
0.3501047000027029,10,CW,9.934550285339355,0.4193030297756195,-0.02505558170378208,24.084379196166992,0.16844579577445984,39.91313934326172
0.3601372999983141,10,CW,9.89898681640625,0.4885298013687134,0.12986893951892853,24.092437744140625,0.11414426565170288,39.9138298034668
0.3708312999951886,10,CW,9.934608459472656,0.47246047854423523,0.10556884855031967,24.097270965576172,0.11675490438938141,39.91457748413086
0.3804053999920143,10,CW,9.967415809631348,0.4476158618927002,-0.0906924307346344,24.097270965576172,0.15935161709785461,39.9151611328125
0.390249699994456,10,CW,9.963833808898926,0.5061994791030884,0.005337178707122803,24.08599090576172,0.17726725339889526,39.91584396362305
0.40031070000259206,10,CW,9.963833808898926,0.4919785261154175,-0.029653694480657578,24.092437744140625,0.16791081428527832,39.916561126708984
0.4100265000015497,10,CW,10.103879928588867,0.3813462257385254,0.1353406012058258,24.100494384765625,0.146871879696846,39.916900634765625
0.4204499999905238,10,CW,10.20127010345459,0.4531494379043579,0.14246734976768494,24.08599090576172,0.1364143341779709,39.91733169555664
0.43031909999263007,10,CW,10.058752059936523,0.4291812479496002,-0.1270819753408432,24.103717803955078,0.16100971400737762,39.91790771484375
0.44009199998981785,10,CW,9.955643653869629,0.4461578130722046,-0.05323987454175949,24.087602615356445,0.1824512779712677,39.9183349609375
0.45016320000286214,10,CW,9.883728981018066,0.44517120718955994,0.031526751816272736,24.103717803955078,0.14441390335559845,39.919090270996094
0.4604189999954542,10,CW,9.809149742126465,0.5242952108383179,0.18520578742027283,24.0908260345459,0.14173607528209686,39.91992950439453
0.47041949999402277,10,CW,9.91012191772461,0.49186453223228455,-0.00012616533786058426,24.097270965576172,0.14859740436077118,39.9206428527832
0.4802027999976417,10,CW,9.943193435668945,0.4046227037906647,-0.03859274834394455,24.09404945373535,0.13172513246536255,39.92142105102539
0.4901796999911312,10,CW,9.939611434936523,0.41764116287231445,-0.08354245871305466,24.08599090576172,0.1631908118724823,39.92222595214844
0.5002623999898788,10,CW,9.939611434936523,0.4475882649421692,0.027300691232085228,24.09404945373535,0.14967159926891327,39.92279052734375
0.5103734000003897,10,CW,10.043868064880371,0.47886836528778076,0.09929387271404266,24.08599090576172,0.1483503133058548,39.923519134521484
0.5203907999966759,10,CW,10.144408226013184,0.3919130861759186,0.0033698324114084244,24.09404945373535,0.11886775493621826,39.923954010009766
0.5304285000020172,10,CW,10.070261001586914,0.4454089105129242,-0.04671677574515343,24.0827693939209,0.15641631186008453,39.92454147338867
0.5405087999970419,10,CW,9.99930191040039,0.43162697553634644,-0.04528530687093735,24.087602615356445,0.13412028551101685,39.9249382019043
0.5502034999954049,10,CW,9.927387237548828,0.5044869184494019,-0.013614768162369728,24.089214324951172,0.17563694715499878,39.92568588256836
0.561294099999941,10,CW,9.88859748840332,0.39831724762916565,0.010592594742774963,24.10210609436035,0.1706695705652237,39.926300048828125
0.5704480999993393,10,CW,9.957194328308105,0.39661404490470886,-0.008424905128777027,24.097270965576172,0.13602763414382935,39.92685317993164
0.5801443999953335,10,CW,9.951417922973633,0.39956116676330566,-0.060181017965078354,24.09404945373535,0.1600562036037445,39.92742156982422
0.5901940999901854,10,CW,9.912272453308105,0.48481234908103943,-0.027744637802243233,24.0988826751709,0.15964144468307495,39.92815017700195
0.600114399989252,10,CW,9.912272453308105,0.42064210772514343,0.003145463764667511,24.087602615356445,0.16025994718074799,39.92889404296875
0.6104478999914136,10,CW,10.052092552185059,0.3788440227508545,-0.059615105390548706,24.100494384765625,0.13053114712238312,39.92947006225586
0.6204915999987861,10,CW,10.149482727050781,0.43552279472351074,0.03236197680234909,24.0988826751709,0.10151179879903793,39.929901123046875
0.6301228999946034,10,CW,10.042792320251465,0.5229753255844116,-0.056649401783943176,24.09404945373535,0.14537347853183746,39.93049621582031
0.640114599998924,10,CW,9.975247383117676,0.4541541039943695,-0.017746001482009888,24.087602615356445,0.12313541769981384,39.93099594116211
0.6503557999967597,10,CW,9.903332710266113,0.40541043877601624,0.012598700821399689,24.095659255981445,0.1571331024169922,39.931541442871094
0.6600538999919081,10,CW,9.867995262145996,0.47613975405693054,0.02954895794391632,24.097270965576172,0.12453635036945343,39.93234634399414
0.6922133999905782,10,CW,9.995436668395996,0.49989327788352966,-0.12337738275527954,24.087602615356445,0.14892524480819702,39.93445587158203
0.6965532000031089,10,CW,9.995436668395996,0.393716037273407,0.015529867261648178,24.103717803955078,0.13217994570732117,39.93463897705078
0.7009572999959346,10,CW,9.959479331970215,0.482927531003952,-0.13159365952014923,24.10210609436035,0.1611623913049698,39.934913635253906
0.7052723999950103,10,CW,10.027644157409668,0.5073263645172119,0.2335149198770523,24.09404945373535,0.10741718858480453,39.935218811035156
0.7104006000008667,10,CW,10.063735961914062,0.460335910320282,0.09417280554771423,24.0827693939209,0.13313910365104675,39.935523986816406
0.7205331000004662,10,CW,10.128486633300781,0.5421485900878906,0.040925443172454834,24.087602615356445,0.12416110187768936,39.93599319458008
0.7304342999996152,10,CW,10.05735969543457,0.46381765604019165,0.023912832140922546,24.092437744140625,0.1365687996149063,39.9364128112793
0.740101199990022,10,CW,9.989814758300781,0.3949637711048126,-0.05583861470222473,24.092437744140625,0.1481011062860489,39.93681716918945
0.7501647000026423,10,CW,9.95070743560791,0.390460342168808,0.08201491087675095,24.092437744140625,0.14412274956703186,39.937435150146484
0.7602105999976629,10,CW,9.915369987487793,0.5267808437347412,0.10544707626104355,24.092437744140625,0.1283271461725235,39.938228607177734
0.7700997999927495,10,CW,9.915202140808105,0.4941921830177307,0.0027405694127082825,24.087602615356445,0.1483633667230606,39.93889236450195
0.7800796999945305,10,CW,9.9806489944458,0.5068418383598328,-0.06757117062807083,24.09404945373535,0.14869920909404755,39.93952178955078
0.7902927999966778,10,CW,9.941277503967285,0.4849461615085602,-0.09193646907806396,24.087602615356445,0.15016570687294006,39.940250396728516
0.8004852000012761,10,CW,9.905320167541504,0.4988046884536743,-0.010599233210086823,24.100494384765625,0.15555159747600555,39.940914154052734
0.8105006999976467,10,CW,10.045140266418457,0.4794440269470215,0.09438318759202957,24.08599090576172,0.126953586935997,39.941558837890625
0.8202834999974584,10,CW,10.041990280151367,0.4017781913280487,-0.04233992099761963,24.087602615356445,0.12109387665987015,39.94203186035156
0.8301508000004105,10,CW,10.036046028137207,0.5349288582801819,0.09205617755651474,24.084379196166992,0.1373739093542099,39.94258499145508
0.8401327999890782,10,CW,9.932937622070312,0.37937793135643005,-0.04771962761878967,24.084379196166992,0.1405513435602188,39.94304656982422
0.8504317999904742,10,CW,9.86102294921875,0.4693656861782074,0.17984822392463684,24.081157684326172,0.13320596516132355,39.94388198852539
0.8601233999943361,10,CW,9.825685501098633,0.49211063981056213,-0.032307129353284836,24.087602615356445,0.15057669579982758,39.944705963134766
0.8701724999991711,10,CW,9.858325004577637,0.5478250980377197,-0.013960801064968109,24.0988826751709,0.16906920075416565,39.945465087890625
0.8802444999892032,10,CW,9.924203872680664,0.43724870681762695,-0.11579589545726776,24.108551025390625,0.1755198836326599,39.9461784362793
0.8904546999983722,10,CW,9.920621871948242,0.3972126543521881,0.018009714782238007,24.09404945373535,0.16842292249202728,39.947044372558594
0.9000818999920739,10,CW,9.917471885681152,0.5066001415252686,0.1705743372440338,24.089214324951172,0.14153912663459778,39.947757720947266
0.9101131999923382,10,CW,9.98590087890625,0.45615291595458984,-0.020490437746047974,24.095659255981445,0.11686962097883224,39.948482513427734
0.9203471999935573,10,CW,10.054535865783691,0.4755224585533142,0.029580844566226006,24.08599090576172,0.12940768897533417,39.948997497558594
0.9303876999911154,10,CW,10.08398723602295,0.2707684338092804,-0.04349202662706375,24.087602615356445,0.13080833852291107,39.949405670166016
0.9403825999906985,10,CW,10.048591613769531,0.46708944439888,-0.019867531955242157,24.06987762451172,0.14094500243663788,39.949771881103516
0.9501179999933811,10,CW,9.976676940917969,0.47838515043258667,0.09526681154966354,24.08599090576172,0.1386677324771881,39.95037841796875
0.9604728999984218,10,CW,9.905285835266113,0.4880843162536621,0.028245436027646065,24.0908260345459,0.14807365834712982,39.95117950439453
0.9704579999961425,10,CW,9.973882675170898,0.5164221525192261,-0.08181830495595932,24.095659255981445,0.1432679146528244,39.95180130004883
0.9804593000008026,10,CW,10.003933906555176,0.4597676992416382,-0.04810117185115814,24.103717803955078,0.14621302485466003,39.95237350463867
0.9900731999950949,10,CW,9.964394569396973,0.3936542868614197,0.0323873870074749,24.092437744140625,0.1295897662639618,39.95305252075195
1.0004448999970919,10,CW,9.928566932678223,0.5010760426521301,0.09458104521036148,24.0827693939209,0.14433026313781738,39.95375442504883
1.0100974999950267,10,CW,9.925604820251465,0.4744997024536133,-0.07599657028913498,24.09404945373535,0.14410312473773956,39.954345703125
1.0201033999910578,10,CW,10.029899597167969,0.49227336049079895,0.016271714121103287,24.089214324951172,0.142802432179451,39.95491409301758
1.030400199990254,10,CW,9.991147994995117,0.45562663674354553,-0.04654563218355179,24.09404945373535,0.13419988751411438,39.95547103881836
1.0400807999976678,10,CW,9.958940505981445,0.4142749309539795,0.05023771524429321,24.0827693939209,0.14435459673404694,39.95602798461914
1.0504351999989012,10,CW,9.884269714355469,0.46548643708229065,0.10583595931529999,24.0908260345459,0.12934911251068115,39.95676040649414
1.0602364999940619,10,CW,9.884495735168457,0.44013458490371704,-0.039444293826818466,24.089214324951172,0.15341594815254211,39.957481384277344
1.0705034999991767,10,CW,9.917264938354492,0.5301499962806702,0.013523690402507782,24.08599090576172,0.1655200868844986,39.95829772949219
1.0805172999971546,10,CW,10.015254974365234,0.4783070385456085,-0.07566437125205994,24.10210609436035,0.1455422192811966,39.95888137817383
1.090394799990463,10,CW,10.011672973632812,0.34073513746261597,-0.032585304230451584,24.089214324951172,0.143027663230896,39.95954132080078
1.100386799997068,10,CW,9.939888000488281,0.498278945684433,0.11354297399520874,24.092437744140625,0.12874235212802887,39.96017837524414
1.1105438999948092,10,CW,10.044144630432129,0.4225815236568451,0.04069317504763603,24.095659255981445,0.12556372582912445,39.96064758300781
1.120453900002758,10,CW,10.040994644165039,0.5017381906509399,0.016478601843118668,24.087602615356445,0.12980037927627563,39.961116790771484
1.130063999997219,10,CW,10.034618377685547,0.45680588483810425,0.02440732717514038,24.08599090576172,0.13618819415569305,39.961578369140625
1.140148299993598,10,CW,10.073989868164062,0.3758429288864136,-0.03478079289197922,24.0827693939209,0.13955645263195038,39.962032318115234
1.1500992999935988,10,CW,9.966511726379395,0.45560893416404724,0.03669627383351326,24.0988826751709,0.10569509118795395,39.96268081665039
1.160044599993853,10,CW,9.927760124206543,0.5008069276809692,-0.014857381582260132,24.0988826751709,0.15145474672317505,39.96331787109375
1.1700634000007994,10,CW,9.96338176727295,0.45775189995765686,-0.03627917543053627,24.089214324951172,0.16397710144519806,39.96394729614258
1.1801226999959908,10,CW,9.993432998657227,0.42881396412849426,-0.05155964195728302,24.092437744140625,0.15835170447826385,39.96452713012695
1.1904046999989077,10,CW,9.989850997924805,0.42749884724617004,0.026660285890102386,24.095659255981445,0.14039991796016693,39.965213775634766
1.2004117000033148,10,CW,9.95113754272461,0.4638805389404297,0.07685472816228867,24.08599090576172,0.09538210928440094,39.96586608886719
1.2104392999899574,10,CW,10.019566535949707,0.43580588698387146,-0.001774737611413002,24.092437744140625,0.11305275559425354,39.96641159057617
1.2200513999996474,10,CW,10.052244186401367,0.47111180424690247,0.03897598385810852,24.079545974731445,0.13778558373451233,39.96696090698242
1.2300448000023607,10,CW,10.010040283203125,0.48207858204841614,-0.04895023629069328,24.095659255981445,0.15017426013946533,39.96760177612305
1.2401201999891782,10,CW,10.010208129882812,0.4132283329963684,0.18255800008773804,24.089214324951172,0.1531592607498169,39.96802520751953
1.2503120999899693,10,CW,9.89997386932373,0.3747538626194,-0.03504679352045059,24.089214324951172,0.1323918104171753,39.96870422363281
1.2602568000002066,10,CW,9.825432777404785,0.48005786538124084,-0.017545122653245926,24.092437744140625,0.15455400943756104,39.969505310058594
1.2702594000002136,10,CW,9.929689407348633,0.5305497050285339,0.041129112243652344,24.084379196166992,0.149868905544281,39.97038269042969
1.2804487999965204,10,CW,9.995136260986328,0.4561885893344879,0.03472984582185745,24.09404945373535,0.1588292270898819,39.97093963623047
1.2904599999892525,10,CW,10.027511596679688,0.4237377941608429,0.028371185064315796,24.09404945373535,0.13461065292358398,39.971473693847656
1.3001463999971747,10,CW,9.991554260253906,0.5181451439857483,0.03227110952138901,24.0988826751709,0.12339236587285995,39.97199630737305
1.3103046999895014,10,CW,9.988592147827148,0.40528082847595215,-0.051937494426965714,24.089214324951172,0.1435762643814087,39.972557067871094
1.3203911000018707,10,CW,10.092886924743652,0.541560709476471,0.0007522627711296082,24.095659255981445,0.13739632070064545,39.9730339050293
1.330264599993825,10,CW,10.051115036010742,0.24511581659317017,-0.07550497353076935,24.0908260345459,0.12292195111513138,39.97355651855469
1.3400394999916898,10,CW,10.054697036743164,0.45235323905944824,0.05728994309902191,24.08599090576172,0.14549098908901215,39.97398376464844
1.3502543999929912,10,CW,9.980420112609863,0.43162664771080017,0.09092932939529419,24.100494384765625,0.11450958251953125,39.974544525146484
1.3600928999949247,10,CW,9.945082664489746,0.4947701394557953,-0.0666080117225647,24.08599090576172,0.14567475020885468,39.975276947021484
1.3701333999924827,10,CW,9.977851867675781,0.5295376181602478,-0.07640322297811508,24.087602615356445,0.15886957943439484,39.975830078125
1.380100800000946,10,CW,10.076106071472168,0.4466383755207062,0.007996022701263428,24.084379196166992,0.14696475863456726,39.976356506347656
1.3900890999939293,10,CW,10.040148735046387,0.3674151301383972,-0.20107132196426392,24.0908260345459,0.12936536967754364,39.977027893066406
1.400244099990232,10,CW,10.004191398620605,0.45567449927330017,0.15873393416404724,24.087602615356445,0.13576669991016388,39.9776725769043
1.4102644999948097,10,CW,10.036792755126953,0.45508426427841187,-0.02440715953707695,24.0908260345459,0.10899020731449127,39.97807312011719
1.420357499999227,10,CW,10.036701202392578,0.47473326325416565,-0.07133819907903671,24.095659255981445,0.1357092708349228,39.978458404541016
1.4303858999919612,10,CW,10.027568817138672,0.4449172019958496,-0.13494563102722168,24.0908260345459,0.15652216970920563,39.97898864746094
1.4401717000000644,10,CW,10.02773666381836,0.4405232071876526,-0.04214926436543465,24.092437744140625,0.13479164242744446,39.979427337646484
1.450472800002899,10,CW,9.917766571044922,0.4354179799556732,0.11561271548271179,24.10210609436035,0.09324537962675095,39.980186462402344
1.460492999991402,10,CW,9.914578437805176,0.4732898473739624,-0.05235488340258598,24.0908260345459,0.16032230854034424,39.98107147216797
1.4701320000021951,10,CW,9.95036792755127,0.7028642296791077,-0.007787156850099564,24.0908260345459,0.15754833817481995,39.98166275024414
1.4804394999955548,10,CW,10.015814781188965,0.4684367775917053,-0.027133388444781303,24.089214324951172,0.17178843915462494,39.982200622558594
1.4901667999947676,10,CW,9.97644329071045,0.3836127519607544,0.18062911927700043,24.09404945373535,0.14322783052921295,39.98289108276367
1.500512799990247,10,CW,9.9406156539917,0.4526349604129791,-0.007409254088997841,24.092437744140625,0.10320228338241577,39.983604431152344
1.510079499988933,10,CW,9.937427520751953,0.45402204990386963,-0.24599942564964294,24.092437744140625,0.15951459109783173,39.98428726196289
1.5204246999928728,10,CW,9.972957611083984,0.47647613286972046,0.016920756548643112,24.081157684326172,0.15317316353321075,39.98481750488281
1.530427799996687,10,CW,9.927997589111328,0.4585433006286621,0.0018354281783103943,24.092437744140625,0.13768844306468964,39.985595703125
1.5404573999985587,10,CW,9.93157958984375,0.45317140221595764,0.0947379469871521,24.087602615356445,0.14193479716777802,39.98635482788086
1.5501095999934478,10,CW,9.860058784484863,0.48151895403862,0.019275525584816933,24.092437744140625,0.13028372824192047,39.98711395263672
1.5601664999994682,10,CW,9.857096672058105,0.5001839995384216,-0.027944620698690414,24.092437744140625,0.17743010818958282,39.98783874511719
1.5702202999964356,10,CW,9.92871379852295,0.49861231446266174,-0.03720146045088768,24.09404945373535,0.18145021796226501,39.988521575927734
1.5800577999907546,10,CW,9.961353302001953,0.4408268928527832,-0.045318156480789185,24.079545974731445,0.15315976738929749,39.98906707763672
1.5901213999895845,10,CW,10.023218154907227,0.48385825753211975,0.10227213054895401,24.0908260345459,0.08588068187236786,39.98979187011719
1.600628100000904,10,CW,9.954453468322754,0.3851756453514099,0.07297882437705994,24.0988826751709,0.1348394751548767,39.99042892456055
1.6104863999935333,10,CW,9.987054824829102,0.4573558568954468,-0.01081753522157669,24.0988826751709,0.18286742269992828,39.99094009399414
1.620278699992923,10,CW,10.055560111999512,0.5543619990348816,-0.07195549458265305,24.11016273498535,0.14365461468696594,39.991424560546875
1.630339900002582,10,CW,10.01680850982666,0.3850843608379364,0.002295553684234619,24.09404945373535,0.13412703573703766,39.9920539855957
1.6404856000008294,10,CW,10.049615859985352,0.4297564625740051,-0.023499473929405212,24.087602615356445,0.14445170760154724,39.99249267578125
1.6505183999979636,10,CW,9.903818130493164,0.45145726203918457,0.0362008735537529,24.09404945373535,0.15544404089450836,39.993133544921875
1.6603004999924451,10,CW,9.927627563476562,0.4333901107311249,0.18602082133293152,24.095659255981445,0.13455526530742645,39.995601654052734
1.6891187000001082,10,CW,9.927627563476562,0.4995343089103699,-0.006239507347345352,24.089214324951172,0.1633424460887909,39.995914459228516
1.6927680999942822,10,CW,9.960002899169922,0.44672396779060364,-0.03028203174471855,24.113386154174805,0.17769044637680054,39.99610137939453
1.697261499997694,10,CW,9.960002899169922,0.372903048992157,0.022076666355133057,24.09404945373535,0.13820341229438782,39.99646759033203
1.7025125999934971,10,CW,9.92404556274414,0.4667269289493561,0.06248344108462334,24.09404945373535,0.13556775450706482,39.99678039550781
1.7102015999989817,10,CW,9.992210388183594,0.47576311230659485,0.04316333681344986,24.111774444580078,0.16316796839237213,39.99732971191406
1.7200584999955026,10,CW,10.063697814941406,0.4500751495361328,-0.015783466398715973,24.087602615356445,0.13949112594127655,39.997859954833984
1.7302287999918917,10,CW,10.060773849487305,0.5872371792793274,0.02714931033551693,24.097270965576172,0.1279417723417282,39.998268127441406
1.7402801999996882,10,CW,10.028566360473633,0.45666012167930603,0.07527189701795578,24.100494384765625,0.11753901839256287,39.99866485595703
1.7504575999919325,10,CW,9.921088218688965,0.4485445022583008,-0.0458810068666935,24.0908260345459,0.13298265635967255,39.99939727783203
1.7605096999905072,10,CW,9.88552474975586,0.4708557426929474,-0.07074461132287979,24.0908260345459,0.1728772670030594,40.00005340576172
1.7701488000020618,10,CW,9.849567413330078,0.473545104265213,-0.005325943231582642,24.0988826751709,0.1498977541923523,40.00070571899414
1.7804694999940693,10,CW,9.92141056060791,0.49369144439697266,0.0583634078502655,24.095659255981445,0.13789311051368713,40.00138473510742
1.790468699997291,10,CW,9.91826057434082,0.4581180512905121,0.03339700028300285,24.113386154174805,0.12739789485931396,40.002254486083984
1.8000730999920052,10,CW,9.951067924499512,0.49076899886131287,-0.028279345482587814,24.089214324951172,0.15057463943958282,40.00299072265625
1.8103026000026148,10,CW,9.980255126953125,0.46347135305404663,-0.06489459425210953,24.0908260345459,0.14456792175769806,40.00352478027344
1.8203263999894261,10,CW,10.051742553710938,0.40605905652046204,-0.024460265412926674,24.089214324951172,0.14226189255714417,40.00405502319336
1.8303495000000112,10,CW,9.97742748260498,0.4714639484882355,0.10143575817346573,24.092437744140625,0.14744284749031067,40.00472640991211
1.8400688999972772,10,CW,9.981009483337402,0.4123389422893524,0.0023055635392665863,24.09404945373535,0.14224523305892944,40.00531005859375
1.850088399995002,10,CW,9.912638664245605,0.42256686091423035,-0.08837036043405533,24.0908260345459,0.15649862587451935,40.005897521972656
1.860080200000084,10,CW,9.837761878967285,0.4296908676624298,-0.04055461287498474,24.089214324951172,0.1561427265405655,40.00664138793945
1.8702228999900399,10,CW,9.870439529418945,0.43926477432250977,-0.042387865483760834,24.087602615356445,0.1646098792552948,40.00746154785156
1.8801297000027262,10,CW,9.938830375671387,0.4839716851711273,0.07887405902147293,24.089214324951172,0.12535926699638367,40.00799560546875
1.8901408999954583,10,CW,9.935680389404297,0.4751761853694916,-0.046293288469314575,24.089214324951172,0.14060010015964508,40.00880813598633
1.9000930999900447,10,CW,9.932228088378906,0.5044424533843994,-0.06893958151340485,24.089214324951172,0.17016322910785675,40.0093994140625
1.9102214000013191,10,CW,10.00039291381836,0.4760158956050873,-0.04561041295528412,24.092437744140625,0.13418053090572357,40.0099983215332
1.9205050000018673,10,CW,10.07204818725586,0.4170152246952057,-0.03016296774148941,24.087602615356445,0.1426142454147339,40.01054382324219
1.930114599992521,10,CW,10.065671920776367,0.4661076068878174,0.09939786791801453,24.0988826751709,0.1035432443022728,40.0108757019043
1.9400922999921022,10,CW,10.066271781921387,0.40985578298568726,0.04800707846879959,24.092437744140625,0.11150588095188141,40.01141357421875
1.9503873999929056,10,CW,10.027952194213867,0.46878376603126526,-0.1270165741443634,24.08599090576172,0.15835119783878326,40.011924743652344
1.9601568999933079,10,CW,9.920867919921875,0.46127253770828247,-0.17846088111400604,24.0908260345459,0.1382923126220703,40.01254653930664
1.9704608999891207,10,CW,9.884910583496094,0.38820353150367737,-0.05810714513063431,24.092437744140625,0.1484602987766266,40.01321029663086
1.980279099996551,10,CW,9.956489562988281,0.47835326194763184,0.10061677545309067,24.095659255981445,0.11846709251403809,40.01380920410156
1.990316299998085,10,CW,9.98571491241455,0.4504586160182953,0.020233051851391792,24.087602615356445,0.12224925309419632,40.01449966430664
2.7000060072168708e-06,20,CW,19.84624481201172,0.6397867202758789,-0.09839405119419098,24.092437744140625,0.28735822439193726,40.73774337768555
0.01009189999604132,20,CW,19.774330139160156,0.6471030712127686,-0.07992089539766312,24.0908260345459,0.32382696866989136,40.73847198486328
0.020443100002012216,20,CW,19.73539161682129,0.579616904258728,0.04440271854400635,24.0908260345459,0.275804340839386,40.73961639404297
0.030072599998675287,20,CW,19.7319393157959,0.6193622350692749,-0.010892946273088455,24.0908260345459,0.3021610975265503,40.74070739746094
0.04022860000259243,20,CW,19.764577865600586,0.6010664105415344,0.06798816472291946,24.08599090576172,0.3033217489719391,40.741695404052734
0.050180300007923506,20,CW,19.800630569458008,0.5670456886291504,-0.0737692341208458,24.09404945373535,0.2793283760547638,40.742698669433594
0.06018770000082441,20,CW,19.800630569458008,0.5170212388038635,0.003553982824087143,24.087602615356445,0.2860719561576843,40.74351501464844
0.07043180000619031,20,CW,19.797441482543945,0.6073546409606934,0.14509713649749756,24.105329513549805,0.31394535303115845,40.74464797973633
0.08033650000288617,20,CW,19.82977867126465,0.5589773654937744,0.06978163123130798,24.0908260345459,0.31893986463546753,40.745628356933594
0.09049319999758154,20,CW,19.858835220336914,0.6366885304450989,0.18980318307876587,24.089214324951172,0.3290223777294159,40.74620056152344
0.10048449999885634,20,CW,19.89190673828125,0.5320548415184021,-0.09098748117685318,24.089214324951172,0.24570147693157196,40.74698257446289
0.1101005999953486,20,CW,19.85594940185547,0.5824030637741089,-0.04953555017709732,24.087602615356445,0.28379732370376587,40.74753952026367
0.1201705999992555,20,CW,19.784427642822266,0.5336754322052002,0.11475268006324768,24.097270965576172,0.30969640612602234,40.74864196777344
0.13011149999510963,20,CW,19.884967803955078,0.5800466537475586,-0.0545734204351902,24.097270965576172,0.3095415532588959,40.7493782043457
0.14036059999489225,20,CW,19.84306526184082,0.5471232533454895,0.06838275492191315,24.08599090576172,0.2554226219654083,40.75033187866211
0.15022690000478178,20,CW,19.879680633544922,0.5093615055084229,-0.058063775300979614,24.087602615356445,0.27523520588874817,40.751129150390625
0.16046890000870917,20,CW,19.879680633544922,0.6080247163772583,-0.03654887154698372,24.087602615356445,0.3084133267402649,40.75181579589844
0.17020370000682306,20,CW,19.80815887451172,0.7966352701187134,0.010079458355903625,24.092437744140625,0.30519160628318787,40.75270080566406
0.18041570000059437,20,CW,19.837345123291016,0.5233915448188782,0.006048277020454407,24.100494384765625,0.22691144049167633,40.75345993041992
0.19043930000043474,20,CW,19.834026336669922,0.5515240430831909,-0.0162627175450325,24.089214324951172,0.2754874527454376,40.7542839050293
0.20041950000450015,20,CW,19.90279197692871,0.5521290302276611,-0.17978431284427643,24.095659255981445,0.271064430475235,40.75520706176758
0.21051839999563526,20,CW,19.86683464050293,0.6271265745162964,-0.035511475056409836,24.0908260345459,0.28941574692726135,40.756011962890625
0.2201716999989003,20,CW,19.795312881469727,0.599370002746582,-0.019321434199810028,24.0988826751709,0.2919999361038208,40.75676345825195
0.2301651000016136,20,CW,19.795312881469727,0.588270366191864,0.10185518860816956,24.076322555541992,0.2605975568294525,40.7577018737793
0.24028769999858923,20,CW,19.792387008666992,0.6122255325317383,-0.08453185856342316,24.08599090576172,0.31240153312683105,40.758750915527344
0.2503105000068899,20,CW,19.82558822631836,0.5936665534973145,0.11833781003952026,24.0908260345459,0.27665725350379944,40.75959014892578
0.2603519999975106,20,CW,19.85822868347168,0.5561926364898682,-0.059059351682662964,24.08599090576172,0.29879283905029297,40.76047897338867
0.2703751000080956,20,CW,19.851852416992188,0.5443730354309082,-0.041831616312265396,24.095659255981445,0.26766467094421387,40.76126480102539
0.28023790000588633,20,CW,19.851852416992188,0.5108511447906494,0.03693840652704239,24.0908260345459,0.267129510641098,40.761837005615234
0.29034609999507666,20,CW,19.884490966796875,0.5636019706726074,-0.07909048348665237,24.100494384765625,0.2900260090827942,40.762630462646484
0.3001113000063924,20,CW,19.884883880615234,0.6305673122406006,0.046957388520240784,24.095659255981445,0.27638742327690125,40.76333236694336
0.3100531999953091,20,CW,19.88212776184082,0.5620326399803162,0.011235801503062248,24.081157684326172,0.24902275204658508,40.7640266418457
0.3201716000039596,20,CW,19.914936065673828,0.48361656069755554,-0.008723795413970947,24.100494384765625,0.2896444499492645,40.76469039916992
0.33003320000716485,20,CW,19.84617042541504,0.6311081647872925,0.002530530095100403,24.111774444580078,0.2779795229434967,40.765716552734375
0.34010260000650305,20,CW,19.842851638793945,0.48268362879753113,-0.02192533016204834,24.087602615356445,0.29213255643844604,40.76658248901367
0.35005540000565816,20,CW,19.807680130004883,0.5086722373962402,0.17393700778484344,24.09404945373535,0.31552425026893616,40.767581939697266
0.3601531000022078,20,CW,19.771947860717773,0.5738142132759094,-0.05537872388958931,24.087602615356445,0.2576123774051666,40.768653869628906
0.37015980000433046,20,CW,19.83778953552246,0.5402553081512451,0.10007794946432114,24.092437744140625,0.3127422034740448,40.76934051513672
0.3804734000004828,20,CW,19.83778953552246,0.5967445969581604,-0.08530919253826141,24.095659255981445,0.31100285053253174,40.77017593383789
0.3904681999993045,20,CW,19.90241050720215,0.5609351992607117,-0.053494952619075775,24.092437744140625,0.27838578820228577,40.77089309692383
0.4004419999982929,20,CW,19.867238998413086,0.5834766030311584,-0.029445873573422432,24.092437744140625,0.23984818160533905,40.771644592285156
0.4103233000059845,20,CW,19.864219665527344,0.5099244713783264,-0.0727238655090332,24.08599090576172,0.28025874495506287,40.772274017333984
0.420525000008638,20,CW,19.79269790649414,0.6397998332977295,0.14851593971252441,24.092437744140625,0.3333510458469391,40.773292541503906
0.4300733999989461,20,CW,19.8250732421875,0.7148616909980774,-0.031629011034965515,24.08599090576172,0.2963090240955353,40.774436950683594
0.44029779999982566,20,CW,19.890087127685547,0.4858228862285614,-0.014619752764701843,24.08599090576172,0.2963830232620239,40.77516174316406
0.4503757000056794,20,CW,19.78339385986328,0.6955902576446533,-0.14817023277282715,24.0908260345459,0.25130265951156616,40.77629852294922
0.4604112999950303,20,CW,19.78326416015625,0.5697020888328552,-0.014436200261116028,24.10210609436035,0.2561851441860199,40.777191162109375
0.4701483999961056,20,CW,19.783527374267578,0.6004433631896973,-0.10112418234348297,24.092437744140625,0.23408691585063934,40.77809524536133
0.4801607999979751,20,CW,19.780338287353516,0.5232112407684326,-0.07313506305217743,24.08599090576172,0.32211869955062866,40.779014587402344
0.49054110000724904,20,CW,19.880916595458984,0.5877001881599426,0.04022308811545372,24.089214324951172,0.2678109407424927,40.77980422973633
0.500034600001527,20,CW,19.881309509277344,0.4698483943939209,-0.08162829279899597,24.0908260345459,0.29869839549064636,40.78056335449219
0.5100460999965435,20,CW,19.87816047668457,0.5758948922157288,0.14854708313941956,24.0908260345459,0.24154029786586761,40.78129196166992
0.5201024999987567,20,CW,19.910968780517578,0.5140632390975952,-0.03956624120473862,24.09404945373535,0.30108505487442017,40.78192138671875
0.5302016000059666,20,CW,19.875404357910156,0.5649124383926392,-0.07198037952184677,24.087602615356445,0.30803605914115906,40.78253936767578
0.5403318000026047,20,CW,19.9370059967041,0.6335976123809814,0.015517264604568481,24.0827693939209,0.3137151896953583,40.783447265625
0.5503374999971129,20,CW,19.898685455322266,0.527429461479187,0.04904797673225403,24.087602615356445,0.3176092803478241,40.78421401977539
0.5600995999993756,20,CW,19.895761489868164,0.5848804712295532,0.07542071491479874,24.095659255981445,0.22603853046894073,40.785030364990234
0.5701908000046387,20,CW,19.88994789123535,0.5776084661483765,-0.0045588258653879166,24.087602615356445,0.29635339975357056,40.785682678222656
0.5800343000009889,20,CW,19.88994789123535,0.5124826431274414,0.12803269922733307,24.08599090576172,0.2489934265613556,40.78626251220703
0.590295200003311,20,CW,19.89021110534668,0.5001091957092285,0.04946938157081604,24.08599090576172,0.26352113485336304,40.787025451660156
0.6005254000046989,20,CW,19.815893173217773,0.5811970829963684,0.04066769406199455,24.095659255981445,0.262777179479599,40.78820037841797
0.61022740000044,20,CW,19.809555053710938,0.49557849764823914,-0.07143735140562057,24.084379196166992,0.27770867943763733,40.78901672363281
0.6203591000084998,20,CW,19.842626571655273,0.5851201415061951,-0.09156003594398499,24.087602615356445,0.2684876620769501,40.79170227050781
0.6457569000049261,20,CW,19.83943748474121,0.6006456017494202,0.018109232187271118,24.07793426513672,0.29329848289489746,40.792171478271484
0.6497490000037942,20,CW,19.875226974487305,0.5437300205230713,0.08501531183719635,24.097270965576172,0.2500359117984772,40.79254913330078
0.6543448000011267,20,CW,19.87247085571289,0.5929930806159973,-0.027070336043834686,24.0908260345459,0.3005993366241455,40.79293441772461
0.6600403000047663,20,CW,19.83673858642578,0.6296657919883728,-0.019580796360969543,24.09404945373535,0.2995394766330719,40.79359436035156
0.6705423000094015,20,CW,19.836700439453125,0.5609994530677795,-0.09450768679380417,24.084379196166992,0.2877517640590668,40.794193267822266
0.6800553000066429,20,CW,19.83371925354004,0.4891391396522522,-0.09040556848049164,24.087602615356445,0.2723742127418518,40.795040130615234
0.6900785000034375,20,CW,19.798025131225586,0.6501359343528748,-0.049166735261678696,24.0908260345459,0.36343514919281006,40.795997619628906
0.7002418000047328,20,CW,19.830793380737305,0.5775880813598633,0.08444559574127197,24.089214324951172,0.2800852060317993,40.79677200317383
0.7102573000011034,20,CW,19.7592716217041,0.5757854580879211,-0.07618875801563263,24.087602615356445,0.34893476963043213,40.79771041870117
0.7202553999959491,20,CW,19.795061111450195,0.5827537178993225,-0.03448149561882019,24.084379196166992,0.29465144872665405,40.79848098754883
0.7302046999975573,20,CW,19.75568962097168,0.6212952733039856,0.11627116799354553,24.103717803955078,0.3225635886192322,40.7995491027832
0.740470999997342,20,CW,19.820743560791016,0.6056821346282959,-0.08352559804916382,24.09404945373535,0.31611818075180054,40.80058288574219
0.7504652000061469,20,CW,19.853511810302734,0.6035377979278564,-0.0031555667519569397,24.087602615356445,0.23946157097816467,40.80135726928711
0.760552399995504,20,CW,19.885982513427734,0.5783798098564148,-0.04141731932759285,24.0988826751709,0.2922050952911377,40.802276611328125
0.7700889999978244,20,CW,19.883058547973633,0.5945924520492554,0.08581876009702682,24.097270965576172,0.35591739416122437,40.802978515625
0.780207200004952,20,CW,19.87947654724121,0.5838595032691956,-0.008783448487520218,24.08599090576172,0.26668980717658997,40.803611755371094
0.7902698999969289,20,CW,19.915529251098633,0.5499579906463623,-0.021879717707633972,24.087602615356445,0.3070133328437805,40.80427932739258
0.8000813999969978,20,CW,19.91234016418457,0.5683242082595825,-0.04085138812661171,24.10210609436035,0.22456598281860352,40.80503463745117
0.8100887000036892,20,CW,19.906002044677734,0.43658196926116943,-0.03713494539260864,24.103717803955078,0.28939002752304077,40.8056755065918
0.8202558000048157,20,CW,19.83487319946289,0.6071271896362305,0.010008351877331734,24.081157684326172,0.28942564129829407,40.806480407714844
0.830308899996453,20,CW,19.79891586303711,0.6681487560272217,-0.06062173470854759,24.089214324951172,0.3117954432964325,40.80735397338867
0.8403111000079662,20,CW,19.799179077148438,0.6212016940116882,0.13686715066432953,24.087602615356445,0.2794296443462372,40.80820083618164
0.8504272999998648,20,CW,19.831947326660156,0.6571222543716431,-0.07844463735818863,24.095659255981445,0.24085073173046112,40.80914306640625
0.8600499000021955,20,CW,19.828628540039062,0.5835056900978088,0.03956855833530426,24.08599090576172,0.287794291973114,40.81003189086914
0.8704744999995455,20,CW,19.79306411743164,0.5694038271903992,-0.07631806284189224,24.087602615356445,0.2835603654384613,40.81111145019531
0.8800705000030575,20,CW,19.75710678100586,0.7296571731567383,0.18509000539779663,24.081157684326172,0.31022608280181885,40.8120231628418
0.8900649999995949,20,CW,19.790178298950195,0.5979368686676025,-0.04519769176840782,24.09404945373535,0.2979148328304291,40.81303024291992
0.9004768000013428,20,CW,19.858736038208008,0.633751392364502,-0.09344825148582458,24.087602615356445,0.2717876136302948,40.814117431640625
0.9104782000067644,20,CW,19.85896110534668,0.6673911213874817,0.14131766557693481,24.087602615356445,0.3151993155479431,40.81508255004883
0.9201276999956463,20,CW,19.855867385864258,0.5833067297935486,-0.012731239199638367,24.092437744140625,0.3306054472923279,40.8157958984375
0.9301517999992939,20,CW,19.852848052978516,0.5843387246131897,0.01637411117553711,24.08599090576172,0.2660340666770935,40.81655502319336
0.9401600999990478,20,CW,19.921051025390625,0.5718621611595154,0.08528976142406464,24.092437744140625,0.2742392122745514,40.817142486572266
0.9503144000045722,20,CW,19.91773223876953,0.52451092004776,-0.026227867230772972,24.08599090576172,0.3071902096271515,40.817909240722656
0.960315400006948,20,CW,19.917827606201172,0.49617820978164673,0.048726797103881836,24.087602615356445,0.31173405051231384,40.818702697753906
0.9704219999985071,20,CW,19.87933921813965,0.5564551949501038,-0.004459546413272619,24.0988826751709,0.29121872782707214,40.81953811645508
0.9802077000058489,20,CW,19.875757217407227,0.6123138666152954,0.07942100614309311,24.079545974731445,0.2566148042678833,40.8201789855957
0.9903501000080723,20,CW,19.91180992126465,0.5675742626190186,-0.12618069350719452,24.092437744140625,0.2860901951789856,40.820919036865234
1.0003641000075731,20,CW,19.941429138183594,0.5063104629516602,0.018774166703224182,24.092437744140625,0.291147917509079,40.82167053222656
1.0102336999989348,20,CW,19.86688804626465,0.7208337187767029,-0.06178955361247063,24.097270965576172,0.2559073567390442,40.82231521606445
1.0203452999994624,20,CW,19.830930709838867,0.5668803453445435,-0.02253882773220539,24.0988826751709,0.27816829085350037,40.82319641113281
1.0303343999985373,20,CW,19.863176345825195,0.5596587657928467,0.09344810992479324,24.0908260345459,0.29328078031539917,40.82405090332031
1.0404264999961015,20,CW,19.895776748657227,0.557890772819519,-0.06802958995103836,24.08599090576172,0.30014702677726746,40.82478332519531
1.050080800006981,20,CW,19.964109420776367,0.48783421516418457,0.08286204189062119,24.095659255981445,0.26200059056282043,40.82526397705078
1.0602791999990586,20,CW,19.928415298461914,0.5316826701164246,0.09750965237617493,24.10210609436035,0.26624104380607605,40.82597351074219
1.0701247999968473,20,CW,19.928640365600586,0.5654404163360596,-0.01171162724494934,24.097270965576172,0.30426743626594543,40.82660675048828
1.0802167000074405,20,CW,19.88983154296875,0.6548163294792175,0.26625606417655945,24.100494384765625,0.306266725063324,40.82753372192383
1.0903925000020536,20,CW,19.890094757080078,0.5853737592697144,-0.10512696206569672,24.08599090576172,0.3233630359172821,40.828365325927734
1.1003722000023117,20,CW,19.922863006591797,0.6606928110122681,-0.1146026998758316,24.0908260345459,0.2622935473918915,40.829307556152344
1.1105111000069883,20,CW,19.919713973999023,0.652143120765686,-0.03564290702342987,24.092437744140625,0.2682551145553589,40.8297233581543
1.120546899997862,20,CW,19.883886337280273,0.45471835136413574,-0.09034735709428787,24.087602615356445,0.2891536355018616,40.830284118652344
1.1302045000047656,20,CW,19.91669464111328,0.5376896858215332,-0.03439750149846077,24.087602615356445,0.2860638201236725,40.83091354370117
1.140209600009257,20,CW,19.952747344970703,0.4531458914279938,-0.036184296011924744,24.08599090576172,0.2940070331096649,40.83146286010742
1.1504141000041272,20,CW,20.021080017089844,0.5947253704071045,0.02528967708349228,24.092437744140625,0.33197352290153503,40.83209991455078
1.1603727000037907,20,CW,19.949596405029297,0.582697868347168,0.04284083843231201,24.0908260345459,0.2687421143054962,40.83267593383789
1.170435100008035,20,CW,19.910579681396484,0.5663734674453735,-0.04030989855527878,24.0827693939209,0.2987254559993744,40.83332824707031
1.180251199999475,20,CW,19.9075984954834,0.5832205414772034,-0.06143780052661896,24.09404945373535,0.27428683638572693,40.834110260009766
1.1901502999971854,20,CW,19.871904373168945,0.5474965572357178,-0.08667057007551193,24.095659255981445,0.2829962372779846,40.834815979003906
1.200169999996433,20,CW,19.835777282714844,0.4803090989589691,-0.035969365388154984,24.084379196166992,0.2886367738246918,40.835655212402344
1.21017920000304,20,CW,19.839229583740234,0.6041548848152161,-0.07212068140506744,24.079545974731445,0.2590554356575012,40.836570739746094
1.2203188999992562,20,CW,19.839229583740234,0.6479203104972839,0.1276850551366806,24.084379196166992,0.2766616642475128,40.83730697631836
1.2300704000081168,20,CW,19.83624839782715,0.5903806090354919,-0.012669472023844719,24.089214324951172,0.3136758506298065,40.83811569213867
1.240045700003975,20,CW,19.87230110168457,0.6068136096000671,0.018016276881098747,24.08599090576172,0.2609975337982178,40.839229583740234
1.2503956000000471,20,CW,19.869112014770508,0.578144371509552,-0.03177110105752945,24.0908260345459,0.28332677483558655,40.84001159667969
1.2602132000029087,20,CW,19.833547592163086,0.5886220335960388,0.06993436068296432,24.08599090576172,0.3388890326023102,40.84086227416992
1.2700615000067046,20,CW,19.9053897857666,0.5173067450523376,0.053155310451984406,24.09404945373535,0.3072761595249176,40.84163284301758
1.2803940000012517,20,CW,19.866806030273438,0.5866008400917053,-0.11279214173555374,24.095659255981445,0.32652366161346436,40.84215545654297
1.2902186999999685,20,CW,19.867069244384766,0.6354478001594543,0.15765222907066345,24.089214324951172,0.27708226442337036,40.84273147583008
1.300210800007335,20,CW,19.863880157470703,0.5219956636428833,0.051650166511535645,24.103717803955078,0.31271684169769287,40.843589782714844
1.3102474000043003,20,CW,19.7923583984375,0.6047183275222778,0.08100216835737228,24.08599090576172,0.30648431181907654,40.844547271728516
1.3202070999977877,20,CW,19.860523223876953,0.4061824679374695,-0.029608525335788727,24.092437744140625,0.26466259360313416,40.84544372558594
1.3300808000058169,20,CW,19.85737419128418,0.5591351389884949,-0.04288244992494583,24.087602615356445,0.3278844952583313,40.84624481201172
1.340236999996705,20,CW,19.88997459411621,0.5589307546615601,0.029005568474531174,24.0827693939209,0.308104544878006,40.8469352722168
1.3501581000018632,20,CW,19.9226131439209,0.5558145046234131,-0.06165877357125282,24.097270965576172,0.28310427069664,40.84782409667969
1.3600451000093017,20,CW,19.955421447753906,0.6416540741920471,0.051285356283187866,24.084379196166992,0.30897727608680725,40.84832000732422
1.3704805000015767,20,CW,19.919593811035156,0.6082345247268677,-0.11483752727508545,24.09404945373535,0.22571514546871185,40.848793029785156
1.3802263999969,20,CW,19.916444778442383,0.48015713691711426,0.08092325925827026,24.089214324951172,0.33301064372062683,40.84929656982422
1.3902384999964852,20,CW,19.91325569152832,0.4950946867465973,0.050564151257276535,24.0827693939209,0.274039089679718,40.850059509277344
1.4002540000074077,20,CW,19.945894241333008,0.4777865707874298,0.12011246383190155,24.095659255981445,0.26310649514198303,40.85084915161133
1.4102893000090262,20,CW,19.981721878051758,0.6336633563041687,-0.07227043062448502,24.084379196166992,0.3208733797073364,40.851463317871094
1.4200570999964839,20,CW,19.97849464416504,0.6199842095375061,-0.06444006413221359,24.089214324951172,0.30098235607147217,40.852027893066406
1.4302002000040375,20,CW,19.939781188964844,0.5154290199279785,-0.031319763511419296,24.09404945373535,0.2733862102031708,40.85260772705078
1.4402196000010008,20,CW,19.904178619384766,0.5547009110450745,-0.04315037652850151,24.084379196166992,0.2960285544395447,40.85346603393555
1.4502447999984724,20,CW,19.972381591796875,0.4701458215713501,-0.04872072860598564,24.095659255981445,0.2613781690597534,40.8541259765625
1.4602045000065118,20,CW,19.972606658935547,0.6305665969848633,0.13113436102867126,24.076322555541992,0.29971247911453247,40.854637145996094
1.4703811000072164,20,CW,19.97283172607422,0.606975793838501,-0.06609059125185013,24.084379196166992,0.2699786126613617,40.855072021484375
1.4800201000034576,20,CW,19.901742935180664,0.6318087577819824,-0.0191175639629364,24.087602615356445,0.3073771893978119,40.85547637939453
1.4900697999983095,20,CW,19.8985538482666,0.46996867656707764,-0.06700316071510315,24.09404945373535,0.27338504791259766,40.85612869262695
1.500154699999257,20,CW,19.895235061645508,0.518852949142456,-0.0461248978972435,24.095659255981445,0.2950465977191925,40.85699462890625
1.5103487000014866,20,CW,19.892311096191406,0.5656278133392334,0.0948360338807106,24.08599090576172,0.27937132120132446,40.85779571533203
1.5203542000090238,20,CW,19.889122009277344,0.5451379418373108,-0.22216691076755524,24.089214324951172,0.29202982783317566,40.858482360839844
1.5301427000085823,20,CW,19.850183486938477,0.5693082809448242,0.20213012397289276,24.081157684326172,0.2908328175544739,40.859161376953125
1.5401552999974228,20,CW,19.814619064331055,0.6253420114517212,-0.048168737441301346,24.089214324951172,0.27877897024154663,40.86030197143555
1.5504035000049043,20,CW,19.882822036743164,0.5251498818397522,0.04288848116993904,24.0908260345459,0.3090360462665558,40.860992431640625
1.5605020000075456,20,CW,19.951587677001953,0.5476655960083008,-0.005587807856500149,24.095659255981445,0.29738929867744446,40.86167526245117
1.5700906999991275,20,CW,19.91602325439453,0.48924514651298523,-0.06574250757694244,24.084379196166992,0.2553791105747223,40.86229705810547
1.5802976999984821,20,CW,19.94547462463379,0.565538763999939,0.1064608097076416,24.089214324951172,0.26327231526374817,40.8629150390625
1.590366400007042,20,CW,19.90987205505371,0.5892672538757324,0.08091838657855988,24.081157684326172,0.23312300443649292,40.8636589050293
1.6004455000074813,20,CW,19.906721115112305,0.5198273062705994,0.012516520917415619,24.092437744140625,0.2754935920238495,40.86460876464844
1.6104462000075728,20,CW,19.906946182250977,0.5073478817939758,-0.07789754122495651,24.089214324951172,0.260087251663208,40.86757278442383
1.643561300006695,20,CW,19.86125373840332,0.5762454271316528,-0.04141044616699219,24.07793426513672,0.27953818440437317,40.86788558959961
1.6482208000088576,20,CW,19.92958641052246,0.42108839750289917,-0.15608331561088562,24.0827693939209,0.30592581629753113,40.8681640625
1.6521939000085695,20,CW,19.89402198791504,0.5428560376167297,-0.04826333746314049,24.079545974731445,0.2849874198436737,40.86857223510742
1.6567832000000635,20,CW,19.92997932434082,0.5245782732963562,-0.055700358003377914,24.09404945373535,0.3195723295211792,40.86883544921875
1.660709300005692,20,CW,19.962787628173828,0.56596839427948,-0.10736341774463654,24.087602615356445,0.26726630330085754,40.86909484863281
1.6703587000083644,20,CW,19.923770904541016,0.5462877750396729,-0.06229406222701073,24.084379196166992,0.30326956510543823,40.86963653564453
1.6809393000003183,20,CW,19.924165725708008,0.5258352756500244,0.0455331951379776,24.084379196166992,0.30315297842025757,40.87025833129883
1.690150199996424,20,CW,19.920713424682617,0.51185542345047,-0.05452284589409828,24.0908260345459,0.2492937296628952,40.87092208862305
1.7002657999983057,20,CW,19.953351974487305,0.6993129253387451,0.19896157085895538,24.0908260345459,0.27817294001579285,40.87153244018555
1.710200800007442,20,CW,19.953744888305664,0.5682899951934814,0.008641242980957031,24.097270965576172,0.28628966212272644,40.87213134765625
1.720201799995266,20,CW,19.84639549255371,0.5591801404953003,-0.01427973248064518,24.08599090576172,0.33836719393730164,40.87307357788086
1.7301012999960221,20,CW,19.807682037353516,0.5955457091331482,0.04562333598732948,24.092437744140625,0.3323076367378235,40.87376022338867
1.7404299000045285,20,CW,19.84303855895996,0.6083515882492065,-0.061953816562891006,24.089214324951172,0.2944951355457306,40.8750114440918
1.750322000007145,20,CW,19.911466598510742,0.516414999961853,0.19818474352359772,24.0908260345459,0.31692245602607727,40.87559509277344
1.7600466000003507,20,CW,19.947649002075195,0.5246003866195679,-0.06805460900068283,24.074710845947266,0.25811171531677246,40.87614059448242
1.7703991000016686,20,CW,19.947744369506836,0.5503185987472534,-0.05071738734841347,24.089214324951172,0.3167826235294342,40.8769416809082
1.7804262999998173,20,CW,19.90903091430664,0.516343355178833,-0.1766693890094757,24.09404945373535,0.31812700629234314,40.8775520324707
1.790476000009221,20,CW,19.908430099487305,0.4805229902267456,-0.0012223869562149048,24.081157684326172,0.2860422432422638,40.878326416015625
1.800118900006055,20,CW,19.976858139038086,0.5256447196006775,-0.08010973036289215,24.095659255981445,0.2827093303203583,40.87890625
1.810250199996517,20,CW,19.977251052856445,0.5757957100868225,-0.07491366565227509,24.087602615356445,0.2950560748577118,40.8796272277832
1.820099200005643,20,CW,19.938369750976562,0.5216325521469116,0.0908162072300911,24.09404945373535,0.29846522212028503,40.88027572631836
1.8302488000044832,20,CW,19.89961814880371,0.5512499809265137,-0.05799943208694458,24.087602615356445,0.27203404903411865,40.88078689575195
1.8400806999998167,20,CW,19.93199348449707,0.5440403819084167,-0.012499883770942688,24.0908260345459,0.28084856271743774,40.8812370300293
1.850432399995043,20,CW,19.893110275268555,0.5275422930717468,-0.051792211830616,24.089214324951172,0.290139377117157,40.88191604614258
1.8602135999972234,20,CW,19.929201126098633,0.5231193900108337,-0.06580731272697449,24.092437744140625,0.2574143707752228,40.8828125
1.870483000006061,20,CW,19.89005470275879,0.48331114649772644,-0.10327047109603882,24.079545974731445,0.27851402759552,40.88336181640625
1.8805604000081075,20,CW,19.782743453979492,0.5832251310348511,0.11457094550132751,24.084379196166992,0.31465813517570496,40.88428497314453
1.8904380000021774,20,CW,19.847455978393555,0.6420010328292847,0.048887282609939575,24.07793426513672,0.30481964349746704,40.88515090942383
1.9000451000028988,20,CW,19.948692321777344,0.6235973238945007,-0.12487952411174774,24.08599090576172,0.30569687485694885,40.88576126098633
1.9100397000001976,20,CW,19.984874725341797,0.5371612906455994,0.07744526118040085,24.07793426513672,0.2947612404823303,40.886322021484375
1.9203528000070946,20,CW,19.948917388916016,0.5358732342720032,-0.09014249593019485,24.097270965576172,0.3044372498989105,40.887264251708984
1.9301186000084272,20,CW,19.910036087036133,0.6116712093353271,-0.07406096905469894,24.081157684326172,0.3078187108039856,40.887916564941406
1.940465599996969,20,CW,19.945825576782227,0.5438575148582458,0.07582728564739227,24.097270965576172,0.31207430362701416,40.88858413696289
1.9503187000082107,20,CW,19.942899703979492,0.5791645646095276,0.11706411838531494,24.0908260345459,0.2868864834308624,40.8890495300293
1.9604663000063738,20,CW,19.94329261779785,0.5515012145042419,0.007959794253110886,24.097270965576172,0.31029337644577026,40.889671325683594
1.9700906000070972,20,CW,19.936954498291016,0.5805328488349915,2.779439091682434e-05,24.092437744140625,0.294583261013031,40.89036178588867
1.98048650000419,20,CW,19.898202896118164,0.5804583430290222,0.012524783611297607,24.092437744140625,0.2728634476661682,40.89103698730469
1.9900834000000032,20,CW,19.966367721557617,0.5766081809997559,-0.01002481672912836,24.0988826751709,0.25808361172676086,40.89177322387695
3.4999975468963385e-06,30,CW,29.62923812866211,0.6482420563697815,-0.06053571403026581,24.087602615356445,0.5015232563018799,41.43616485595703
0.010400099999969825,30,CW,29.557453155517578,0.6505643129348755,0.05909046530723572,24.087602615356445,0.5198612809181213,41.437591552734375
0.020421399996848777,30,CW,29.62578582763672,0.6644145250320435,-0.1494632214307785,24.084379196166992,0.47014757990837097,41.43898391723633
0.03042480000294745,30,CW,29.55714988708496,0.6824899315834045,-0.0653238371014595,24.089214324951172,0.5623840093612671,41.44029998779297
0.04048559999500867,30,CW,29.58952522277832,0.7919796109199524,0.09880691766738892,24.08599090576172,0.47847095131874084,41.44197463989258
0.05011709999234881,30,CW,29.62190055847168,0.6812790632247925,0.050638675689697266,24.095659255981445,0.4264972507953644,41.443336486816406
0.060444200003985316,30,CW,29.690683364868164,0.7128022909164429,0.11898578703403473,24.089214324951172,0.44708067178726196,41.44489669799805
0.07042380000348203,30,CW,29.652137756347656,0.6627857685089111,0.1254349648952484,24.092437744140625,0.48443666100502014,41.446083068847656
0.08023160000448115,30,CW,29.752716064453125,0.6569442749023438,-0.0455365888774395,24.081157684326172,0.43343469500541687,41.447200775146484
0.09014749999914784,30,CW,29.749881744384766,0.6872172951698303,-0.1281767040491104,24.08599090576172,0.47846025228500366,41.44831466674805
0.10039019999385346,30,CW,29.778900146484375,0.6357518434524536,0.009412229061126709,24.07793426513672,0.42965131998062134,41.44938659667969
0.11014649999560788,30,CW,29.77886199951172,0.6743171215057373,0.07610595971345901,24.087602615356445,0.47879931330680847,41.45073699951172
0.12019889999646693,30,CW,29.775672912597656,0.7417879700660706,-0.04468822851777077,24.07793426513672,0.34756529331207275,41.45176696777344
0.1302233000023989,30,CW,29.772653579711914,0.7475689053535461,-0.15729132294654846,24.0827693939209,0.4664880037307739,41.452735900878906
0.140213999999105,30,CW,29.736696243286133,0.6706527471542358,-0.039338476955890656,24.089214324951172,0.43951305747032166,41.45365905761719
0.15025459999742452,30,CW,29.805124282836914,0.6736171841621399,-0.05530279874801636,24.089214324951172,0.40845122933387756,41.45461654663086
0.16037879999203142,30,CW,29.769296646118164,0.501940131187439,-0.08678688108921051,24.081157684326172,0.4377588629722595,41.455528259277344
0.17059969999536406,30,CW,29.697607040405273,0.6812434196472168,0.16165988147258759,24.0827693939209,0.4657338559627533,41.45670700073242
0.18014019999827724,30,CW,29.697439193725586,0.6874818205833435,-0.03424585238099098,24.092437744140625,0.44414108991622925,41.45781707763672
0.19014579999202397,30,CW,29.6586856842041,0.7479593753814697,0.07689350098371506,24.089214324951172,0.462260365486145,41.459251403808594
0.20077509999100585,30,CW,29.62334632873535,0.646515429019928,0.03523522615432739,24.084379196166992,0.5016446709632874,41.46073532104492
0.21016919999965467,30,CW,29.655929565429688,0.7086611986160278,-0.0002291649580001831,24.097270965576172,0.5015309453010559,41.46225357055664
0.22001479999744333,30,CW,29.756637573242188,0.8171766400337219,-0.06973712146282196,24.081157684326172,0.45497992634773254,41.46327209472656
0.23050299999886192,30,CW,29.75350570678711,0.6773274540901184,-0.19204498827457428,24.08599090576172,0.43505680561065674,41.4643440246582
0.24023670000315178,30,CW,29.750091552734375,0.6895343661308289,-0.021770775318145752,24.103717803955078,0.4275927245616913,41.465457916259766
0.2501653999934206,30,CW,29.717546463012695,0.6140249371528625,0.04511679336428642,24.09404945373535,0.5162065029144287,41.466548919677734
0.2604748000012478,30,CW,29.717546463012695,0.6988837122917175,0.0032425373792648315,24.089214324951172,0.424817830324173,41.46781539916992
0.27048189999186434,30,CW,29.678665161132812,0.6869737505912781,0.08215637505054474,24.079545974731445,0.4913642406463623,41.4691276550293
0.2804489999980433,30,CW,29.746868133544922,0.5945342779159546,-0.1969643235206604,24.084379196166992,0.43785688281059265,41.470577239990234
0.2903080999967642,30,CW,29.78006935119629,0.5618217587471008,-0.11485688388347626,24.079545974731445,0.40552255511283875,41.47163391113281
0.3002375999931246,30,CW,29.672456741333008,0.6842350363731384,-0.04417693614959717,24.087602615356445,0.4596118927001953,41.472599029541016
0.31026830000337213,30,CW,29.6396484375,0.6003272533416748,-0.02690982073545456,24.0827693939209,0.5113689303398132,41.47401809692383
0.3204403999989154,30,CW,29.67202377319336,0.6789100766181946,0.026931405067443848,24.092437744140625,0.4375693202018738,41.47515869140625
0.33017059999110643,30,CW,29.636234283447266,0.6948172450065613,0.11684438586235046,24.0908260345459,0.4687266945838928,41.47655487060547
0.3402268999925582,30,CW,29.636066436767578,0.698315441608429,-0.04260658845305443,24.08599090576172,0.5666037797927856,41.47810363769531
0.350064400001429,30,CW,29.704269409179688,0.7167279124259949,-0.05090237408876419,24.0908260345459,0.3879871368408203,41.47933578491211
0.3604637999960687,30,CW,29.733888626098633,0.676937997341156,-0.13723449409008026,24.089214324951172,0.4463368058204651,41.48105239868164
0.3701595000020461,30,CW,29.629688262939453,0.6798301339149475,-0.04133475199341774,24.084379196166992,0.47330278158187866,41.48212432861328
0.38005959999281913,30,CW,29.591142654418945,0.736175537109375,0.033070020377635956,24.08599090576172,0.4472774267196655,41.48350143432617
0.39018750000104774,30,CW,29.623743057250977,0.7174084782600403,0.09131050109863281,24.08599090576172,0.4474914073944092,41.485389709472656
0.40047369999228977,30,CW,29.6177978515625,0.6966618299484253,0.010408293455839157,24.087602615356445,0.5128879547119141,41.48696517944336
0.4104186999902595,30,CW,29.64400291442871,0.6360192894935608,-0.02468566596508026,24.0988826751709,0.40587785840034485,41.4881477355957
0.4201384999905713,30,CW,29.699657440185547,0.5696468949317932,-0.13818049430847168,24.092437744140625,0.47645241022109985,41.49211883544922
0.4476589999976568,30,CW,29.664093017578125,0.6456798911094666,0.006933055818080902,24.087602615356445,0.42684656381607056,41.49249267578125
0.4516509999957634,30,CW,29.732728958129883,0.6457885503768921,-0.03812546283006668,24.092437744140625,0.4099268615245819,41.49275588989258
0.45476379999308847,30,CW,29.696901321411133,0.6444985866546631,0.004667632281780243,24.084379196166992,0.44541263580322266,41.49313735961914
0.46019289999094326,30,CW,29.700050354003906,0.6310482621192932,0.02445189468562603,24.089214324951172,0.4908902645111084,41.49372482299805
0.4700989999982994,30,CW,29.70001220703125,0.7195010781288147,-0.07115590572357178,24.074710845947266,0.4118160009384155,41.494911193847656
0.48046249999606516,30,CW,29.768177032470703,0.7144381999969482,0.0007885703817009926,24.079545974731445,0.4356706738471985,41.49654006958008
0.49051679999683984,30,CW,29.80137825012207,0.6580798625946045,0.05027906596660614,24.089214324951172,0.48044028878211975,41.4973030090332
0.5003888999926858,30,CW,29.729856491088867,0.6429319381713867,0.410697877407074,24.0988826751709,0.4768082797527313,41.49851989746094
0.5103547000035178,30,CW,29.726707458496094,0.6881263256072998,0.07738137990236282,24.092437744140625,0.45408764481544495,41.49992370605469
0.5202110999962315,30,CW,29.75934600830078,0.6743619441986084,-0.13320301473140717,24.08599090576172,0.4309440553188324,41.50096130371094
0.5301329999929294,30,CW,29.759571075439453,0.6479799747467041,0.05132735148072243,24.089214324951172,0.5488626956939697,41.50229263305664
0.5401763999980176,30,CW,29.78941535949707,0.5726585984230042,0.010956801474094391,24.092437744140625,0.4608325660228729,41.50307846069336
0.5504196999972919,30,CW,29.792434692382812,0.6927958726882935,-0.10317415744066238,24.08599090576172,0.48028698563575745,41.50429916381836
0.5604336999967927,30,CW,29.75351333618164,0.7242962718009949,0.03607769310474396,24.092437744140625,0.4601421058177948,41.50545883178711
0.5701187999948161,30,CW,29.75351333618164,0.6015721559524536,-0.10402319580316544,24.081157684326172,0.4237563908100128,41.50638961791992
0.5802963000023738,30,CW,29.71768569946289,0.7237059473991394,-0.06355129927396774,24.089214324951172,0.4147530496120453,41.507694244384766
0.590070399994147,30,CW,29.74993133544922,0.7104361653327942,-0.04800412058830261,24.084379196166992,0.5192068815231323,41.50893783569336
0.6000291999953333,30,CW,29.746742248535156,0.64143306016922,-0.035562098026275635,24.09404945373535,0.38683754205703735,41.51002883911133
0.6101416000019526,30,CW,29.70819664001465,0.6839686632156372,-0.032608501613140106,24.0827693939209,0.4539051055908203,41.51123809814453
0.6205538999929558,30,CW,29.708459854125977,0.6629371047019958,-0.10849586874246597,24.087602615356445,0.4626246988773346,41.5123405456543
0.6302712000033353,30,CW,29.708459854125977,0.7678824663162231,0.012171469628810883,24.087602615356445,0.40170079469680786,41.5134162902832
0.6403581999911694,30,CW,29.741100311279297,0.6457425951957703,0.040244705975055695,24.089214324951172,0.4636947810649872,41.514892578125
0.6503145000024233,30,CW,29.73755645751953,0.5845713019371033,-0.07152972370386124,24.087602615356445,0.508233368396759,41.516109466552734
0.6605263999954332,30,CW,29.77049446105957,0.6098554730415344,-0.019225075840950012,24.092437744140625,0.45623040199279785,41.517051696777344
0.670052499990561,30,CW,29.7343692779541,0.6707041263580322,-0.021581200882792473,24.0908260345459,0.4312094748020172,41.518306732177734
0.6802979999920353,30,CW,29.728199005126953,0.63106769323349,-0.17950451374053955,24.09404945373535,0.4383823573589325,41.51948928833008
0.6903190000011818,30,CW,29.793212890625,0.6466178297996521,-0.11586794257164001,24.095659255981445,0.4354301691055298,41.52033615112305
0.7002553999918746,30,CW,29.790456771850586,0.6983965039253235,0.043748993426561356,24.0908260345459,0.48011669516563416,41.5212516784668
0.7105253000045195,30,CW,29.790456771850586,0.6485700011253357,-0.07038818299770355,24.084379196166992,0.4834696352481842,41.5224609375
0.7204253999952925,30,CW,29.718671798706055,0.5491664409637451,0.10544071346521378,24.092437744140625,0.4683884084224701,41.52374267578125
0.7303194999985863,30,CW,29.715539932250977,0.6851969361305237,-0.02176203578710556,24.089214324951172,0.3972865045070648,41.52515411376953
0.7404015999927651,30,CW,29.680200576782227,0.6319459676742554,-0.14472587406635284,24.0827693939209,0.5588362812995911,41.52616882324219
0.7502245999930892,30,CW,29.67363739013672,0.6964250802993774,0.14404036104679108,24.089214324951172,0.38809967041015625,41.52735137939453
0.7603328999975929,30,CW,29.706275939941406,0.7692037224769592,0.033425867557525635,24.097270965576172,0.43695423007011414,41.5289421081543
0.7703347999922698,30,CW,29.706275939941406,0.7063246369361877,-0.12442415952682495,24.084379196166992,0.5031769871711731,41.53026580810547
0.7803195000014966,30,CW,29.670448303222656,0.6429750323295593,0.1310914009809494,24.092437744140625,0.4958759546279907,41.531558990478516
0.7903445999982068,30,CW,29.703048706054688,0.6546927690505981,-0.03222168609499931,24.09404945373535,0.5050399899482727,41.53300857543945
0.8001737000013236,30,CW,29.732667922973633,0.6284536123275757,-0.1151166632771492,24.087602615356445,0.5466225743293762,41.534088134765625
0.8104271999909543,30,CW,29.732667922973633,0.6712662577629089,0.07522360235452652,24.089214324951172,0.43607133626937866,41.53504180908203
0.8200259000004735,30,CW,29.699859619140625,0.723077654838562,-0.019934777170419693,24.087602615356445,0.5524929761886597,41.53644561767578
0.8303764000011142,30,CW,29.765268325805664,0.6543915867805481,-0.19919678568840027,24.0827693939209,0.46741145849227905,41.53755187988281
0.8401279999961844,30,CW,29.761686325073242,0.6338382363319397,0.06477982550859451,24.092437744140625,0.45842698216438293,41.53847122192383
0.8505407999909949,30,CW,29.693050384521484,0.594025731086731,0.061237845569849014,24.095659255981445,0.43678027391433716,41.539859771728516
0.8603285999997752,30,CW,29.761478424072266,0.77852863073349,-0.04242795333266258,24.089214324951172,0.45515355467796326,41.5410270690918
0.8702716999978293,30,CW,29.719575881958008,0.6441484689712524,-0.0985262468457222,24.095659255981445,0.47221940755844116,41.542320251464844
0.8802236999908928,30,CW,29.648054122924805,0.634568452835083,0.11280003190040588,24.084379196166992,0.5414473414421082,41.54362487792969
0.8903716999921016,30,CW,29.644865036010742,0.6652129888534546,-0.1601763665676117,24.08599090576172,0.3825993239879608,41.545318603515625
0.9003437999926973,30,CW,29.677898406982422,0.6413705945014954,-0.06207256019115448,24.087602615356445,0.44266319274902344,41.54661178588867
0.9104805999959353,30,CW,29.704328536987305,0.6496212482452393,-0.12087908387184143,24.0908260345459,0.4229828119277954,41.547977447509766
0.9204605999984778,30,CW,29.7011775970459,0.6662927865982056,-0.1396845430135727,24.07793426513672,0.47781193256378174,41.54912185668945
0.9306036999914795,30,CW,29.73390769958496,0.6642588376998901,0.14094331860542297,24.092437744140625,0.5011196732521057,41.54999923706055
0.9405483000009554,30,CW,29.76292610168457,0.7251823544502258,0.029859505593776703,24.092437744140625,0.516102135181427,41.55148696899414
0.9500574999983655,30,CW,29.691572189331055,0.7703590393066406,-0.056147221475839615,24.087602615356445,0.46958816051483154,41.552528381347656
0.9600978999951622,30,CW,29.72119140625,0.7308351993560791,-0.09308703988790512,24.0988826751709,0.4725074768066406,41.5537109375
0.9702369000006001,30,CW,29.721416473388672,0.4638530910015106,0.07468435913324356,24.0827693939209,0.4547921121120453,41.55482864379883
0.9801117000024533,30,CW,29.682870864868164,0.8438495993614197,0.16089971363544464,24.0908260345459,0.382095605134964,41.55624008178711
0.990158300002804,30,CW,29.74831771850586,0.639581024646759,-0.12681818008422852,24.0988826751709,0.36711323261260986,41.55735778808594
1.0002991999936057,30,CW,29.74509048461914,0.7025918960571289,-0.005170462653040886,24.084379196166992,0.46675798296928406,41.55860900878906
1.010431399990921,30,CW,29.774934768676758,0.6729992628097534,-0.09417253732681274,24.095659255981445,0.4184166491031647,41.559810638427734
1.0204540999984602,30,CW,29.706600189208984,0.6481537222862244,-0.050241868942976,24.08599090576172,0.5066301226615906,41.56085205078125
1.0300573999993503,30,CW,29.739538192749023,0.6924017667770386,-0.07724689692258835,24.084379196166992,0.4165526032447815,41.561702728271484
1.040298599997186,30,CW,29.739370346069336,0.7124670147895813,-0.04006010293960571,24.09404945373535,0.457988440990448,41.563045501708984
1.050284400000237,30,CW,29.700824737548828,0.6879966259002686,0.1536543369293213,24.084379196166992,0.47389325499534607,41.56448745727539
1.060304200000246,30,CW,29.801403045654297,0.6869420409202576,0.00580674409866333,24.081157684326172,0.4283183217048645,41.56558609008789
1.0700375000014901,30,CW,29.798646926879883,0.6600363254547119,0.07191365957260132,24.089214324951172,0.4229857623577118,41.56654739379883
1.0800366999901598,30,CW,29.79562759399414,0.5995860695838928,-0.08713865280151367,24.087602615356445,0.4666498899459839,41.56739807128906
1.0900953999953344,30,CW,29.861074447631836,0.704869270324707,-0.1885240077972412,24.09404945373535,0.39237043261528015,41.567989349365234
1.1005908999941312,30,CW,29.789457321166992,0.7365272045135498,-0.021150480955839157,24.08599090576172,0.4329187572002411,41.56904602050781
1.1101347999938298,30,CW,29.75053596496582,0.6455386281013489,-0.14495204389095306,24.09404945373535,0.44968298077583313,41.570072174072266
1.1202250999922398,30,CW,29.747121810913086,0.6787934303283691,0.02689126878976822,24.092437744140625,0.41692569851875305,41.57124710083008
1.130506699992111,30,CW,29.779760360717773,0.7375088334083557,-0.012517169117927551,24.095659255981445,0.475237101316452,41.572303771972656
1.1400298999942606,30,CW,29.80937957763672,0.6109239459037781,-0.06994558125734329,24.084379196166992,0.4271705448627472,41.5731201171875
1.15047439999762,30,CW,29.73772430419922,0.6894652843475342,0.0913570299744606,24.092437744140625,0.49979060888290405,41.57435989379883
1.1604937999945832,30,CW,29.770492553710938,0.7270439267158508,0.0804150402545929,24.092437744140625,0.38647469878196716,41.575599670410156
1.1702977999957511,30,CW,29.7641544342041,0.5830976963043213,-0.06751278787851334,24.095659255981445,0.5345748066902161,41.5768928527832
1.1803163000004133,30,CW,29.657669067382812,0.6532483696937561,0.18210819363594055,24.092437744140625,0.48392254114151,41.578067779541016
1.1900785000034375,30,CW,29.723115921020508,0.6931121945381165,-0.10685662925243378,24.087602615356445,0.42699769139289856,41.57937240600586
1.2005004999955418,30,CW,29.75907325744629,0.745603084564209,-0.09411339461803436,24.092437744140625,0.48289769887924194,41.580440521240234
1.2101532999949995,30,CW,29.7880916595459,0.6591363549232483,0.04115523025393486,24.103717803955078,0.5185636878013611,41.581478118896484
1.2203808999911416,30,CW,29.71945571899414,0.7407450079917908,0.051751282066106796,24.0827693939209,0.5190093517303467,41.582679748535156
1.2300473999930546,30,CW,29.752094268798828,0.6859570145606995,0.04066698998212814,24.0827693939209,0.4822772145271301,41.58381271362305
1.2402173000009498,30,CW,29.748905181884766,0.557215690612793,0.018399372696876526,24.095659255981445,0.44800683856010437,41.58490753173828
1.2501985999988392,30,CW,29.748905181884766,0.7179839015007019,0.09498314559459686,24.0827693939209,0.40165096521377563,41.58596420288086
1.2603131999931065,30,CW,29.78173065185547,0.6111249923706055,0.1312989741563797,24.089214324951172,0.49980828166007996,41.58742141723633
1.2702321999968262,30,CW,29.78173065185547,0.5734577775001526,0.03371459245681763,24.089214324951172,0.4375830590724945,41.58845520019531
1.2800811999914004,30,CW,29.71007537841797,0.6405419707298279,-0.09197673946619034,24.076322555541992,0.42157310247421265,41.58958435058594
1.2901322999969125,30,CW,29.71007537841797,0.6591222882270813,0.056284427642822266,24.0988826751709,0.4002085030078888,41.59064865112305
1.300299199996516,30,CW,29.707111358642578,0.6499707698822021,0.06082378327846527,24.087602615356445,0.4869624674320221,41.59186935424805
1.310366999998223,30,CW,29.739486694335938,0.6555156111717224,-0.1221461296081543,24.103717803955078,0.4028394818305969,41.59268569946289
1.320476699998835,30,CW,29.703659057617188,0.687213122844696,0.21750286221504211,24.089214324951172,0.46354940533638,41.593902587890625
1.330317699990701,30,CW,29.77208709716797,0.6148148775100708,-0.04159805178642273,24.095659255981445,0.5057273507118225,41.595237731933594
1.3403442999988329,30,CW,29.736522674560547,0.6704234480857849,0.032746896147727966,24.087602615356445,0.4916797876358032,41.596317291259766
1.3505172000004677,30,CW,29.736522674560547,0.8431094884872437,0.07079288363456726,24.092437744140625,0.3582337200641632,41.597801208496094
1.3602321999933338,30,CW,29.8046875,0.6280903220176697,-0.1063162237405777,24.087602615356445,0.4730030298233032,41.59904098510742
1.3704490999953123,30,CW,29.766366958618164,0.6232339143753052,-0.12641489505767822,24.087602615356445,0.5164631009101868,41.600074768066406
1.380448299998534,30,CW,29.730802536010742,0.7021821141242981,-0.053031809628009796,24.095659255981445,0.5051823258399963,41.601341247558594
1.390278799997759,30,CW,29.662900924682617,0.5704386234283447,-0.1339750587940216,24.0988826751709,0.44181203842163086,41.60261917114258
1.4004925999906845,30,CW,29.624147415161133,0.7279516458511353,0.03722411394119263,24.081157684326172,0.5014380216598511,41.60417556762695
1.4101499999960652,30,CW,29.65695571899414,0.6763335466384888,0.12967000901699066,24.09404945373535,0.4203116297721863,41.60530471801758
1.4202065999998013,30,CW,29.6539363861084,0.6259016394615173,0.008672699332237244,24.097270965576172,0.477765291929245,41.60657501220703
1.4305524999945192,30,CW,29.651836395263672,0.6527901887893677,-0.08557384461164474,24.0827693939209,0.49752652645111084,41.6103515625
1.4558402999973623,30,CW,29.68421173095703,0.6776130199432373,-0.013631567358970642,24.089214324951172,0.4844447672367096,41.611053466796875
1.460463900002651,30,CW,29.68447494506836,0.6900665760040283,0.010479450225830078,24.084379196166992,0.41854408383369446,41.61141586303711
1.4642771999933757,30,CW,29.68447494506836,0.7044627070426941,-0.22911232709884644,24.0908260345459,0.4829500913619995,41.61183166503906
1.4702549999929033,30,CW,29.72043228149414,0.6833944916725159,0.1477816253900528,24.084379196166992,0.4681593179702759,41.612632751464844
1.4802264000027208,30,CW,29.753032684326172,0.6951071619987488,-0.07062968611717224,24.092437744140625,0.5039423108100891,41.61397171020508
1.4903729999932693,30,CW,29.785802841186523,0.714585542678833,0.10449870675802231,24.095659255981445,0.47899919748306274,41.61494064331055
1.5003854999959003,30,CW,29.818571090698242,0.6451091766357422,-0.07716378569602966,24.089214324951172,0.4792785048484802,41.61617660522461
1.5101178000040818,30,CW,29.782743453979492,0.640360951423645,-0.135994553565979,24.1069393157959,0.4300573766231537,41.61702346801758
1.5205686999979662,30,CW,29.711313247680664,0.632664144039154,-0.06030154228210449,24.095659255981445,0.47695299983024597,41.618099212646484
1.530283000000054,30,CW,29.7081241607666,0.7291828393936157,0.09097374975681305,24.076322555541992,0.46575137972831726,41.61939239501953
1.5400642000022344,30,CW,29.737743377685547,0.6720080375671387,-0.044500332325696945,24.081157684326172,0.47269201278686523,41.6204719543457
1.5503855999995722,30,CW,29.737743377685547,0.7213947772979736,0.1527765840291977,24.079545974731445,0.500881016254425,41.621559143066406
1.5602318000019295,30,CW,29.77353286743164,0.7388883829116821,0.03971127048134804,24.10210609436035,0.4199053645133972,41.622711181640625
1.5704458999971393,30,CW,29.84186553955078,0.6875157952308655,0.04802664369344711,24.089214324951172,0.5418389439582825,41.623748779296875
1.5801218999986304,30,CW,29.83850860595703,0.6063491106033325,0.08946682512760162,24.084379196166992,0.4605123698711395,41.62458419799805
1.5903442999988329,30,CW,29.769872665405273,0.663872241973877,0.061811819672584534,24.084379196166992,0.4331766664981842,41.62562561035156
1.600231199990958,30,CW,29.76668357849121,0.6980158686637878,0.14691683650016785,24.081157684326172,0.48951542377471924,41.6268424987793
1.610481499999878,30,CW,29.76349449157715,0.6699329614639282,-0.05214034765958786,24.08599090576172,0.462159126996994,41.62786865234375
1.6204221999942092,30,CW,29.7276668548584,0.718719482421875,-0.0992557555437088,24.084379196166992,0.45937976241111755,41.628807067871094
1.6301017999940086,30,CW,29.8316593170166,0.6651536822319031,0.14282868802547455,24.0827693939209,0.4590582251548767,41.62968444824219
1.640169899998,30,CW,29.86442756652832,0.7154841423034668,-0.006095290184020996,24.081157684326172,0.4720121920108795,41.63048553466797
1.6501788000023225,30,CW,29.82859992980957,0.6650378704071045,-0.17690438032150269,24.0908260345459,0.4564876854419708,41.631309509277344
1.6601877999928547,30,CW,29.79277229309082,0.6278753876686096,0.09111489355564117,24.092437744140625,0.49124380946159363,41.63240051269531
1.6701979999925243,30,CW,29.786394119262695,0.8118323087692261,0.0962001383304596,24.081157684326172,0.4572238028049469,41.63371276855469
1.6801103000034345,30,CW,29.783374786376953,0.6580032706260681,-0.06019163131713867,24.089214324951172,0.4368811249732971,41.634483337402344
1.6900616999919293,30,CW,29.747379302978516,0.6755074262619019,0.10088412463665009,24.08599090576172,0.4706679582595825,41.63582229614258
1.7001868999941507,30,CW,29.848783493041992,0.6000492572784424,-0.08734389394521713,24.089214324951172,0.4156360924243927,41.63691329956055
1.7104426000005333,30,CW,29.881816864013672,0.6422834992408752,0.09061375260353088,24.092437744140625,0.4400376081466675,41.63748550415039
1.7204420999914873,30,CW,29.81003189086914,0.6615806818008423,0.10049866884946823,24.089214324951172,0.48854532837867737,41.63837814331055
1.7305175999936182,30,CW,29.80693817138672,0.7634351253509521,0.1257147490978241,24.089214324951172,0.4554291367530823,41.639434814453125
1.7403879999910714,30,CW,29.77412986755371,0.6213216781616211,0.12220188975334167,24.08599090576172,0.4874895513057709,41.64056396484375
1.7505219000013312,30,CW,29.70247459411621,0.7078649997711182,-0.03152933716773987,24.09404945373535,0.44555264711380005,41.641990661621094
1.7603583000018261,30,CW,29.806730270385742,0.6951889991760254,-0.0022584162652492523,24.087602615356445,0.40857356786727905,41.64301681518555
1.7702332999906503,30,CW,29.806859970092773,0.6478645205497742,-0.026866130530834198,24.089214324951172,0.3883100152015686,41.64386749267578
1.7806376999942586,30,CW,29.803503036499023,0.5846278667449951,-0.10771843045949936,24.089214324951172,0.41703376173973083,41.644927978515625
1.7904115999990609,30,CW,29.734867095947266,0.6603744626045227,0.12446194142103195,24.092437744140625,0.46349817514419556,41.645904541015625
1.8003615999914473,30,CW,29.767505645751953,0.639210045337677,0.07231137901544571,24.092437744140625,0.5196123123168945,41.646942138671875
1.8100432999926852,30,CW,29.7971248626709,0.7988473773002625,-0.013458061963319778,24.089214324951172,0.4439404308795929,41.647918701171875
1.8203549000027124,30,CW,29.832521438598633,0.6651800274848938,-0.04052270948886871,24.081157684326172,0.43719831109046936,41.64884567260742
1.8301213999948232,30,CW,29.900724411010742,0.5775740146636963,-0.10024109482765198,24.0908260345459,0.4459461271762848,41.64974594116211
1.8402882999944268,30,CW,29.861970901489258,0.7044823169708252,-0.025641528889536858,24.08599090576172,0.48053720593452454,41.65070343017578
1.8504492999927606,30,CW,29.82636833190918,0.6381198763847351,0.03102889657020569,24.0827693939209,0.41614386439323425,41.65139389038086
1.8604268999915803,30,CW,29.86180305480957,0.7189782857894897,-0.0378405898809433,24.0988826751709,0.45314446091651917,41.65262985229492
1.8700296000024537,30,CW,29.890989303588867,0.6073557138442993,0.019561581313610077,24.0908260345459,0.46447959542274475,41.653228759765625
1.8800438000034774,30,CW,29.890989303588867,0.6641930341720581,0.08466006815433502,24.084379196166992,0.466886430978775,41.65412521362305
1.8902770999993663,30,CW,29.884780883789062,0.6498929858207703,-0.04472906515002251,24.092437744140625,0.48081985116004944,41.65501022338867
1.9003762999927858,30,CW,29.95001983642578,0.6935744285583496,-0.026392001658678055,24.081157684326172,0.37214428186416626,41.65532684326172
1.9102152999985265,30,CW,29.911436080932617,0.7525977492332458,-0.0709061548113823,24.089214324951172,0.41202178597450256,41.656089782714844
1.920237400001497,30,CW,29.908246994018555,0.6431385278701782,-0.02527734637260437,24.079545974731445,0.4319452941417694,41.65681076049805
1.9301793999911752,30,CW,29.839481353759766,0.7296450734138489,-0.16236461699008942,24.08599090576172,0.43829667568206787,41.657630920410156
1.9403814999968745,30,CW,29.90147590637207,0.6711443066596985,-0.03203677386045456,24.095659255981445,0.4707629680633545,41.658721923828125
1.950303099991288,30,CW,29.89855194091797,0.6798186302185059,-0.14018765091896057,24.084379196166992,0.38619759678840637,41.65937423706055
1.9602997000038158,30,CW,29.865781784057617,0.7001209855079651,-0.07525080442428589,24.092437744140625,0.4800662398338318,41.66046905517578
1.9705334000027506,30,CW,29.859010696411133,0.674738883972168,0.12153041362762451,24.089214324951172,0.500859797000885,41.661441802978516
1.9801196999906097,30,CW,29.894800186157227,0.7279133796691895,-0.1490664780139923,24.087602615356445,0.3872101604938507,41.662269592285156
1.9903323000035016,30,CW,29.82344627380371,0.6694567799568176,-0.07450336217880249,24.08599090576172,0.43764665722846985,41.662994384765625
3.100009053014219e-06,40,CW,39.595821380615234,0.7305926084518433,-0.05327790230512619,24.087602615356445,0.7133311033248901,42.12905502319336
0.010485699996934272,40,CW,39.589874267578125,0.8577567338943481,0.0040939003229141235,24.0908260345459,0.5854164958000183,42.130741119384766
0.03902070000185631,40,CW,39.54517364501953,0.7220140695571899,0.008512824773788452,24.097270965576172,0.6067509055137634,42.135135650634766
0.043825000000651926,40,CW,39.577980041503906,0.7769705057144165,-0.09963511675596237,24.084379196166992,0.6612518429756165,42.136043548583984
0.04828319999796804,40,CW,39.542022705078125,0.767819344997406,-0.11876734346151352,24.0827693939209,0.6941285133361816,42.13682174682617
0.051940100005595013,40,CW,39.61065673828125,0.7777762413024902,-0.08812341839075089,24.0908260345459,0.7293424606323242,42.13747787475586
0.060210299998288974,40,CW,39.571903228759766,0.8257571458816528,0.156359001994133,24.087602615356445,0.7108989953994751,42.138938903808594
0.07022200000938028,40,CW,39.571903228759766,0.8043287992477417,0.085725337266922,24.0908260345459,0.6615515351295471,42.14081573486328
0.08003670000471175,40,CW,39.56858444213867,0.7156543731689453,0.08245038241147995,24.09404945373535,0.5978172421455383,42.142547607421875
0.0902048999996623,40,CW,39.56513214111328,0.7975303530693054,0.014345332980155945,24.08599090576172,0.6583763360977173,42.14433670043945
0.10047449999547098,40,CW,39.562110900878906,0.7384958863258362,-0.05746924877166748,24.0827693939209,0.5555718541145325,42.14653396606445
0.11047030000190716,40,CW,39.56272888183594,0.7028666734695435,0.027606219053268433,24.087602615356445,0.7533157467842102,42.148681640625
0.1203174999973271,40,CW,39.52440643310547,0.7420023679733276,-0.06537257879972458,24.0908260345459,0.5887167453765869,42.150081634521484
0.13044029999582563,40,CW,39.553855895996094,0.6680640578269958,0.06256584078073502,24.097270965576172,0.6469316482543945,42.151771545410156
0.14029120000486728,40,CW,39.58688735961914,0.6915575265884399,-0.02730552852153778,24.095659255981445,0.6453302502632141,42.153717041015625
0.150527100006002,40,CW,39.58369827270508,0.8150113224983215,0.012232868000864983,24.081157684326172,0.5971930623054504,42.15541458129883
0.16045540000777692,40,CW,39.61642837524414,0.6829556822776794,0.04250648617744446,24.0988826751709,0.6724309325218201,42.157108306884766
0.17044260000693612,40,CW,39.61008834838867,0.766491711139679,-0.033365391194820404,24.079545974731445,0.5796222686767578,42.15848159790039
0.1805573000019649,40,CW,39.64246368408203,0.7826186418533325,0.10260500758886337,24.100494384765625,0.6581850051879883,42.16025924682617
0.19050280000374187,40,CW,39.64246368408203,0.7563778162002563,-0.04853671044111252,24.09404945373535,0.6928033232688904,42.161659240722656
0.2002405999955954,40,CW,39.67868423461914,0.8253256678581238,-0.017450876533985138,24.095659255981445,0.6908761262893677,42.16324996948242
0.21004140000150073,40,CW,39.747711181640625,0.7924948930740356,-0.12940017879009247,24.087602615356445,0.6069848537445068,42.164268493652344
0.22020290000364184,40,CW,39.67631912231445,0.7934636473655701,0.13612142205238342,24.081157684326172,0.7435913681983948,42.1657829284668
0.2300771000009263,40,CW,39.67273712158203,0.6783356666564941,0.043237026780843735,24.09404945373535,0.6895694732666016,42.167266845703125
0.24016250000568107,40,CW,39.66994094848633,0.8523973822593689,-0.018168993294239044,24.089214324951172,0.5984014868736267,42.169151306152344
0.2502172999957111,40,CW,39.5981559753418,0.8162044286727905,-0.046711333096027374,24.08599090576172,0.649528980255127,42.17081832885742
0.2601716000062879,40,CW,39.630531311035156,0.7341720461845398,-0.0010682493448257446,24.087602615356445,0.707875669002533,42.17214584350586
0.27002870000433177,40,CW,39.59177780151367,0.7572731971740723,-0.02089780569076538,24.0908260345459,0.680908203125,42.173667907714844
0.2803721000091173,40,CW,39.5556526184082,0.7833521366119385,-0.044246889650821686,24.092437744140625,0.6851871013641357,42.17530822753906
0.2903350999986287,40,CW,39.51689910888672,0.719722330570221,0.07740505784749985,24.084379196166992,0.6210131645202637,42.17729187011719
0.30039859999669716,40,CW,39.513710021972656,0.8268147110939026,0.0604468435049057,24.089214324951172,0.7251779437065125,42.17911148071289
0.31015340000158176,40,CW,39.582305908203125,0.8284414410591125,0.026097193360328674,24.081157684326172,0.586828887462616,42.18072509765625
0.3201543000031961,40,CW,39.57911682128906,0.8341039419174194,0.14993798732757568,24.089214324951172,0.683844804763794,42.18243408203125
0.3301287000067532,40,CW,39.61175537109375,0.8482626676559448,0.0073091089725494385,24.092437744140625,0.667132556438446,42.1842155456543
0.34017180000955705,40,CW,39.57553482055664,0.7571065425872803,-0.019777417182922363,24.095659255981445,0.71954345703125,42.1861572265625
0.35020040000381414,40,CW,39.60813522338867,0.7484841346740723,0.060368672013282776,24.0908260345459,0.70484858751297,42.18777084350586
0.3602124000026379,40,CW,39.57217788696289,0.7749797701835632,-0.02316109836101532,24.089214324951172,0.7012343406677246,42.189449310302734
0.3704236000048695,40,CW,39.60455322265625,0.7276805639266968,0.1132505014538765,24.071489334106445,0.6868063807487488,42.19087219238281
0.3803487999975914,40,CW,39.56600570678711,0.8588513135910034,-0.006693676114082336,24.08599090576172,0.6896570324897766,42.19286346435547
0.3900434000097448,40,CW,39.56600570678711,0.7822895646095276,0.1641860455274582,24.07793426513672,0.7050185203552246,42.19465637207031
0.4003707000083523,40,CW,39.631019592285156,0.7370749115943909,-0.05175524950027466,24.087602615356445,0.6801919937133789,42.196266174316406
0.4100234000070486,40,CW,39.699615478515625,0.6452133655548096,-0.11225616186857224,24.10210609436035,0.6695168614387512,42.19777297973633
0.4200474999961443,40,CW,39.69685745239258,0.6814380884170532,-0.028918595984578133,24.08599090576172,0.6964867115020752,42.19941329956055
0.4302336999971885,40,CW,39.625335693359375,0.6916883587837219,-0.09646230190992355,24.103717803955078,0.673742413520813,42.20087814331055
0.4403913999994984,40,CW,39.62297058105469,0.8406328558921814,0.057110030204057693,24.084379196166992,0.7077509164810181,42.202606201171875
0.45047530000738334,40,CW,39.619781494140625,0.7639465928077698,-0.04095843434333801,24.0827693939209,0.6254243850708008,42.20405197143555
0.4600693999964278,40,CW,39.61659240722656,0.6893075108528137,0.015252001583576202,24.08599090576172,0.6536604166030884,42.205833435058594
0.4702489000046626,40,CW,39.652774810791016,0.7062163352966309,-0.1163599044084549,24.0827693939209,0.6076996326446533,42.20722198486328
0.4801774000079604,40,CW,39.64643478393555,0.7981681823730469,-0.1030668169260025,24.100494384765625,0.6645010709762573,42.20899963378906
0.4901036000082968,40,CW,39.64665985107422,0.8243400454521179,-0.07307184487581253,24.105329513549805,0.5962491035461426,42.210601806640625
0.5001973000034923,40,CW,39.60794448852539,0.6721853017807007,-0.09346528351306915,24.09404945373535,0.6729098558425903,42.21217346191406
0.5102072000008775,40,CW,39.607513427734375,0.6655547022819519,-0.08909951895475388,24.0827693939209,0.6310001611709595,42.21366882324219
0.5203870999976061,40,CW,39.640113830566406,0.7032907605171204,0.039204563945531845,24.087602615356445,0.6276592016220093,42.21549987792969
0.5302723000058904,40,CW,39.601566314697266,0.7577985525131226,-0.24284367263317108,24.092437744140625,0.715870201587677,42.21706771850586
0.5404584000061732,40,CW,39.601436614990234,0.8105823397636414,-0.05584964528679848,24.081157684326172,0.6102768182754517,42.218685150146484
0.5505355000059353,40,CW,39.66684341430664,0.6892789006233215,0.06069210171699524,24.0827693939209,0.5671030879020691,42.22013473510742
0.5602894000039669,40,CW,39.69948196411133,0.7321996092796326,-0.04727410152554512,24.0908260345459,0.6240637898445129,42.221187591552734
0.5700328999955673,40,CW,39.696556091308594,0.755422055721283,-0.07644781470298767,24.084379196166992,0.5856490731239319,42.222896575927734
0.5800921000045491,40,CW,39.66099166870117,0.6741292476654053,-0.003631112165749073,24.087602615356445,0.620339035987854,42.22431182861328
0.5903189000091515,40,CW,39.697174072265625,0.7775697708129883,-0.038344547152519226,24.0827693939209,0.6426767110824585,42.226402282714844
0.6004136999981711,40,CW,39.72636032104492,0.7762410044670105,-0.1392669975757599,24.092437744140625,0.5870073437690735,42.22751998901367
0.6104162999981781,40,CW,39.72662353515625,0.8080390095710754,0.044157929718494415,24.089214324951172,0.637450635433197,42.228416442871094
0.6204227999987779,40,CW,39.759559631347656,0.751483142375946,-0.10438437014818192,24.09404945373535,0.6427523493766785,42.22943115234375
0.630452500001411,40,CW,39.75657653808594,0.7725154757499695,0.038639605045318604,24.087602615356445,0.7464877367019653,42.23088836669922
0.6402035000064643,40,CW,39.67888259887695,0.6734259724617004,0.15191739797592163,24.084379196166992,0.671671986579895,42.23229217529297
0.6502894000004744,40,CW,39.67888259887695,0.7833278775215149,0.11459250748157501,24.097270965576172,0.64000403881073,42.23338317871094
0.6602483000024222,40,CW,39.67914581298828,0.778586208820343,-0.0744161531329155,24.095659255981445,0.6238024830818176,42.23477554321289
0.6702251000097021,40,CW,39.64358139038086,0.7042360305786133,0.1154777780175209,24.084379196166992,0.6777030229568481,42.23649215698242
0.6804424000001745,40,CW,39.60762405395508,0.8070522546768188,0.056506652384996414,24.09404945373535,0.6809626221656799,42.23817825317383
0.6903870000096504,40,CW,39.637672424316406,0.7160394787788391,0.0010754168033599854,24.07793426513672,0.6950212121009827,42.23976516723633
0.7002374000003329,40,CW,39.634315490722656,0.749366819858551,0.05088716745376587,24.08599090576172,0.5929193496704102,42.24117660522461
0.7102305000007618,40,CW,39.634315490722656,0.7281674146652222,-0.06547626852989197,24.087602615356445,0.6944972276687622,42.24264144897461
0.7207262000010815,40,CW,39.66773986816406,0.6948422789573669,-0.06671049445867538,24.084379196166992,0.7083916664123535,42.244258880615234
0.7300455000076909,40,CW,39.70054626464844,0.7558987140655518,0.056861791759729385,24.09404945373535,0.6193512082099915,42.246009826660156
0.740040400007274,40,CW,39.6976203918457,0.7586555480957031,0.11604861915111542,24.087602615356445,0.5028060674667358,42.246952056884766
0.7500793000072008,40,CW,39.69426345825195,0.8539392948150635,-0.039083950221538544,24.08599090576172,0.5883786082267761,42.24853515625
0.760294799998519,40,CW,39.69426345825195,0.7905000448226929,0.039830032736063004,24.084379196166992,0.5591992735862732,42.249874114990234
0.7704534000076819,40,CW,39.69146728515625,0.7261154055595398,0.023461520671844482,24.08599090576172,0.6610080003738403,42.25125503540039
0.7804658000095515,40,CW,39.688446044921875,0.8843037486076355,-0.036015529185533524,24.0827693939209,0.6177365183830261,42.252994537353516
0.7902675000077579,40,CW,39.682106018066406,0.7604613304138184,0.21757999062538147,24.087602615356445,0.7170421481132507,42.25406265258789
0.8001417000050424,40,CW,39.71470642089844,0.742148756980896,-0.008650261908769608,24.081157684326172,0.5852194428443909,42.25543975830078
0.810145299998112,40,CW,39.7470817565918,0.6748003959655762,-0.0809103474020958,24.089214324951172,0.6955058574676514,42.25666046142578
0.8204987000062829,40,CW,39.7470817565918,0.7314662337303162,0.10145605355501175,24.092437744140625,0.7181540727615356,42.257965087890625
0.830453700007638,40,CW,39.711124420166016,0.796301543712616,-0.02742762491106987,24.09404945373535,0.6591627597808838,42.2591438293457
0.8404910000099335,40,CW,39.74730682373047,0.7303079962730408,0.1003737524151802,24.089214324951172,0.5682558417320251,42.260719299316406
0.8503724000038346,40,CW,39.78335952758789,0.6989383697509766,0.07886064052581787,24.09404945373535,0.6315491795539856,42.262020111083984
0.8603473999974085,40,CW,39.75124740600586,0.693117618560791,0.10140297561883926,24.089214324951172,0.6725907325744629,42.26314163208008
0.8703374000033364,40,CW,39.712493896484375,0.8121382594108582,0.06189130246639252,24.08599090576172,0.6659284234046936,42.26435089111328
0.8803203999996185,40,CW,39.67692947387695,0.7158514857292175,-0.07149194926023483,24.08599090576172,0.6157826781272888,42.26560592651367
0.8902918999956455,40,CW,39.713111877441406,0.7590162754058838,0.0011305836960673332,24.089214324951172,0.6081207394599915,42.26716613769531
0.9002933000010671,40,CW,39.71333694458008,0.7103595733642578,-0.10671769827604294,24.089214324951172,0.6408376693725586,42.268455505371094
0.9103144999971846,40,CW,39.64198303222656,0.7970331311225891,-0.13769401609897614,24.09404945373535,0.6735422015190125,42.27032470703125
0.920210299998871,40,CW,39.64198303222656,0.7360672950744629,-0.08663824945688248,24.087602615356445,0.6933996081352234,42.27155685424805
0.9304666000098223,40,CW,39.60641860961914,0.7127846479415894,0.14819462597370148,24.0988826751709,0.7412922978401184,42.27312088012695
0.940523099998245,40,CW,39.64204025268555,0.8008217215538025,0.19016045331954956,24.095659255981445,0.6665741801261902,42.27458572387695
0.9503078999987338,40,CW,39.707279205322266,0.7429764270782471,-0.15436318516731262,24.08599090576172,0.683068037033081,42.27637481689453
0.9604844999994384,40,CW,39.77617645263672,0.7885215878486633,0.006735265254974365,24.087602615356445,0.588076114654541,42.277713775634766
0.9704160999972373,40,CW,39.84175109863281,0.7546136975288391,-0.12350714951753616,24.089214324951172,0.566612720489502,42.278594970703125
0.9801152000000002,40,CW,39.838768005371094,0.7330653667449951,0.023081563413143158,24.089214324951172,0.6097211241722107,42.27936935424805
0.9901246000081301,40,CW,39.803035736083984,0.7954684495925903,-0.03972450643777847,24.079545974731445,0.6802167892456055,42.28022766113281
1.0005565000028582,40,CW,39.73173904418945,0.8970552086830139,-0.02038564532995224,24.087602615356445,0.7384123802185059,42.28183364868164
1.0314007999986643,40,CW,39.58606719970703,0.7961331605911255,-0.07084579020738602,24.079545974731445,0.658035397529602,42.28620147705078
1.0367614999995567,40,CW,39.58606719970703,0.8102342486381531,-0.013953372836112976,24.0908260345459,0.7140756845474243,42.287174224853516
1.0404799000098137,40,CW,39.61883544921875,0.7771468162536621,-0.11346925795078278,24.0827693939209,0.7275235056877136,42.287879943847656
1.044290899997577,40,CW,39.654624938964844,0.7691084146499634,-0.06506752222776413,24.087602615356445,0.6165302991867065,42.28837966918945
1.050172700008261,40,CW,39.654624938964844,0.7002325057983398,0.025019947439432144,24.081157684326172,0.6569819450378418,42.289222717285156
1.0601371000084328,40,CW,39.615516662597656,0.7519668936729431,0.04286746680736542,24.087602615356445,0.6871658563613892,42.29090118408203
1.0704329000000143,40,CW,39.680267333984375,0.7048007249832153,-0.0677279382944107,24.084379196166992,0.7497705817222595,42.29246139526367
1.0804596000089077,40,CW,39.64168167114258,0.8663421273231506,0.06949974596500397,24.0908260345459,0.6073628067970276,42.29372024536133
1.0905273000098532,40,CW,39.71027755737305,0.7489259243011475,-0.046439483761787415,24.07793426513672,0.7350979447364807,42.29512023925781
1.1001932000071974,40,CW,39.70735168457031,0.8006342053413391,-0.05132700502872467,24.0908260345459,0.6554830074310303,42.29682540893555
1.1104461000068113,40,CW,39.67178726196289,0.7173369526863098,-0.003291405737400055,24.0908260345459,0.6931825280189514,42.29806900024414
1.1207441000005929,40,CW,39.707969665527344,0.7654224634170532,0.07871289551258087,24.07793426513672,0.7013554573059082,42.29991912841797
1.130456700004288,40,CW,39.60088348388672,0.7735804319381714,-0.016535896807909012,24.084379196166992,0.6993744969367981,42.30118179321289
1.1400740000099177,40,CW,39.5653190612793,0.7288981676101685,0.018705658614635468,24.079545974731445,0.6913325190544128,42.303096771240234
1.1504254000028595,40,CW,39.673118591308594,0.812001645565033,-0.08396684378385544,24.08599090576172,0.7110869288444519,42.30473709106445
1.1602779000095325,40,CW,39.63457107543945,0.7322306036949158,-0.10227668285369873,24.08599090576172,0.6811548471450806,42.3060302734375
1.1702172000077553,40,CW,39.700016021728516,0.7914528846740723,-0.015876591205596924,24.084379196166992,0.6128754615783691,42.307090759277344
1.1805131000000983,40,CW,39.69709014892578,0.7546257972717285,-0.04616381227970123,24.092437744140625,0.6068559885025024,42.3087272644043
1.2077735000057146,40,CW,39.759010314941406,0.6932310461997986,0.1174519807100296,24.092437744140625,0.6840375065803528,42.31182861328125
1.2113882999983616,40,CW,39.755821228027344,0.7242490649223328,-0.08651646226644516,24.079545974731445,0.6897786259651184,42.31223678588867
1.2149023000092711,40,CW,39.755821228027344,0.8960353136062622,0.09025779366493225,24.079545974731445,0.6605157852172852,42.312740325927734
1.2202751000004355,40,CW,39.7881965637207,0.71492600440979,0.09071521461009979,24.084379196166992,0.5211130976676941,42.313358306884766
1.2302827000094112,40,CW,39.7881965637207,0.7240554094314575,-0.11804991960525513,24.084379196166992,0.6213704943656921,42.31423568725586
1.2404374000034295,40,CW,39.75263214111328,0.7514926195144653,-0.01195235550403595,24.087602615356445,0.6703143119812012,42.31538772583008
1.2500880000006873,40,CW,39.71706771850586,0.7464830875396729,-0.02356792986392975,24.076322555541992,0.6632673740386963,42.31681442260742
1.2610030000068946,40,CW,39.71746063232422,0.7829053401947021,-0.03348979353904724,24.084379196166992,0.6985105276107788,42.317962646484375
1.270417300009285,40,CW,39.78303527832031,0.7508791089057922,-0.05933190882205963,24.084379196166992,0.6422722339630127,42.319217681884766
1.2804706000024453,40,CW,39.81261444091797,0.7880838513374329,0.06219204515218735,24.089214324951172,0.7134297490119934,42.320228576660156
1.2904501000011805,40,CW,39.77748107910156,0.8114129304885864,0.07180914282798767,24.084379196166992,0.6681346893310547,42.32136535644531
1.300566699996125,40,CW,39.77787399291992,0.7967689633369446,-0.08889961987733841,24.0827693939209,0.6964814066886902,42.32242202758789
1.310150600009365,40,CW,39.77507781982422,0.7411751747131348,0.026290927082300186,24.08599090576172,0.6317490935325623,42.32342529296875
1.3204179000022123,40,CW,39.84708786010742,0.6896021962165833,-0.025728702545166016,24.07309913635254,0.6784565448760986,42.32484817504883
1.3303257000079611,40,CW,39.84708786010742,0.7228530049324036,0.17152723670005798,24.09404945373535,0.6297817230224609,42.32588195800781
1.340035600005649,40,CW,39.8115234375,0.8291698694229126,0.16679885983467102,24.09404945373535,0.6075469255447388,42.32673263549805
1.3504680000041844,40,CW,39.8115234375,0.742700457572937,-0.09133069962263107,24.076322555541992,0.6873222589492798,42.32820129394531
1.3604825000074925,40,CW,39.8115234375,0.7705353498458862,0.06919156014919281,24.089214324951172,0.6520017981529236,42.32926940917969
1.3704884000035236,40,CW,39.77595901489258,0.7594168782234192,0.06931722164154053,24.084379196166992,0.6506964564323425,42.33037185668945
1.380348500009859,40,CW,39.773162841796875,0.6571506261825562,-0.14290852844715118,24.08599090576172,0.7019562125205994,42.33119583129883
1.3901768000068842,40,CW,39.7734260559082,0.7202131152153015,-0.09029217064380646,24.111774444580078,0.6020442247390747,42.33186340332031
1.400366000001668,40,CW,39.701904296875,0.6782366037368774,0.021886564791202545,24.089214324951172,0.8050310611724854,42.33330535888672
1.4104536000086227,40,CW,39.69871520996094,0.7418065071105957,-0.1079322025179863,24.07793426513672,0.6371520757675171,42.33443832397461
1.4203177000017604,40,CW,39.69894027709961,0.7375204563140869,0.06707707047462463,24.08599090576172,0.6295981407165527,42.336151123046875
1.4302555000031134,40,CW,39.731971740722656,0.8184535503387451,-0.0897308811545372,24.084379196166992,0.6215403079986572,42.3371696472168
1.440284900003462,40,CW,39.72882080078125,0.7337971925735474,-0.18358904123306274,24.089214324951172,0.7779542803764343,42.33871841430664
1.4502616999961901,40,CW,39.69308853149414,0.7380436062812805,0.023770291358232498,24.08599090576172,0.6821529269218445,42.340301513671875
1.460508000003756,40,CW,39.690330505371094,0.7634221911430359,-0.04935270547866821,24.089214324951172,0.6472170352935791,42.34174346923828
1.4701654000091366,40,CW,39.72270584106445,0.739226222038269,0.06266888976097107,24.100494384765625,0.6535224914550781,42.342918395996094
1.48045390000334,40,CW,39.72270584106445,0.7676674127578735,-0.046174854040145874,24.095659255981445,0.638440728187561,42.34441375732422
1.490443700007745,40,CW,39.758663177490234,0.6974202990531921,-0.06336014717817307,24.09404945373535,0.7220116853713989,42.345760345458984
1.5001037000038195,40,CW,39.759281158447266,0.7774240374565125,-0.021075107157230377,24.10210609436035,0.6993975043296814,42.34667205810547
1.5101307000004454,40,CW,39.72030258178711,0.7713456153869629,-0.03683415800333023,24.087602615356445,0.6266724467277527,42.34794998168945
1.520323600008851,40,CW,39.6779670715332,0.7778778672218323,0.06519889086484909,24.0827693939209,0.6197044253349304,42.34930419921875
1.530255000005127,40,CW,39.6779670715332,0.8201830387115479,0.18966808915138245,24.100494384765625,0.6669709086418152,42.35089874267578
1.5404334000049857,40,CW,39.7137565612793,0.7985756397247314,-0.01233641803264618,24.08599090576172,0.7452694177627563,42.35194778442383
1.5505712000012863,40,CW,39.71458053588867,0.7717614769935608,0.014606736600399017,24.09404945373535,0.681647539138794,42.353302001953125
1.5601435999997193,40,CW,39.64305877685547,0.8544319272041321,0.04751042649149895,24.081157684326172,0.6354386210441589,42.35517120361328
1.5703154000075301,40,CW,39.67543411254883,0.805565595626831,0.013629678636789322,24.089214324951172,0.6177173256874084,42.356685638427734
1.5803034999989904,40,CW,39.71122360229492,0.7490715980529785,-0.012377582490444183,24.0908260345459,0.6675753593444824,42.35794448852539
1.5901603000093019,40,CW,39.744293212890625,0.7212537527084351,0.14650994539260864,24.087602615356445,0.72950279712677,42.35929870605469
1.600193100006436,40,CW,39.744911193847656,0.8154312968254089,0.13105519115924835,24.08599090576172,0.6741013526916504,42.360408782958984
1.6105191000096966,40,CW,39.74474334716797,0.7515056133270264,-0.016929272562265396,24.089214324951172,0.6655692458152771,42.36151123046875
1.6200371000013547,40,CW,39.81330108642578,0.81833416223526,-0.04181138053536415,24.089214324951172,0.6843119859695435,42.36266326904297
1.6301804999966407,40,CW,39.7776985168457,0.7132073044776917,-0.048387885093688965,24.0908260345459,0.7003682255744934,42.36386489868164
1.640386800005217,40,CW,39.80774688720703,0.7764544486999512,0.014692537486553192,24.089214324951172,0.6259876489639282,42.36472702026367
1.6502136000053724,40,CW,39.77257537841797,0.8055970668792725,-0.06434635818004608,24.0908260345459,0.6630491018295288,42.36573791503906
1.6603288000042085,40,CW,39.77296829223633,0.6597773432731628,-0.06608183681964874,24.09404945373535,0.6601855754852295,42.36679458618164
1.6703660000057425,40,CW,39.80918884277344,0.7204620838165283,-0.10101178288459778,24.08599090576172,0.6329506635665894,42.36780548095703
1.6805144999962067,40,CW,39.77336120605469,0.6265852451324463,-0.08905062079429626,24.087602615356445,0.724271297454834,42.36885070800781
1.690518700008397,40,CW,39.7706413269043,0.7474376559257507,-0.049651823937892914,24.089214324951172,0.6011339426040649,42.370079040527344
1.7001661999966018,40,CW,39.767452239990234,0.7461557388305664,0.009716644883155823,24.084379196166992,0.6378663778305054,42.371490478515625
1.7102238000079524,40,CW,39.73188781738281,0.7901715636253357,0.11494936048984528,24.076322555541992,0.6799572110176086,42.372989654541016
1.7202508000045782,40,CW,39.79375076293945,0.7437745332717896,-0.13745331764221191,24.0908260345459,0.7060607075691223,42.373836517333984
1.7300338000059128,40,CW,39.829933166503906,0.6837181448936462,0.10933094471693039,24.0827693939209,0.614775538444519,42.37522888183594
1.7401396000059322,40,CW,39.898529052734375,0.8024411797523499,0.0288737453520298,24.100494384765625,0.6252315640449524,42.37601089477539
1.7501312000094913,40,CW,39.89533996582031,0.7771435379981995,-0.042706191539764404,24.09404945373535,0.6492941379547119,42.3772087097168
1.7604019999998854,40,CW,39.889469146728516,0.8060798048973083,0.10898381471633911,24.087602615356445,0.60743647813797,42.37822341918945
1.7702229999995325,40,CW,39.957672119140625,0.7926402688026428,-0.09163423627614975,24.079545974731445,0.635486364364624,42.37854766845703
1.780248399998527,40,CW,39.88312911987305,0.8133072853088379,-0.08122505247592926,24.095659255981445,0.7139571905136108,42.37895202636719
1.7902027000091039,40,CW,39.81177520751953,0.7201307415962219,0.02919784188270569,24.08599090576172,0.6659422516822815,42.38014221191406
1.8002634000004036,40,CW,39.736576080322266,0.7232891321182251,-0.006501920521259308,24.0908260345459,0.7076749801635742,42.38139724731445
1.8102844000095502,40,CW,39.701011657714844,0.7870768904685974,0.049052558839321136,24.0988826751709,0.631516695022583,42.38234329223633
1.8205338999978267,40,CW,39.69769287109375,0.7892670631408691,-0.040502823889255524,24.09404945373535,0.6776261925697327,42.3836669921875
1.8300448000081815,40,CW,39.62617111206055,0.7173985838890076,-0.017563261091709137,24.0827693939209,0.7381384372711182,42.38519287109375
1.8400484000012511,40,CW,39.594058990478516,0.6937491297721863,0.02786475419998169,24.087602615356445,0.7963452339172363,42.38687515258789
1.8500519000081113,40,CW,39.554649353027344,0.8498126268386841,-0.06993869692087173,24.095659255981445,0.7555243968963623,42.389122009277344
1.8600600000063423,40,CW,39.65877151489258,0.8209874033927917,0.09776725620031357,24.087602615356445,0.6262948513031006,42.3909912109375
1.8702644000004511,40,CW,39.655452728271484,0.8356240391731262,-0.09541986137628555,24.092437744140625,0.7289787530899048,42.39240646362305
1.880158300002222,40,CW,39.619850158691406,0.7047231793403625,-0.04970796778798103,24.08599090576172,0.7615073323249817,42.394371032714844
1.8901695999957155,40,CW,39.619850158691406,0.8374425768852234,-0.01770959049463272,24.09404945373535,0.6111714839935303,42.39558410644531
1.9004499000002397,40,CW,39.688838958740234,0.8186966776847839,0.13074412941932678,24.06504249572754,0.6398037075996399,42.39737319946289
1.910175299999537,40,CW,39.71841812133789,0.7949727773666382,-0.10705556720495224,24.087602615356445,0.5912543535232544,42.39828109741211
1.9201238000096055,40,CW,39.75105667114258,0.7284483313560486,-0.1120210513472557,24.081157684326172,0.7382971048355103,42.399192810058594
1.9301337000069907,40,CW,39.75118637084961,0.7775709629058838,0.16169103980064392,24.103717803955078,0.6482447981834412,42.40020751953125
1.9401400000060676,40,CW,39.67927169799805,0.8325905203819275,-0.09478678554296494,24.081157684326172,0.6761758923530579,42.40199661254883
1.950258600001689,40,CW,39.74445343017578,0.8552743196487427,0.10723765194416046,24.0827693939209,0.6914385557174683,42.40330123901367
1.9602751000056742,40,CW,39.74467849731445,0.7589694857597351,-0.020219169557094574,24.0908260345459,0.6661577820777893,42.4044303894043
1.970305199996801,40,CW,39.70911407470703,0.7950302958488464,0.1765807569026947,24.087602615356445,0.6476266980171204,42.405921936035156
1.9804872999957297,40,CW,39.7413215637207,0.874841570854187,-0.08877115696668625,24.087602615356445,0.5792789459228516,42.40781021118164
1.9902185999962967,40,CW,39.66694641113281,0.7601630091667175,-0.007942833006381989,24.10210609436035,0.6311550736427307,42.40922927856445
3.100009053014219e-06,50,CW,49.57166290283203,0.8463810086250305,-0.015398606657981873,24.079545974731445,0.886174738407135,42.902549743652344
0.01002530001278501,50,CW,49.604732513427734,0.7185968160629272,0.058568257838487625,24.092437744140625,0.9148097038269043,42.904048919677734
0.020231600006809458,50,CW,49.637107849121094,0.920683741569519,0.06863981485366821,24.089214324951172,0.8991796374320984,42.90625
0.030137100009596907,50,CW,49.66978454589844,0.9183502197265625,0.18419763445854187,24.089214324951172,0.8797632455825806,42.9078254699707
0.04028420000395272,50,CW,49.70259094238281,0.7685289978981018,0.06983496248722076,24.089214324951172,0.7939388155937195,42.909488677978516
0.05038960000092629,50,CW,49.63084411621094,0.723312497138977,0.15569180250167847,24.087602615356445,0.7849950790405273,42.91123962402344
0.06028680001327302,50,CW,49.663482666015625,0.8469896912574768,0.1027693822979927,24.0908260345459,0.8727874159812927,42.912479400634766
0.07011770000099204,50,CW,49.69638442993164,0.8073910474777222,0.17058008909225464,24.08599090576172,0.8867267370223999,42.913761138916016
0.08043800000450574,50,CW,49.657012939453125,0.9588022232055664,0.19593855738639832,24.081157684326172,0.8448737859725952,42.915592193603516
0.09015550000185613,50,CW,49.68991470336914,0.857191264629364,-0.05602148175239563,24.0908260345459,0.6877530217170715,42.91690444946289
0.10015490000660066,50,CW,49.75552749633789,0.8391036987304688,-0.1064494252204895,24.084379196166992,0.9100194573402405,42.91837692260742
0.11030860000755638,50,CW,49.68361282348633,0.8202769756317139,-0.03460492566227913,24.084379196166992,0.8125455975532532,42.919795989990234
0.12035870000545401,50,CW,49.68046188354492,0.7523912191390991,-0.07583117485046387,24.076322555541992,0.9160805344581604,42.92156982421875
0.1303718000126537,50,CW,49.68055725097656,0.7712335586547852,-0.04001457989215851,24.081157684326172,0.7688299417495728,42.923091888427734
0.1403823000000557,50,CW,49.64118576049805,0.7930791974067688,-0.13424792885780334,24.095659255981445,0.8803825974464417,42.92461013793945
0.15002910001203418,50,CW,49.60605239868164,0.7482564449310303,-0.0046578049659729,24.079545974731445,1.0160387754440308,42.926395416259766
0.16051810000499245,50,CW,49.60618209838867,0.8436383008956909,-0.011324912309646606,24.0827693939209,0.9059576392173767,42.928287506103516
0.17016350000631064,50,CW,49.5700569152832,0.8062533140182495,-0.09586244821548462,24.08599090576172,0.7537978887557983,42.92973709106445
0.18016200000420213,50,CW,49.635501861572266,0.8089573383331299,0.021289728581905365,24.092437744140625,0.8804454803466797,42.93174362182617
0.19021150001208298,50,CW,49.635501861572266,0.8148908615112305,0.14232802391052246,24.0908260345459,0.7908570766448975,42.9334716796875
0.20023470000887755,50,CW,49.73651123046875,0.782084584236145,0.11140105128288269,24.100494384765625,0.8642524480819702,42.934776306152344
0.21012050000717863,50,CW,49.70094680786133,0.9026777148246765,-0.037374645471572876,24.0827693939209,0.9013059735298157,42.93610382080078
0.22027950000483543,50,CW,49.76911163330078,0.6797387599945068,-0.03712853044271469,24.0908260345459,0.86741703748703,42.93754577636719
0.23032170000078622,50,CW,49.798728942871094,0.7573661804199219,-0.050817955285310745,24.103717803955078,0.8845986127853394,42.93848419189453
0.2400309000076959,50,CW,49.79557800292969,0.7776632308959961,0.08402610570192337,24.092437744140625,0.841873824596405,42.939598083496094
0.25040240000816993,50,CW,49.79541015625,0.8111683130264282,-0.016549527645111084,24.08599090576172,0.8073381781578064,42.94096374511719
0.26041040000563953,50,CW,49.79291534423828,0.6129369139671326,-0.10017019510269165,24.087602615356445,0.8204922676086426,42.94187545776367
0.2701101000129711,50,CW,49.75712585449219,0.7681421041488647,0.030167147517204285,24.076322555541992,0.9434748291969299,42.943016052246094
0.28052180001395755,50,CW,49.721561431884766,0.8505004048347473,0.03765612840652466,24.0827693939209,1.1411439180374146,42.94478988647461
0.29049750001286156,50,CW,49.7183723449707,0.7788617014884949,0.0006086081266403198,24.0908260345459,0.8646471500396729,42.94595718383789
0.3002085000043735,50,CW,49.78355407714844,0.8043661117553711,-0.11461756378412247,24.095659255981445,0.9424861669540405,42.947200775146484
0.31021410001267213,50,CW,49.852413177490234,0.7321544885635376,-0.1255711019039154,24.095659255981445,0.8420817255973816,42.9481315612793
0.3203644000022905,50,CW,49.74510192871094,0.8329325318336487,0.16433066129684448,24.08599090576172,0.7258676290512085,42.94935607910156
0.33012820000294596,50,CW,49.74510192871094,0.7803272008895874,-0.1307677924633026,24.089214324951172,0.8746769428253174,42.95103073120117
0.3401033000118332,50,CW,49.670166015625,0.9607841968536377,-0.07093515992164612,24.089214324951172,0.7629843354225159,42.952247619628906
0.35013430000981316,50,CW,49.7032356262207,0.7540339231491089,-0.1578904688358307,24.087602615356445,0.9190192818641663,42.953758239746094
0.3602553000091575,50,CW,49.66386413574219,0.7978842258453369,0.07032009214162827,24.0827693939209,0.8880169987678528,42.95540237426758
0.3712085000006482,50,CW,49.69693374633789,0.8408432602882385,0.03975638002157211,24.092437744140625,0.7383502125740051,42.95718002319336
0.3801086000021314,50,CW,49.657562255859375,0.8295577168464661,0.062870554625988,24.09404945373535,0.8412764668464661,42.95827865600586
0.39031220000470057,50,CW,49.657562255859375,0.9155259132385254,-0.020005181431770325,24.087602615356445,0.8172410130500793,42.96040344238281
0.4005073000007542,50,CW,49.65414810180664,0.8065050840377808,-0.11150313913822174,24.095659255981445,0.8305712342262268,42.96152114868164
0.4104861000087112,50,CW,49.615394592285156,0.8526836633682251,0.01845671236515045,24.089214324951172,0.96375972032547,42.962974548339844
0.4200901000003796,50,CW,49.61237335205078,0.7454841136932373,-0.047040507197380066,24.0908260345459,0.854876697063446,42.9649543762207
0.43007320001197513,50,CW,49.680538177490234,0.7938026189804077,-0.04061194509267807,24.084379196166992,0.8229374885559082,42.96658706665039
0.4402033000078518,50,CW,49.678043365478516,0.7829650044441223,0.06269418448209763,24.087602615356445,0.8183068633079529,42.96837615966797
0.45022150001022965,50,CW,49.60629653930664,0.8192697167396545,-0.14329874515533447,24.081157684326172,0.8973444104194641,42.96985626220703
0.4604993000102695,50,CW,49.602882385253906,0.8075990676879883,-0.045298606157302856,24.08599090576172,0.8525725603103638,42.97201156616211
0.4716972000023816,50,CW,49.60012435913086,0.804137110710144,0.021606799215078354,24.095659255981445,0.815343976020813,42.97416687011719
0.4801877000136301,50,CW,49.63233184814453,0.8190757036209106,-0.21491698920726776,24.0988826751709,0.8716558814048767,42.97571563720703
0.49005390000820626,50,CW,49.59357833862305,0.9408573508262634,0.11596768349409103,24.0988826751709,0.8682401776313782,42.97758865356445
0.5001721000007819,50,CW,49.59357833862305,0.887534499168396,-0.05813976004719734,24.084379196166992,0.9039998650550842,42.979488372802734
0.5106552000070224,50,CW,49.59357833862305,0.7711116075515747,0.009326010942459106,24.095659255981445,0.8763812184333801,42.98139953613281
0.5403585000021849,50,CW,49.65863037109375,0.8318105340003967,-0.06077957898378372,24.089214324951172,0.7513766288757324,42.98707580566406
0.5455792000138899,50,CW,49.623329162597656,0.898634672164917,0.09643371403217316,24.089214324951172,0.8424585461616516,42.98773956298828
0.5493229000130668,50,CW,49.65613555908203,0.7713451385498047,-0.05117044597864151,24.097270965576172,0.8320981860160828,42.98830032348633
0.5555902000050992,50,CW,49.62017822265625,0.6972121596336365,-0.06359586864709854,24.089214324951172,0.9886431694030762,42.98915481567383
0.5606550000084098,50,CW,49.656005859375,0.9040172696113586,-0.09737130999565125,24.087602615356445,0.8450723886489868,42.989830017089844
0.5701958999998169,50,CW,49.68864440917969,0.7843747735023499,-0.05881780385971069,24.09404945373535,0.8464342951774597,42.99195861816406
0.5802211000118405,50,CW,49.720890045166016,0.8203392028808594,0.08949839323759079,24.087602615356445,1.0144258737564087,42.993263244628906
0.5903971000079764,50,CW,49.721378326416016,0.848358154296875,-0.19915072619915009,24.097270965576172,0.9112449288368225,42.9951171875
0.6002569000120275,50,CW,49.786598205566406,0.8433340787887573,0.12318520992994308,24.08599090576172,0.822685718536377,42.99650192260742
0.6103736000077333,50,CW,49.81880569458008,0.8000666499137878,-0.10190251469612122,24.08599090576172,0.7788289189338684,42.997337341308594
0.6205302000016673,50,CW,49.8515739440918,0.8159764409065247,0.10317390412092209,24.0988826751709,0.8980433344841003,42.99824523925781
0.6304195000120671,50,CW,49.81325149536133,0.8531112670898438,-0.08103908598423004,24.0827693939209,0.8067616820335388,42.999210357666016
0.6402354000019841,50,CW,49.809932708740234,0.8405580520629883,-0.06142555922269821,24.08599090576172,0.7631237506866455,43.00046157836914
0.6502223000134109,50,CW,49.809932708740234,0.8023614883422852,-0.08478842675685883,24.0988826751709,0.8241703510284424,43.00142288208008
0.660511400012183,50,CW,49.77091598510742,0.8306179046630859,0.04316173121333122,24.087602615356445,0.7852550148963928,43.00263214111328
0.6701999000069918,50,CW,49.83566665649414,0.8074954748153687,-0.07186878472566605,24.092437744140625,0.8243651390075684,43.00358200073242
0.6802062000060687,50,CW,49.86791229248047,0.8306800127029419,-0.13025939464569092,24.097270965576172,0.8774512410163879,43.00437545776367
0.6902482000004966,50,CW,49.7965202331543,0.9486242532730103,0.017698362469673157,24.079545974731445,0.8782755732536316,43.00630187988281
0.7001712000055704,50,CW,49.76397705078125,0.9219513535499573,0.029905056580901146,24.089214324951172,0.7740151286125183,43.00725555419922
0.7102724000142189,50,CW,49.76397705078125,0.826286256313324,0.06599456071853638,24.08599090576172,0.7774248719215393,43.008392333984375
0.7204681000002893,50,CW,49.75763702392578,0.8119388818740845,-0.013289541006088257,24.09404945373535,0.9194840788841248,43.010162353515625
0.7301580000057584,50,CW,49.75763702392578,0.8238422274589539,-0.12640827894210815,24.092437744140625,0.6818312406539917,43.01118850708008
0.7400994000054197,50,CW,49.719051361083984,0.7769944071769714,0.011868763715028763,24.092437744140625,0.8794724345207214,43.01222610473633
0.7504479000053834,50,CW,49.71586227416992,0.8342424631118774,-0.12727834284305573,24.09404945373535,0.9946998953819275,43.013450622558594
0.7603280000039376,50,CW,49.677276611328125,0.8391442894935608,0.15103329718112946,24.087602615356445,0.8824682831764221,43.01535415649414
0.7702620000054594,50,CW,49.745609283447266,0.8389610648155212,0.08929067850112915,24.0988826751709,0.9117404222488403,43.01641845703125
0.7802723000058904,50,CW,49.781436920166016,0.7311630249023438,-0.2219856232404709,24.087602615356445,0.8580317497253418,43.01762390136719
0.7903015000047162,50,CW,49.781700134277344,0.7586605548858643,-0.11410944163799286,24.084379196166992,0.9381832480430603,43.019229888916016
0.8003306000027806,50,CW,49.77798843383789,0.8711923360824585,-0.09104015678167343,24.089214324951172,0.8450085520744324,43.020355224609375
0.8103298000060022,50,CW,49.74242401123047,0.759182333946228,0.04908132553100586,24.079545974731445,0.9471378922462463,43.02215576171875
0.8204524000029778,50,CW,49.7388801574707,0.8622920513153076,-0.15183939039707184,24.087602615356445,0.7716522216796875,43.02346420288086
0.8304812000133097,50,CW,49.70331573486328,0.8394755721092224,-0.07060284912586212,24.09404945373535,0.9485658407211304,43.025062561035156
0.8406155000120634,50,CW,49.631568908691406,0.8620976209640503,0.19789829850196838,24.07793426513672,0.9282703399658203,43.02669906616211
0.8504865000140853,50,CW,49.69701385498047,0.7405043244361877,-0.011736348271369934,24.0827693939209,0.8105350732803345,43.0281867980957
0.8604930000001332,50,CW,49.69688415527344,0.7395657896995544,-0.04798753559589386,24.089214324951172,0.8058815598487854,43.02930450439453
0.8703298000036739,50,CW,49.72995376586914,0.8674164414405823,-0.010792843997478485,24.095659255981445,0.8607006669044495,43.03099060058594
0.8801265000074636,50,CW,49.690582275390625,0.9075083136558533,-0.0947013571858406,24.07793426513672,0.8921260833740234,43.03227996826172
0.8901676000095904,50,CW,49.69084548950195,0.9112472534179688,0.01909199357032776,24.0908260345459,0.7270463109016418,43.034053802490234
0.9000981000135653,50,CW,49.68765640258789,0.8418469429016113,-0.2230006754398346,24.097270965576172,0.9862879514694214,43.03585433959961
0.9100828000082402,50,CW,49.75953674316406,0.9376760721206665,0.044605474919080734,24.0827693939209,0.9137053489685059,43.037261962890625
0.9201072000141721,50,CW,49.72039031982422,0.7633017301559448,-0.034602075815200806,24.103717803955078,0.785909116268158,43.03865432739258
0.930028200004017,50,CW,49.72026062011719,0.8173226118087769,0.12290734052658081,24.087602615356445,0.8162100315093994,43.03996276855469
0.9401752000121633,50,CW,49.71405029296875,0.7796587944030762,0.09385532140731812,24.079545974731445,0.7978137731552124,43.04142379760742
0.9500755000044592,50,CW,49.78238296508789,0.7968132495880127,0.09190879762172699,24.089214324951172,0.881513237953186,43.042388916015625
0.9604761000082362,50,CW,49.78225326538086,0.9286482930183411,0.0608513168990612,24.07793426513672,0.8088170886039734,43.043338775634766
0.970232700012275,50,CW,49.77975845336914,0.7821301817893982,0.06015990674495697,24.0908260345459,0.7947280406951904,43.04462432861328
0.9805151000036858,50,CW,49.74021911621094,0.920603334903717,-0.006259499117732048,24.087602615356445,0.9711882472038269,43.04594039916992
0.9901408000005176,50,CW,49.73746109008789,0.8849111795425415,0.11746738106012344,24.092437744140625,0.8414050936698914,43.0474739074707
1.0001530000008643,50,CW,49.734046936035156,0.9105844497680664,-0.06949121505022049,24.0908260345459,0.8122652173042297,43.04900360107422
1.010773900008644,50,CW,49.69874572753906,0.8324729800224304,-0.014060361310839653,24.08599090576172,0.9647665023803711,43.051353454589844
1.0200331000087317,50,CW,49.69516372680664,0.8397119045257568,-0.0144263356924057,24.0827693939209,0.8161468505859375,43.05246353149414
1.0304357000131859,50,CW,49.69542694091797,0.9179399013519287,-0.05134985223412514,24.087602615356445,0.7981796860694885,43.054351806640625
1.0405111000000034,50,CW,49.69207000732422,0.8247491121292114,0.19262100756168365,24.084379196166992,0.7980733513832092,43.0555534362793
1.050112100012484,50,CW,49.69535446166992,0.7870348691940308,-0.04926234483718872,24.09404945373535,0.6812785863876343,43.05720138549805
1.0601099000050453,50,CW,49.7632942199707,0.832343339920044,-0.0028640329837799072,24.08599090576172,0.8743839263916016,43.05870056152344
1.0700912000029348,50,CW,49.76355743408203,0.8344607353210449,-0.06077851355075836,24.087602615356445,0.9657354950904846,43.05976486206055
1.0803011000098195,50,CW,49.724971771240234,0.8131657838821411,0.10050640255212784,24.084379196166992,0.9094979166984558,43.06100082397461
1.0904265000135638,50,CW,49.757347106933594,0.7889896631240845,-0.12875120341777802,24.081157684326172,0.8634500503540039,43.06201934814453
1.1003395000007004,50,CW,49.757347106933594,0.7259196043014526,0.2067578136920929,24.089214324951172,0.7600004076957703,43.06327819824219
1.1104984000121476,50,CW,49.787227630615234,0.8356944918632507,0.05162230134010315,24.076322555541992,0.9364038705825806,43.064476013183594
1.1201197000045795,50,CW,49.71531295776367,0.9081764221191406,0.04778404161334038,24.097270965576172,0.8363423943519592,43.06565856933594
1.1300592000043252,50,CW,49.74519348144531,0.790137767791748,-0.058526571840047836,24.08599090576172,0.899742066860199,43.0671501159668
1.1404380000021774,50,CW,49.67327880859375,0.9182291626930237,0.025258108973503113,24.089214324951172,0.7890455722808838,43.068115234375
1.1501101000030758,50,CW,49.70936965942383,0.8608329892158508,0.17853891849517822,24.095659255981445,0.8442726731300354,43.070159912109375
1.1605209000117611,50,CW,49.705787658691406,0.8622099757194519,-0.05849429965019226,24.084379196166992,0.7484909892082214,43.07182312011719
1.170385500008706,50,CW,49.706050872802734,0.7616771459579468,-0.05635683238506317,24.079545974731445,0.9054661393165588,43.07374572753906
1.18008770000597,50,CW,49.67009353637695,0.9006478190422058,0.019328610971570015,24.0827693939209,0.9255936145782471,43.075233459472656
1.1904113000055077,50,CW,49.70273208618164,0.769855260848999,-0.1412263810634613,24.08599090576172,0.88326495885849,43.07693862915039
1.2160824000020511,50,CW,49.660865783691406,1.0268137454986572,-0.10536135733127594,24.09404945373535,0.803928017616272,43.08091735839844
1.2206224000110524,50,CW,49.660865783691406,0.8662000298500061,0.028842823579907417,24.084379196166992,0.8464208841323853,43.08169174194336
1.2250673000089591,50,CW,49.693241119384766,0.9738638401031494,0.10083246976137161,24.074710845947266,0.8190890550613403,43.0824089050293
1.2303703000070527,50,CW,49.729068756103516,0.8962542414665222,-0.028165459632873535,24.0908260345459,0.8655005097389221,43.08338165283203
1.240064200013876,50,CW,49.76485824584961,0.8199269771575928,-0.08937200903892517,24.089214324951172,0.7614388465881348,43.084625244140625
1.250526700008777,50,CW,49.79792785644531,0.8541015386581421,0.012486180290579796,24.09404945373535,0.8849907517433167,43.0855827331543
1.2600362000084715,50,CW,49.827545166015625,0.9298685193061829,0.08562564104795456,24.079545974731445,0.8498057126998901,43.08687973022461
1.2702181000058772,50,CW,49.82435607910156,0.8539049625396729,-0.030933218076825142,24.08599090576172,0.7824847102165222,43.088356018066406
1.2802243000041926,50,CW,49.856563568115234,0.7946444153785706,-0.11075198650360107,24.087602615356445,0.901339054107666,43.0890998840332
1.2903778000036255,50,CW,49.892520904541016,0.7709997892379761,-0.053853876888751984,24.095659255981445,0.8826825618743896,43.08970642089844
1.3003959000052419,50,CW,49.82099914550781,0.8758336305618286,0.011166028678417206,24.0988826751709,0.8026768565177917,43.090396881103516
1.3101696000085212,50,CW,49.81807327270508,0.8529029488563538,-0.028963953256607056,24.089214324951172,0.748734712600708,43.09141159057617
1.320426200007205,50,CW,49.7463264465332,0.830349862575531,-0.05248017609119415,24.095659255981445,0.8506584763526917,43.092864990234375
1.3304917000059504,50,CW,49.77896499633789,0.8466159105300903,0.00014500692486763,24.081157684326172,0.8224906325340271,43.09389877319336
1.3401626000122633,50,CW,49.77573776245117,0.8077791929244995,-0.003823481500148773,24.0827693939209,0.9126807451248169,43.09499740600586
1.350450700003421,50,CW,49.80811309814453,0.8059056997299194,-0.04977244883775711,24.095659255981445,0.926424503326416,43.096126556396484
1.3604540000087582,50,CW,49.77254867553711,0.8452058434486389,-0.05051266774535179,24.1069393157959,0.7733631134033203,43.09754180908203
1.370285300014075,50,CW,49.76919174194336,0.9826022386550903,-0.010775279253721237,24.08599090576172,0.8029254674911499,43.09860610961914
1.380374300002586,50,CW,49.73336410522461,0.8434540629386902,0.031677424907684326,24.08599090576172,0.8922391533851624,43.0999641418457
1.3903743000118993,50,CW,49.76324462890625,0.7856196761131287,-0.0009812898933887482,24.092437744140625,0.8357428908348083,43.101287841796875
1.4001013000088278,50,CW,49.691627502441406,1.0318492650985718,-0.061072856187820435,24.0988826751709,0.9879686832427979,43.10280990600586
1.4102883000014117,50,CW,49.6856803894043,0.7159864902496338,-0.08733398467302322,24.0827693939209,0.8796063661575317,43.104366302490234
1.4203175000002375,50,CW,49.6856803894043,0.8188044428825378,-0.0016552135348320007,24.0908260345459,0.867439329624176,43.10573959350586
1.4309827000106452,50,CW,49.75112533569336,0.9244486689567566,-0.0814773440361023,24.092437744140625,0.8885897397994995,43.10778045654297
1.4403394000109984,50,CW,49.679378509521484,0.8383623361587524,0.024904906749725342,24.081157684326172,0.9645975232124329,43.109134674072266
1.4502581000124337,50,CW,49.71201705932617,0.8579358458518982,-0.060233764350414276,24.08599090576172,0.8522927165031433,43.11086654663086
1.460253700002795,50,CW,49.67605972290039,0.7807559967041016,0.0628747045993805,24.09404945373535,0.7893788814544678,43.11274337768555
1.4702678000030573,50,CW,49.70869827270508,0.8965518474578857,0.0925043448805809,24.0827693939209,0.9267882108688354,43.11436462402344
1.4802655000094092,50,CW,49.6369514465332,0.7460165023803711,-0.027453023940324783,24.08599090576172,0.8774491548538208,43.11563491821289
1.490835500007961,50,CW,49.702396392822266,0.7951876521110535,0.07075021415948868,24.08599090576172,0.7883950471878052,43.117488861083984
1.5004389000096126,50,CW,49.70222854614258,0.7833718061447144,0.009582210332155228,24.081157684326172,0.9484227895736694,43.11927795410156
1.510192100002314,50,CW,49.621177673339844,0.8818188309669495,-0.04688854515552521,24.089214324951172,0.9991987347602844,43.123992919921875
1.5359134000027552,50,CW,49.621177673339844,0.9556378722190857,-0.05973854660987854,24.08599090576172,0.8663203120231628,43.1246337890625
1.539814000003389,50,CW,49.621177673339844,0.8353970646858215,0.01032295823097229,24.081157684326172,0.8476153612136841,43.125484466552734
1.5444491000089329,50,CW,49.65696716308594,0.828616738319397,-0.08193399757146835,24.079545974731445,0.8287544250488281,43.12605667114258
1.5502201000053901,50,CW,49.61759567260742,0.9467642307281494,-0.02769578993320465,24.089214324951172,0.9345862865447998,43.12674331665039
1.5600678000046173,50,CW,49.71903610229492,0.848275363445282,0.21374520659446716,24.084379196166992,0.8252472877502441,43.12810134887695
1.5701747000130126,50,CW,49.85639572143555,0.776792585849762,-0.12558212876319885,24.089214324951172,0.9300441741943359,43.12954330444336
1.5805082000006223,50,CW,49.853206634521484,0.9238498210906982,0.10821393132209778,24.0908260345459,0.9186906218528748,43.13098907470703
1.59040780000214,50,CW,49.85346984863281,0.8575957417488098,0.014616504311561584,24.08599090576172,0.8254983425140381,43.13211441040039
1.6001042000134476,50,CW,49.85346984863281,0.8927697539329529,0.07355212420225143,24.084379196166992,0.8007393479347229,43.13319778442383
1.610129800013965,50,CW,49.88584518432617,0.7194765210151672,-0.055057771503925323,24.08599090576172,0.704255223274231,43.133907318115234
1.6204230000003008,50,CW,49.85001754760742,0.9642099142074585,0.018473997712135315,24.08599090576172,0.8571872115135193,43.134735107421875
1.630034700006945,50,CW,49.84682846069336,0.8773372769355774,0.09420262277126312,24.087602615356445,0.8154345154762268,43.13604736328125
1.6400576000014553,50,CW,49.77513885498047,0.8835142254829407,0.090170718729496,24.087602615356445,0.8553797006607056,43.13671112060547
1.6504142000048887,50,CW,49.704010009765625,0.8256899118423462,0.19936035573482513,24.07793426513672,0.8513007164001465,43.138450622558594
1.660104600014165,50,CW,49.668052673339844,0.828389585018158,-0.05142037570476532,24.07793426513672,0.8705143928527832,43.139739990234375
1.6703480000142008,50,CW,49.660888671875,0.8075089454650879,0.011503592133522034,24.092437744140625,0.7310712337493896,43.141414642333984
1.6803063000115799,50,CW,49.65816879272461,0.8647641539573669,0.0946614071726799,24.084379196166992,0.766703724861145,43.14298629760742
1.6902323000103934,50,CW,49.69054412841797,0.9410743117332458,0.07719111442565918,24.092437744140625,0.7104747295379639,43.144569396972656
1.7004595000034897,50,CW,49.68778610229492,0.8794832825660706,0.03680286183953285,24.092437744140625,0.7763468027114868,43.14601135253906
1.710424700009753,50,CW,49.72042465209961,1.021842360496521,-0.0932207927107811,24.081157684326172,0.7098394632339478,43.14780044555664
1.720070700001088,50,CW,49.72025680541992,0.8160015344619751,-0.13721963763237,24.089214324951172,0.8353351950645447,43.1495246887207
1.7302101000095718,50,CW,49.75013732910156,0.8081488609313965,0.062203824520111084,24.089214324951172,0.9643643498420715,43.1510124206543
1.7402265000127954,50,CW,49.75013732910156,0.813426673412323,-0.0868784710764885,24.08599090576172,0.7764958143234253,43.15208053588867
1.7502315000019735,50,CW,49.7833366394043,0.8194604516029358,-0.1571415513753891,24.108551025390625,0.8812016248703003,43.153106689453125
1.7601530000101775,50,CW,49.741432189941406,0.7748499512672424,-0.07692451030015945,24.076322555541992,0.766401469707489,43.15432357788086
1.7701439000084065,50,CW,49.80976486206055,0.9193689227104187,-0.044243499636650085,24.09404945373535,0.8673689365386963,43.15572738647461
1.7801599000085844,50,CW,49.84283447265625,0.8707612156867981,-0.1338488757610321,24.087602615356445,0.8929427862167358,43.15726089477539
1.7901782000117237,50,CW,49.84309768676758,0.9409040212631226,-0.0584062784910202,24.0908260345459,0.8281383514404297,43.15825271606445
1.8001005000114674,50,CW,49.80438232421875,0.806155800819397,-0.1265074759721756,24.087602615356445,0.8713421821594238,43.15909957885742
1.8102959000098053,50,CW,49.80093002319336,0.8151220083236694,-0.060252595692873,24.084379196166992,0.8245475888252258,43.15993881225586
1.8201718000054825,50,CW,49.80093002319336,0.7539135217666626,0.04801736772060394,24.08599090576172,0.8885200619697571,43.16120529174805
1.830490300009842,50,CW,49.80119323730469,0.8395094871520996,-0.04920579493045807,24.081157684326172,0.7824884653091431,43.16250228881836
1.8404038000007858,50,CW,49.72944641113281,0.9670042991638184,0.002993971109390259,24.087602615356445,0.892202615737915,43.16431427001953
1.8506694000097923,50,CW,49.72652053833008,0.9563526511192322,0.050253015011548996,24.09404945373535,0.9596258997917175,43.16588592529297
1.860277200001292,50,CW,49.652015686035156,0.9279883503913879,0.18282461166381836,24.08599090576172,1.073121428489685,43.16688537597656
1.8702448000112781,50,CW,49.720611572265625,0.9725674986839294,0.07328582555055618,24.097270965576172,0.9556613564491272,43.168792724609375
1.880528100009542,50,CW,49.684654235839844,0.8287444114685059,0.14800812304019928,24.081157684326172,0.8636056780815125,43.17054748535156
1.8900272000028053,50,CW,49.78605651855469,0.7610892653465271,-0.020153217017650604,24.100494384765625,0.9490008354187012,43.17144012451172
1.9001230000139913,50,CW,49.779884338378906,0.7797462940216064,-0.07696229219436646,24.08599090576172,0.9345318675041199,43.17266082763672
1.9105217000033008,50,CW,49.815242767333984,0.8440605998039246,-0.033762380480766296,24.07793426513672,0.6648257374763489,43.17408752441406
1.9202453000034438,50,CW,49.844730377197266,0.873447597026825,0.0448218435049057,24.0827693939209,0.8791681528091431,43.1750602722168
1.9305046000081347,50,CW,49.84180450439453,0.9194877743721008,0.1334552764892578,24.081157684326172,0.8695718050003052,43.17637252807617
1.9403104000084568,50,CW,49.80584716796875,0.8771178126335144,0.09145761281251907,24.092437744140625,0.8547086119651794,43.177093505859375
1.9504832000093302,50,CW,49.80597686767578,0.8941739797592163,-0.0320206955075264,24.089214324951172,0.7998842000961304,43.17825698852539
1.9603988000017125,50,CW,49.76407241821289,0.7880491614341736,0.0018631517887115479,24.084379196166992,0.803152859210968,43.179317474365234
1.9702896000089822,50,CW,49.763771057128906,0.7989988327026367,0.07199250161647797,24.08599090576172,0.9706524014472961,43.180870056152344
1.980299400005606,50,CW,49.763771057128906,0.9877015948295593,0.0006547868251800537,24.0908260345459,0.8464913964271545,43.18213653564453
1.9905112000124063,50,CW,49.760581970214844,0.8040182590484619,-0.06648154556751251,24.084379196166992,0.8665016889572144,43.18360900878906
3.2999960239976645e-06,60,CW,59.753665924072266,0.8166424036026001,-0.06131534278392792,24.084379196166992,1.0406062602996826,43.70539093017578
0.010368400005972944,60,CW,59.72095489501953,0.8159577250480652,-0.2796972095966339,24.08599090576172,1.2135902643203735,43.70671081542969
0.020278399999369867,60,CW,59.64904022216797,0.9867045283317566,-0.042552266269922256,24.089214324951172,1.078244924545288,43.70835876464844
0.030068799998844042,60,CW,59.6127815246582,0.8917750120162964,0.002927519381046295,24.071489334106445,0.9709445834159851,43.710697174072266
0.04038829999626614,60,CW,59.54103469848633,0.8915850520133972,0.18526983261108398,24.08599090576172,1.2125191688537598,43.71238708496094
0.050204800005303696,60,CW,59.60574722290039,0.862993597984314,-0.024322498589754105,24.087602615356445,1.0322418212890625,43.713966369628906
0.060090700004366226,60,CW,59.637691497802734,0.824359118938446,-0.011888936161994934,24.0908260345459,1.0331789255142212,43.715885162353516
0.07018409999727737,60,CW,59.69964599609375,0.931129515171051,0.003764234483242035,24.0827693939209,0.9424422383308411,43.717960357666016
0.08019969999440946,60,CW,59.73175811767578,0.9669522643089294,-0.10510964691638947,24.081157684326172,1.054541826248169,43.71980285644531
0.0900889000040479,60,CW,59.69321060180664,0.797881543636322,-0.01822059601545334,24.092437744140625,0.8837807774543762,43.7222785949707
0.10045120000722818,60,CW,59.7255859375,0.9725847244262695,-0.04583902657032013,24.087602615356445,0.9190744161605835,43.72389221191406
0.11019180000585038,60,CW,59.758392333984375,0.819251537322998,0.03938012942671776,24.084379196166992,1.1940609216690063,43.72499084472656
0.12061800000083167,60,CW,59.72222900390625,1.0002754926681519,0.028513595461845398,24.0827693939209,1.1516122817993164,43.72663497924805
0.13029240000469144,60,CW,59.75115203857422,0.9987622499465942,0.003903008997440338,24.081157684326172,1.102067232131958,43.72784423828125
0.14050029999634717,60,CW,59.747962951660156,0.9401845335960388,-0.06446050107479095,24.087602615356445,1.0776829719543457,43.72935104370117
0.15006610000273213,60,CW,59.74473571777344,0.8742555379867554,-0.08187128603458405,24.08599090576172,0.8809122443199158,43.73106002807617
0.16005479999876115,60,CW,59.74456787109375,1.0167841911315918,0.0071453675627708435,24.089214324951172,1.1597009897232056,43.73264694213867
0.17027930000040215,60,CW,59.78105163574219,0.9823346734046936,-0.1559949368238449,24.0908260345459,1.0101513862609863,43.73581314086914
0.19377620000159368,60,CW,59.81342697143555,0.7812181711196899,0.06588935852050781,24.087602615356445,1.032137393951416,43.736324310302734
0.1980221999983769,60,CW,59.87860870361328,0.8239142298698425,0.023486554622650146,24.076322555541992,1.1072067022323608,43.73655319213867
0.20144819999404717,60,CW,59.84304428100586,0.9666211009025574,0.07853735983371735,24.08599090576172,1.1688389778137207,43.737430572509766
0.21031379999476485,60,CW,59.80423355102539,0.9267147779464722,-0.04125261306762695,24.087602615356445,1.0522754192352295,43.738948822021484
0.22024059999966994,60,CW,59.76823806762695,0.8825569748878479,0.002468697726726532,24.08599090576172,1.0570725202560425,43.74055862426758
0.23047589999623597,60,CW,59.621910095214844,1.144315242767334,0.13683412969112396,24.084379196166992,1.1993311643600464,43.74220657348633
0.24044270000013057,60,CW,59.6223030090332,0.8038007616996765,-0.0970151424407959,24.0908260345459,1.0701358318328857,43.74358367919922
0.2504349000082584,60,CW,59.621910095214844,0.8994491696357727,-0.1502504199743271,24.09404945373535,1.078667402267456,43.74583053588867
0.26025059999665245,60,CW,59.61911392211914,0.9603780508041382,0.01181204617023468,24.0827693939209,1.0289536714553833,43.747352600097656
0.27038240000547376,60,CW,59.68731689453125,0.8259031772613525,0.07973788678646088,24.07793426513672,1.1551611423492432,43.74943542480469
0.28040709999913815,60,CW,59.68383026123047,0.8240373134613037,-0.04564144089818001,24.084379196166992,1.0348294973373413,43.751197814941406
0.29052019999653567,60,CW,59.68060302734375,0.9162986874580383,-0.12296831607818604,24.084379196166992,0.9097399711608887,43.753334045410156
0.30010849999962375,60,CW,59.71284866333008,0.9265379905700684,0.0743706151843071,24.0827693939209,1.1710927486419678,43.75461959838867
0.3100315000046976,60,CW,59.67724609375,0.7839604020118713,0.11675333976745605,24.087602615356445,1.1621062755584717,43.75602722167969
0.32008720000158064,60,CW,59.74269104003906,1.0773215293884277,0.011936970055103302,24.09404945373535,1.0043792724609375,43.75764083862305
0.33002870000200346,60,CW,59.67454528808594,0.8302666544914246,-0.1369481384754181,24.079545974731445,1.1773195266723633,43.75893020629883
0.3405172000057064,60,CW,59.638587951660156,1.0128768682479858,0.03016645461320877,24.103717803955078,1.041219711303711,43.76054382324219
0.35025250000762753,60,CW,59.635135650634766,0.9034818410873413,0.1319950670003891,24.08599090576172,1.0721874237060547,43.762596130371094
0.36037959999521263,60,CW,59.563743591308594,0.9058550596237183,0.16098131239414215,24.105329513549805,0.9938493967056274,43.764930725097656
0.3703705999942031,60,CW,59.625640869140625,0.9746273756027222,-0.00802578404545784,24.081157684326172,1.2184946537017822,43.766544342041016
0.3804095999948913,60,CW,59.69082260131836,0.8173057436943054,-0.13303934037685394,24.0908260345459,1.1068838834762573,43.768150329589844
0.3903610999986995,60,CW,59.684181213378906,0.9468942284584045,0.15530458092689514,24.087602615356445,1.1537656784057617,43.770042419433594
0.4005325000034645,60,CW,59.748538970947266,0.9016416668891907,0.07020841538906097,24.092437744140625,0.9665173888206482,43.771846771240234
0.4105169999966165,60,CW,59.64145278930664,0.8857476115226746,-0.05091293156147003,24.0908260345459,0.8478309512138367,43.77375030517578
0.42005780000181403,60,CW,59.67097473144531,0.8643984794616699,-0.0015214215964078903,24.07793426513672,1.058547019958496,43.77488708496094
0.4303776000015205,60,CW,59.67097473144531,0.9613272547721863,-0.009454518556594849,24.08599090576172,1.2273377180099487,43.77635192871094
0.44052089999604505,60,CW,59.66791534423828,0.8166533708572388,0.0484066903591156,24.0827693939209,1.2785589694976807,43.77763748168945
0.4504949999973178,60,CW,59.66830825805664,0.9628037214279175,-0.047923266887664795,24.08599090576172,1.0812783241271973,43.779666900634766
0.46040500000526663,60,CW,59.70068359375,0.8205388784408569,-0.06512784957885742,24.087602615356445,1.0763568878173828,43.781280517578125
0.47031770000467077,60,CW,59.72983169555664,0.9223671555519104,-0.09465280175209045,24.084379196166992,0.9778017401695251,43.782981872558594
0.4803353000024799,60,CW,59.72943878173828,0.9368665814399719,-0.03715831786394119,24.07793426513672,1.1411572694778442,43.78469467163086
0.4903327000065474,60,CW,59.72624969482422,0.9763818979263306,-0.10556497424840927,24.07793426513672,1.1273404359817505,43.78630828857422
0.5004782000032719,60,CW,59.68684005737305,0.9296044707298279,-0.0035806745290756226,24.08599090576172,1.028971552848816,43.788028717041016
0.5104858999984572,60,CW,59.647823333740234,0.9256432056427002,0.35325270891189575,24.08599090576172,0.9566603899002075,43.78974914550781
0.5204838000063319,60,CW,59.6444091796875,0.8350957632064819,0.0795888900756836,24.089214324951172,1.0824912786483765,43.7916145324707
0.5305510000034701,60,CW,59.53702163696289,1.0181670188903809,0.03897888958454132,24.095659255981445,0.9844528436660767,43.79349899291992
0.5402827000070829,60,CW,59.56939697265625,0.9499880075454712,-0.003883056342601776,24.0988826751709,1.1430186033248901,43.79542541503906
0.5502413000067463,60,CW,59.598358154296875,0.8315045833587646,-0.22434204816818237,24.084379196166992,1.1703143119812012,43.79774475097656
0.5603879999980563,60,CW,59.62758255004883,0.9075394868850708,-0.05328589677810669,24.08599090576172,1.1052587032318115,43.80044937133789
0.5701724999962607,60,CW,59.6207160949707,0.9175386428833008,0.14710275828838348,24.087602615356445,0.9502992630004883,43.801971435546875
0.5802106000046479,60,CW,59.62028503417969,0.8532546758651733,-0.03502677381038666,24.07793426513672,1.1119096279144287,43.80358123779297
0.590508499997668,60,CW,59.62067794799805,0.9503742456436157,0.10930166393518448,24.084379196166992,1.0979770421981812,43.80545425415039
0.6004729999986012,60,CW,59.61752700805664,0.9605308771133423,-0.06581035256385803,24.081157684326172,1.2325634956359863,43.80772399902344
0.6100851000082912,60,CW,59.65055847167969,0.8826544284820557,-0.06340698152780533,24.081157684326172,1.1012736558914185,43.809268951416016
0.620124000008218,60,CW,59.71561050415039,0.8748219013214111,0.022191129624843597,24.097270965576172,1.1448659896850586,43.81132125854492
0.6301585000037448,60,CW,59.71242141723633,1.0537300109863281,-0.11002177000045776,24.074710845947266,0.8722100257873535,43.81336212158203
0.6402355000027455,60,CW,59.74518966674805,0.9480993747711182,0.00652187317609787,24.074710845947266,0.9096059799194336,43.81459045410156
0.6503133000078378,60,CW,59.84895706176758,0.8687847256660461,-0.01265551894903183,24.079545974731445,1.1381019353866577,43.8160514831543
0.6602880999998888,60,CW,59.845638275146484,0.8525989055633545,-0.12420698255300522,24.097270965576172,1.0470607280731201,43.816978454589844
0.6703103000036208,60,CW,59.87866973876953,0.9037055373191833,-0.09398002177476883,24.0827693939209,1.0019869804382324,43.81746292114258
0.6805672000045888,60,CW,59.84306716918945,0.8976205587387085,0.20778092741966248,24.081157684326172,1.0578840970993042,43.81901931762695
0.6903732000064338,60,CW,59.879249572753906,1.0311311483383179,-0.07579135149717331,24.0827693939209,1.1481807231903076,43.819828033447266
0.7002920999948401,60,CW,59.83668899536133,0.783097505569458,-0.21316516399383545,24.089214324951172,1.161972165107727,43.82085418701172
0.7103324000054272,60,CW,59.72937774658203,0.9648656845092773,0.09427759051322937,24.09404945373535,1.0209983587265015,43.82206726074219
0.7203258000081405,60,CW,59.72618865966797,0.9963948130607605,0.09487026184797287,24.084379196166992,1.0381158590316772,43.82357406616211
0.7301251000026241,60,CW,59.72320556640625,0.8842312693595886,-0.0032439380884170532,24.089214324951172,1.121524453163147,43.825584411621094
0.7401610999950208,60,CW,59.72001647949219,1.0009486675262451,0.11575929075479507,24.089214324951172,0.9763243794441223,43.82725524902344
0.7503155000013066,60,CW,59.680606842041016,0.8413581252098083,0.09462615847587585,24.087602615356445,1.1955296993255615,43.82877731323242
0.7601977000012994,60,CW,59.64457321166992,0.882045328617096,-0.12496524304151535,24.07793426513672,1.095094084739685,43.83043670654297
0.7702971999970032,60,CW,59.67734146118164,0.9108099937438965,0.03019118309020996,24.092437744140625,1.0119062662124634,43.83209228515625
0.7802561999997124,60,CW,59.709716796875,0.8918408751487732,0.04838962107896805,24.081157684326172,1.0973707437515259,43.83317947387695
0.7903973000065889,60,CW,59.70367431640625,0.8486230373382568,0.0003435872495174408,24.0908260345459,0.9475015997886658,43.83480453491211
0.800136100006057,60,CW,59.76816177368164,0.9726291298866272,-0.09402208030223846,24.0827693939209,1.1899937391281128,43.83620834350586
0.8101406000059796,60,CW,59.765403747558594,0.8222649693489075,0.01100890338420868,24.0908260345459,1.2370455265045166,43.83887481689453
0.8205176000046777,60,CW,59.72642517089844,0.9730358123779297,0.1319437325000763,24.092437744140625,1.2062128782272339,43.84086608886719
0.8304605000012089,60,CW,59.690242767333984,0.8793776035308838,-0.042479947209358215,24.0827693939209,1.1789880990982056,43.84220504760742
0.8404925000068033,60,CW,59.6576042175293,0.8901875615119934,0.04404641315340996,24.0908260345459,1.0556122064590454,43.84349822998047
0.8500816000014311,60,CW,59.6576042175293,0.8859023451805115,-0.044176965951919556,24.0827693939209,1.0466504096984863,43.844520568847656
0.8603336999949533,60,CW,59.69313049316406,0.9822198748588562,-0.010525599122047424,24.084379196166992,0.9500405788421631,43.84637451171875
0.8703279000037583,60,CW,59.72550582885742,0.9213394522666931,0.25656187534332275,24.079545974731445,1.1317672729492188,43.847965240478516
0.8807827999989968,60,CW,59.72209167480469,0.8250201344490051,0.0019470006227493286,24.089214324951172,0.9231565594673157,43.85020446777344
0.8904975000041304,60,CW,59.718902587890625,0.9474163055419922,0.2414720207452774,24.084379196166992,1.2228176593780518,43.85212326049805
0.9000725999940187,60,CW,59.71548843383789,0.8780243992805481,-0.14606381952762604,24.087602615356445,1.1009197235107422,43.85383605957031
0.9100341000012122,60,CW,59.748294830322266,0.9734514355659485,-0.08186163008213043,24.095659255981445,1.1371005773544312,43.855098724365234
0.9201120000070659,60,CW,59.70931625366211,0.8515297174453735,0.0785021111369133,24.092437744140625,1.0414212942123413,43.85693359375
0.9300791999994544,60,CW,59.742122650146484,0.9363738894462585,-0.12541741132736206,24.079545974731445,1.394797444343567,43.85787582397461
0.9402024000009988,60,CW,59.70586395263672,0.92767733335495,-0.022762808948755264,24.07793426513672,1.2241103649139404,43.859375
0.9503183000051649,60,CW,59.73833465576172,0.823080837726593,-0.07935391366481781,24.081157684326172,1.0767184495925903,43.860355377197266
0.9603478000062751,60,CW,59.80693054199219,0.9537031054496765,0.09691011905670166,24.089214324951172,1.0741322040557861,43.86151885986328
0.9703540000045905,60,CW,59.80689239501953,0.9600268006324768,0.03274897485971451,24.0827693939209,1.2858624458312988,43.86347579956055
0.980517999996664,60,CW,59.83900451660156,0.8136997222900391,-0.0472845658659935,24.092437744140625,1.108868956565857,43.86450958251953
0.990458000000217,60,CW,59.8358154296875,0.9734640717506409,0.0493040531873703,24.092437744140625,1.116533875465393,43.865882873535156
1.0001874000008684,60,CW,59.796836853027344,0.8933942317962646,-0.06007245182991028,24.084379196166992,0.9797548651695251,43.866600036621094
1.0101513999979943,60,CW,59.792823791503906,0.835154116153717,-0.1598050892353058,24.079545974731445,1.124455451965332,43.86792755126953
1.0201691999973264,60,CW,59.72100067138672,0.9830757975578308,-0.13441988825798035,24.079545974731445,1.151581048965454,43.86948013305664
1.0302738000027603,60,CW,59.7174186706543,0.8675571084022522,0.026876278221607208,24.08599090576172,1.142757534980774,43.8708381652832
1.040086599998176,60,CW,59.74962615966797,1.078104853630066,0.01728004962205887,24.079545974731445,1.07547128200531,43.872493743896484
1.0502331000025151,60,CW,59.7498893737793,0.8346469402313232,-0.188156858086586,24.10210609436035,1.1141713857650757,43.87371063232422
1.0604409000079613,60,CW,59.782920837402344,1.0349220037460327,-0.02371610701084137,24.0908260345459,0.9678899049758911,43.8747444152832
1.0704536999983247,60,CW,59.82202911376953,0.8586814403533936,-0.03404589742422104,24.089214324951172,1.1085972785949707,43.87681579589844
1.080046899995068,60,CW,59.81844711303711,0.9567529559135437,0.020039379596710205,24.084379196166992,1.0193839073181152,43.8779182434082
1.090496599994367,60,CW,59.81525802612305,0.8527930378913879,0.1540078967809677,24.097270965576172,1.036017894744873,43.87959289550781
1.1003278999996837,60,CW,59.77644729614258,0.9706377983093262,-0.15197503566741943,24.08599090576172,1.2983125448226929,43.88080978393555
1.11031709999952,60,CW,59.671817779541016,0.8992102742195129,0.006022542715072632,24.0827693939209,1.0133960247039795,43.88169860839844
1.1200660000031348,60,CW,59.66862869262695,0.9697769284248352,-0.10886893421411514,24.076322555541992,0.8967830538749695,43.883270263671875
1.1301372000016272,60,CW,59.66862869262695,1.0074443817138672,-0.10616867989301682,24.0908260345459,1.0949169397354126,43.88483428955078
1.1402383999957237,60,CW,59.70139694213867,0.891940176486969,0.055794812738895416,24.087602615356445,0.913041889667511,43.88617706298828
1.1502533000020776,60,CW,59.73377227783203,0.9572010636329651,0.03011200577020645,24.0827693939209,1.1385490894317627,43.88754653930664
1.1600545999972383,60,CW,59.72713088989258,0.9964718222618103,-0.057910770177841187,24.0908260345459,1.17125403881073,43.88933563232422
1.1700601000047754,60,CW,59.69169616699219,0.8965481519699097,-0.11285120248794556,24.07793426513672,0.8909114599227905,43.89079666137695
1.1800927000003867,60,CW,59.723941802978516,0.9761356711387634,0.16944381594657898,24.0988826751709,1.0381999015808105,43.895965576171875
1.2019510999962222,60,CW,59.756317138671875,1.0109453201293945,0.01937142014503479,24.089214324951172,1.150769829750061,43.8964729309082
1.2059130999987246,60,CW,59.756317138671875,0.8854278922080994,0.030243121087551117,24.084379196166992,1.043311357498169,43.897125244140625
1.2114111999981105,60,CW,59.82149887084961,0.9493921995162964,0.11935431510210037,24.084379196166992,0.935227632522583,43.89755630493164
1.2205627000075765,60,CW,59.82176208496094,0.9359143376350403,0.2496366798877716,24.09404945373535,0.9298595786094666,43.898597717285156
1.2303164000040852,60,CW,59.8188362121582,0.8296451568603516,-0.0061883702874183655,24.087602615356445,1.2502171993255615,43.90029525756836
1.2400620999978855,60,CW,59.854793548583984,0.8712846040725708,-0.04389972239732742,24.08599090576172,0.9997751116752625,43.901458740234375
1.2501099000073737,60,CW,59.81853485107422,0.8819303512573242,0.11296658962965012,24.0827693939209,1.1929452419281006,43.90294647216797
1.2603143000014825,60,CW,59.85091018676758,0.8044905662536621,-0.009712785482406616,24.089214324951172,0.9976707100868225,43.9037971496582
1.27039700000023,60,CW,59.782371520996094,0.8576984405517578,-0.10895223915576935,24.084379196166992,0.996992290019989,43.90507507324219
1.280398500006413,60,CW,59.74296188354492,0.8190697431564331,-0.025841981172561646,24.089214324951172,1.0883972644805908,43.9061279296875
1.2901545000058832,60,CW,59.706443786621094,0.8020116686820984,-0.05782157927751541,24.089214324951172,1.1431212425231934,43.90717315673828
1.300232199995662,60,CW,59.739044189453125,1.025899887084961,-0.12937870621681213,24.089214324951172,1.0639996528625488,43.908241271972656
1.3100940000003902,60,CW,59.77466583251953,0.8195112943649292,-0.03152719512581825,24.0908260345459,1.1695659160614014,43.90965270996094
1.3203040000080364,60,CW,59.7745361328125,0.9384589791297913,0.0005177110433578491,24.084379196166992,1.1618603467941284,43.91148376464844
1.3304235999967204,60,CW,59.77134704589844,0.9644756317138672,0.0017834529280662537,24.081157684326172,1.1015909910202026,43.91362380981445
1.3402155000076164,60,CW,59.7717399597168,0.8148717284202576,-0.015152134001255035,24.095659255981445,1.1032685041427612,43.91503143310547
1.3501538999989862,60,CW,59.69978713989258,0.7496605515480042,0.030996866524219513,24.0827693939209,1.0674183368682861,43.91633224487305
1.3601483999955235,60,CW,59.696990966796875,0.8930484056472778,0.031132623553276062,24.087602615356445,1.0691527128219604,43.91781234741211
1.3702981999958865,60,CW,59.6972541809082,0.9831001162528992,-0.10492850840091705,24.111774444580078,1.1194126605987549,43.91908645629883
1.380246000000625,60,CW,59.6944580078125,1.0077412128448486,0.1473347693681717,24.0908260345459,1.0146807432174683,43.920528411865234
1.3902796000038506,60,CW,59.72670364379883,0.9642422795295715,0.04688315838575363,24.089214324951172,1.0455042123794556,43.92242431640625
1.4004981000034604,60,CW,59.75907897949219,0.8652451634407043,-0.17437784373760223,24.092437744140625,0.9391009211540222,43.92451477050781
1.4100814999983413,60,CW,59.78882598876953,0.951058030128479,0.17891064286231995,24.08599090576172,1.0654668807983398,43.9259033203125
1.4200856999959797,60,CW,59.82080841064453,0.8109763264656067,-0.19349093735218048,24.081157684326172,1.0096232891082764,43.927433013916016
1.4304626999946777,60,CW,59.81748962402344,0.9288212656974792,0.1934480369091034,24.08599090576172,0.8929075002670288,43.92856979370117
1.4403017000004184,60,CW,59.88569259643555,0.8993295431137085,0.12414500117301941,24.079545974731445,1.1821293830871582,43.92984390258789
1.4503120000008494,60,CW,59.918067932128906,0.8186439275741577,-0.14711631834506989,24.092437744140625,0.9954699277877808,43.93061065673828
1.4601265999954194,60,CW,59.87931442260742,1.0508549213409424,-0.09593789279460907,24.08599090576172,1.028523325920105,43.931541442871094
1.470278499997221,60,CW,59.80390930175781,0.7583901882171631,0.08064242452383041,24.0827693939209,0.7693890333175659,43.932613372802734
1.4803758000052767,60,CW,59.80055236816406,0.9027578830718994,-0.0036047548055648804,24.0827693939209,0.894868791103363,43.9335823059082
1.4901451000041561,60,CW,59.76114273071289,1.004516363143921,-0.05138985440135002,24.074710845947266,1.141626238822937,43.9351921081543
1.5004828999954043,60,CW,59.72205352783203,0.906619131565094,-0.08313432335853577,24.089214324951172,1.0821242332458496,43.93659973144531
1.5104682999954093,60,CW,59.82647705078125,0.8503426313400269,-0.1415363848209381,24.07309913635254,1.0062237977981567,43.93736267089844
1.5204716000007465,60,CW,59.75797653198242,0.9008073210716248,-0.05956626310944557,24.087602615356445,1.1179542541503906,43.93877410888672
1.5304373999970267,60,CW,59.75461959838867,0.7612671256065369,0.023211713880300522,24.092437744140625,0.8164545893669128,43.94001007080078
1.5400376000034157,60,CW,59.75143051147461,0.9173453450202942,-0.0011427849531173706,24.09404945373535,1.0494581460952759,43.94169998168945
1.5503255000076024,60,CW,59.682891845703125,0.906891405582428,0.0057603418827056885,24.095659255981445,1.2278144359588623,43.943111419677734
1.5602453000028618,60,CW,59.67974090576172,0.9731287360191345,-0.09846846014261246,24.0827693939209,1.036524772644043,43.94435119628906
1.5703591000055894,60,CW,59.71579360961914,0.7809853553771973,0.21991169452667236,24.0988826751709,1.0326957702636719,43.94633865356445
1.5803674000053434,60,CW,59.71260452270508,0.9006584286689758,-0.03947516530752182,24.079545974731445,0.9592995643615723,43.948204040527344
1.5901339999982156,60,CW,59.715850830078125,0.9315458536148071,-0.03753511980175972,24.07793426513672,1.1055265665054321,43.95002365112305
1.600151899998309,60,CW,59.718833923339844,0.8677686452865601,-0.018061183393001556,24.087602615356445,1.17758047580719,43.951812744140625
1.610569199998281,60,CW,59.6796875,0.9783454537391663,-0.012298684567213058,24.084379196166992,1.0195543766021729,43.95343780517578
1.6201118000026327,60,CW,59.679481506347656,1.0272853374481201,0.12014248222112656,24.095659255981445,1.0883808135986328,43.95484161376953
1.6300663000001805,60,CW,59.67668533325195,0.8603681325912476,-0.03412569314241409,24.074710845947266,1.1422556638717651,43.95610046386719
1.6402769999986049,60,CW,59.67694854736328,0.8724204301834106,-0.04714430868625641,24.081157684326172,1.1216528415679932,43.95744705200195
1.6502253000071505,60,CW,59.67415237426758,0.9328377842903137,-0.03475389629602432,24.079545974731445,0.9301453232765198,43.95863723754883
1.66044750000583,60,CW,59.706398010253906,0.8831612467765808,0.03349284082651138,24.07793426513672,1.1060718297958374,43.96064376831055
1.6700636000023223,60,CW,59.67023468017578,0.8315247893333435,0.05438782274723053,24.084379196166992,1.0612409114837646,43.9620361328125
1.680279199994402,60,CW,59.699684143066406,1.0465160608291626,0.11395573616027832,24.0827693939209,1.045567274093628,43.96412658691406
1.6902569999947445,60,CW,59.69606399536133,0.9191852807998657,-0.14893130958080292,24.084379196166992,0.9953322410583496,43.965816497802734
1.700252199996612,60,CW,59.69270706176758,0.8732656240463257,0.04603630304336548,24.087602615356445,0.9047209024429321,43.9672966003418
1.7102664999983972,60,CW,59.72508239746094,0.8237948417663574,0.0312727615237236,24.079545974731445,1.1767793893814087,43.968955993652344
1.7200779999984661,60,CW,59.72504425048828,0.8446281552314758,-0.07195509970188141,24.087602615356445,0.9777444005012512,43.97078323364258
1.7302645000017947,60,CW,59.72185516357422,0.9774841666221619,0.07311615347862244,24.079545974731445,1.1589648723602295,43.97307586669922
1.7403273999952944,60,CW,59.72224807739258,0.847318172454834,-0.25403016805648804,24.087602615356445,1.1982049942016602,43.974422454833984
1.7503279999946244,60,CW,59.79018783569336,0.9104462265968323,-0.0002883896231651306,24.087602615356445,0.882659375667572,43.97566223144531
1.7603297000023304,60,CW,59.82256317138672,0.8360996246337891,-0.11147063970565796,24.092437744140625,1.0031627416610718,43.97649383544922
1.7701719000033336,60,CW,59.855201721191406,0.8870617151260376,-0.19524279236793518,24.092437744140625,0.9509232640266418,43.97703552246094
1.780255899997428,60,CW,59.81648635864258,0.9614050984382629,0.11395353823900223,24.08599090576172,1.1006884574890137,43.97798538208008
1.790115900003002,60,CW,59.78049087524414,0.9101126790046692,0.2319960743188858,24.08599090576172,1.0260677337646484,43.97940444946289
1.8002531999954954,60,CW,59.7125129699707,0.9838536381721497,0.052630528807640076,24.092437744140625,0.9614561796188354,43.980613708496094
1.810245800006669,60,CW,59.74475860595703,0.8337405323982239,-0.010270729660987854,24.084379196166992,1.1716173887252808,43.98208999633789
1.8201184000063222,60,CW,59.74455261230469,0.9349489808082581,-0.1301768273115158,24.089214324951172,1.1397438049316406,43.983909606933594
1.8306198000063887,60,CW,59.74494552612305,0.97951340675354,0.04263477399945259,24.095659255981445,1.1072102785110474,43.98463821411133
1.8400891000055708,60,CW,59.84250259399414,0.9200733304023743,0.13509735465049744,24.0908260345459,1.0893471240997314,43.985721588134766
1.8501744999957737,60,CW,59.735191345214844,0.8279424905776978,-0.07549870014190674,24.084379196166992,1.1004798412322998,43.98745346069336
1.86028449999867,60,CW,59.76437759399414,0.9592692255973816,0.013376981019973755,24.0827693939209,1.3005237579345703,43.98917007446289
1.8703266999946209,60,CW,59.692630767822266,0.8741137981414795,-0.04108908399939537,24.079545974731445,1.1534054279327393,43.990474700927734
1.880369000005885,60,CW,59.657196044921875,0.9694986343383789,0.011483754962682724,24.079545974731445,1.118190884590149,43.992027282714844
1.8904517000046326,60,CW,59.693153381347656,0.9412481784820557,0.106822170317173,24.079545974731445,1.053086519241333,43.993507385253906
1.900427700005821,60,CW,59.69272232055664,0.9834141135215759,-0.026563137769699097,24.0908260345459,1.0719009637832642,43.9950065612793
1.9105203000071924,60,CW,59.75471496582031,1.099854588508606,0.011323422193527222,24.089214324951172,0.9173886775970459,43.99717712402344
1.9201491999992868,60,CW,59.751731872558594,0.8851253986358643,0.15825138986110687,24.089214324951172,1.2163679599761963,43.99894714355469
1.9303474000043934,60,CW,59.74854278564453,0.8092502951622009,-0.03682418167591095,24.07793426513672,1.2401049137115479,44.000587463378906
1.9401550000038696,60,CW,59.6767578125,0.9506735801696777,-0.028790056705474854,24.068265914916992,1.1006219387054443,44.00187683105469
1.9501578000053996,60,CW,59.64076232910156,0.9304955005645752,-0.07370905578136444,24.081157684326172,1.121604561805725,44.00357437133789
1.960094800000661,60,CW,59.702754974365234,0.8897631168365479,-0.017798015847802162,24.084379196166992,1.040956735610962,44.004905700683594
1.9704676999972435,60,CW,59.699771881103516,0.9734068512916565,0.10347295552492142,24.079545974731445,1.2752679586410522,44.0073356628418
1.9804966999945464,60,CW,59.69658279418945,0.8198671340942383,-0.06587740778923035,24.079545974731445,1.0434539318084717,44.00967025756836
1.9900314999977127,60,CW,59.725975036621094,0.8599597811698914,-0.11044511198997498,24.08599090576172,1.0448870658874512,44.01105880737305
4.5000051613897085e-06,80,CW,79.23904418945312,1.054257869720459,0.043854620307683945,24.08599090576172,1.780526041984558,45.173492431640625
0.010708500005421229,80,CW,79.20375061035156,1.0230451822280884,-0.14305125176906586,24.0908260345459,1.8632192611694336,45.17779541015625
0.020186599998851307,80,CW,79.2005615234375,0.9714332818984985,0.0688718929886818,24.074710845947266,1.5709202289581299,45.18029022216797
0.030217600011383183,80,CW,79.19737243652344,1.1094878911972046,0.09895806759595871,24.081157684326172,1.58311927318573,45.1839714050293
0.04035360000852961,80,CW,79.22974395751953,1.1251827478408813,0.038491204380989075,24.076322555541992,1.8305500745773315,45.18741989135742
0.05007740001019556,80,CW,79.22655487060547,1.1124986410140991,-0.049060218036174774,24.079545974731445,1.8122034072875977,45.19089126586914
0.06008740000834223,80,CW,79.19099426269531,0.9872421622276306,0.10492083430290222,24.071489334106445,1.8579931259155273,45.193790435791016
0.07038940000347793,80,CW,79.18780517578125,0.9297919273376465,0.04506629705429077,24.084379196166992,1.696367621421814,45.19685363769531
0.08055360001162626,80,CW,79.22017669677734,1.1227589845657349,0.053496573120355606,24.079545974731445,1.645241379737854,45.20166015625
0.09046479999960866,80,CW,79.22004699707031,1.2019966840744019,-0.1564820110797882,24.09404945373535,1.8724074363708496,45.20466613769531
0.10042230000544805,80,CW,79.21685791015625,1.1576277017593384,-0.0788029283285141,24.076322555541992,1.8960450887680054,45.2149772644043
0.1245690000068862,80,CW,79.17810821533203,1.0851906538009644,0.004395436495542526,24.076322555541992,1.4188638925552368,45.21599197387695
0.12800000001152512,80,CW,79.21047973632812,1.0671879053115845,-0.14862383902072906,24.076322555541992,1.6140896081924438,45.21702194213867
0.1316103999997722,80,CW,79.21047973632812,1.1199945211410522,-0.08684321492910385,24.068265914916992,1.790916085243225,45.21807098388672
0.14038370001071598,80,CW,79.17491912841797,0.8949073553085327,-0.0930456668138504,24.0827693939209,1.541260838508606,45.22117614746094
0.1504404000006616,80,CW,79.13935852050781,1.0615243911743164,0.09367578476667404,24.076322555541992,1.7503304481506348,45.22396469116211
0.16021090000867844,80,CW,79.1717300415039,0.9913450479507446,-0.09210079908370972,24.081157684326172,1.6943007707595825,45.22690200805664
0.17049430000770371,80,CW,79.2041015625,1.155175805091858,0.03729681670665741,24.089214324951172,1.6907825469970703,45.230648040771484
0.18039360000693705,80,CW,79.23686981201172,1.1025539636611938,-0.09221544116735458,24.07793426513672,1.5040912628173828,45.233524322509766
0.1904118000093149,80,CW,79.23355102539062,1.2884148359298706,-0.13006186485290527,24.087602615356445,1.758223533630371,45.23749542236328
0.2000943000020925,80,CW,79.23096466064453,1.2729741334915161,0.0979280099272728,24.06987762451172,1.7023216485977173,45.2406005859375
0.2100374000001466,80,CW,79.19563293457031,1.1685709953308105,0.3127857446670532,24.066654205322266,1.7567687034606934,45.244346618652344
0.2203200000076322,80,CW,79.228271484375,1.0212719440460205,-0.07166917622089386,24.081157684326172,1.5139621496200562,45.24773025512695
0.23029810001025908,80,CW,79.22468566894531,1.033738613128662,0.03963388130068779,24.074710845947266,1.45034658908844,45.25160598754883
0.24030140000104439,80,CW,79.22468566894531,1.0684022903442383,0.13541288673877716,24.087602615356445,1.3652772903442383,45.25503921508789
0.25032170000486076,80,CW,79.1532974243164,1.2548141479492188,-0.002337813377380371,24.089214324951172,1.6372953653335571,45.25875473022461
0.26015770000230987,80,CW,79.18589782714844,1.1542633771896362,-0.017836228013038635,24.07309913635254,1.7215588092803955,45.261985778808594
0.2701184000034118,80,CW,79.21826934814453,1.105516791343689,0.014157891273498535,24.084379196166992,1.8540440797805786,45.264503479003906
0.2800759000092512,80,CW,79.21508026123047,1.2955026626586914,-0.1604365110397339,24.07309913635254,1.7927439212799072,45.26786804199219
0.29006030000164174,80,CW,79.24745178222656,1.1757618188858032,0.026645541191101074,24.068265914916992,1.7664462327957153,45.27117919921875
0.30046910000965,80,CW,79.2118911743164,1.0972650051116943,0.18852441012859344,24.074710845947266,1.489525318145752,45.275142669677734
0.31025039999803994,80,CW,79.1371841430664,1.2409405708312988,-0.043974313884973526,24.071489334106445,1.51894211769104,45.27840042114258
0.3203187000035541,80,CW,79.09797668457031,1.064805269241333,0.10299859195947647,24.079545974731445,1.5147969722747803,45.28215026855469
0.3302287999977125,80,CW,79.2376937866211,1.0652923583984375,-0.08318421244621277,24.06987762451172,1.7486319541931152,45.28601837158203
0.34016130000236444,80,CW,79.09828186035156,1.2359100580215454,-0.15160736441612244,24.08599090576172,2.0523300170898438,45.28995132446289
0.3503049999999348,80,CW,79.2020034790039,1.0949738025665283,0.03303774446249008,24.079545974731445,1.881689190864563,45.29372787475586
0.36046039999928325,80,CW,79.30615997314453,1.1376018524169922,-0.08212006092071533,24.076322555541992,1.5839701890945435,45.29671859741211
0.3703474000067217,80,CW,79.30297088623047,1.0819669961929321,0.2821993827819824,24.074710845947266,1.70796537399292,45.30027389526367
0.3801930000045104,80,CW,79.33560943603516,1.0017673969268799,-0.05675146356225014,24.071489334106445,1.9510196447372437,45.30295181274414
0.39016070000070613,80,CW,79.36824798583984,1.0733650922775269,-0.1023763045668602,24.079545974731445,1.5005195140838623,45.30604553222656
0.4004754000052344,80,CW,79.33255767822266,1.1532673835754395,0.05094588175415993,24.097270965576172,1.7775847911834717,45.30944061279297
0.4104273999982979,80,CW,79.33554077148438,1.1102335453033447,0.18105795979499817,24.079545974731445,1.688480257987976,45.31282424926758
0.42048349999822676,80,CW,79.36817932128906,1.0735348463058472,-0.11743417382240295,24.07793426513672,1.6516923904418945,45.314632415771484
0.4304802999977255,80,CW,79.47256469726562,0.9711043834686279,-0.014322564005851746,24.076322555541992,1.689014196395874,45.317745208740234
0.4404439000063576,80,CW,79.46924591064453,0.9562200903892517,-0.19616051018238068,24.076322555541992,1.779528260231018,45.32001876831055
0.450234800009639,80,CW,79.36177062988281,1.159446358680725,0.12412667274475098,24.09404945373535,1.7582054138183594,45.32282257080078
0.46024190000025555,80,CW,79.32896423339844,1.0823910236358643,-0.08574379235506058,24.074710845947266,1.6105902194976807,45.32540512084961
0.4702189000090584,80,CW,79.2608642578125,1.058623194694519,0.05621522665023804,24.097270965576172,1.4538249969482422,45.32908248901367
0.4802054000028875,80,CW,79.18576049804688,1.2497425079345703,0.01423652470111847,24.071489334106445,1.4683609008789062,45.33283233642578
0.4905540000036126,80,CW,79.21817016601562,1.211014986038208,0.14233596622943878,24.095659255981445,1.6346036195755005,45.33560562133789
0.5004653000069084,80,CW,79.2864990234375,1.124714970588684,-0.14386945962905884,24.071489334106445,1.3802284002304077,45.33881759643555
0.5105645000003278,80,CW,79.28616333007812,1.0780431032180786,0.021032288670539856,24.07309913635254,1.7210811376571655,45.34174728393555
0.5201529000041774,80,CW,79.3544921875,1.0974044799804688,0.15853309631347656,24.079545974731445,1.7430475950241089,45.344879150390625
0.5302009000006365,80,CW,79.3544921875,1.0475083589553833,0.04826907813549042,24.0827693939209,1.7658871412277222,45.348480224609375
0.5400993000075687,80,CW,79.3544921875,1.0735617876052856,-0.13613533973693848,24.076322555541992,1.630732536315918,45.350921630859375
0.5502932000090368,80,CW,79.3511734008789,1.2186288833618164,-0.09599068760871887,24.07793426513672,1.8343989849090576,45.35404968261719
0.5605209000059403,80,CW,79.27992248535156,1.0591373443603516,-0.05389045178890228,24.0827693939209,1.606831669807434,45.3574104309082
0.5701963000028627,80,CW,79.2403793334961,1.181911587715149,-0.09817839413881302,24.071489334106445,1.7625223398208618,45.3599853515625
0.5801341000042157,80,CW,79.20481872558594,1.072558045387268,0.07519302517175674,24.079545974731445,1.9369747638702393,45.363712310791016
0.5901798999984749,80,CW,79.13648986816406,1.089292287826538,0.08582690358161926,24.06987762451172,1.8322213888168335,45.368125915527344
0.6002370000060182,80,CW,79.09774017333984,1.1726939678192139,0.04583762586116791,24.076322555541992,1.5558974742889404,45.37181091308594
0.610349499998847,80,CW,79.20185852050781,0.9996106028556824,0.16771183907985687,24.068265914916992,1.8974127769470215,45.37523651123047
0.6205344000045443,80,CW,79.2342300415039,1.2546658515930176,0.08537980914115906,24.081157684326172,1.6039190292358398,45.37921905517578
0.6301534000085667,80,CW,79.26647186279297,1.106890082359314,-0.0017437320202589035,24.0827693939209,1.70205557346344,45.382747650146484
0.640275700003258,80,CW,79.26673889160156,1.2930302619934082,0.11526744067668915,24.074710845947266,1.924562692642212,45.385868072509766
0.6502828000084264,80,CW,79.3675765991211,1.0826433897018433,-0.24596554040908813,24.089214324951172,1.7662372589111328,45.38851547241211
0.6603381000022637,80,CW,79.43302154541016,1.1850476264953613,0.015023231506347656,24.07793426513672,1.6186070442199707,45.39101791381836
0.6701037000020733,80,CW,79.42970275878906,1.0765480995178223,-0.2049410194158554,24.071489334106445,1.5683108568191528,45.393924713134766
0.6805659000092419,80,CW,79.39374542236328,1.026279091835022,0.055445924401283264,24.0827693939209,1.6273348331451416,45.396240234375
0.6902929000061704,80,CW,79.41985321044922,1.1495672464370728,0.18815764784812927,24.071489334106445,1.5390572547912598,45.39870834350586
0.7003889000043273,80,CW,79.38372802734375,1.0253291130065918,0.019637316465377808,24.079545974731445,1.730673909187317,45.407752990722656
0.7261398999980884,80,CW,79.38372802734375,1.0959713459014893,-0.059078507125377655,24.084379196166992,1.703375220298767,45.408565521240234
0.7304509000096004,80,CW,79.38372802734375,1.0653979778289795,-0.06640608608722687,24.081157684326172,2.02309250831604,45.40948486328125
0.7341373000090243,80,CW,79.38372802734375,1.1321467161178589,0.056890904903411865,24.084379196166992,1.8634891510009766,45.41033935546875
0.7402340000116965,80,CW,79.31233978271484,1.2620353698730469,0.23105567693710327,24.071489334106445,1.4606467485427856,45.41225051879883
0.7502462999982527,80,CW,79.38076782226562,1.0065913200378418,-0.1157078891992569,24.08599090576172,1.6838446855545044,45.4154167175293
0.7600538000115193,80,CW,79.41038513183594,1.1572675704956055,0.1922394186258316,24.0827693939209,1.5631035566329956,45.41823959350586
0.7700884000078076,80,CW,79.40702819824219,1.0828628540039062,0.0024958327412605286,24.0827693939209,1.6351395845413208,45.4210205078125
0.7801335999974981,80,CW,79.44285583496094,1.1549217700958252,-0.020843058824539185,24.079545974731445,1.8061649799346924,45.42329406738281
0.7901898999989498,80,CW,79.54093933105469,1.0731492042541504,-0.15082573890686035,24.079545974731445,1.5244791507720947,45.42539978027344
0.800143600004958,80,CW,79.50564575195312,0.9626995325088501,-0.10155091434717178,24.0827693939209,1.7998452186584473,45.42776870727539
0.810216700003366,80,CW,79.46733093261719,1.0145922899246216,-0.07929424196481705,24.081157684326172,1.4228010177612305,45.4311408996582
0.8200857000047108,80,CW,79.46733093261719,0.9973684549331665,-0.23506473004817963,24.07793426513672,1.4731292724609375,45.43329620361328
0.8303956000017934,80,CW,79.3602523803711,1.1039597988128662,0.04068666696548462,24.07793426513672,1.8026025295257568,45.43670654296875
0.8402544999989914,80,CW,79.32469177246094,1.126139521598816,-0.06504859775304794,24.06987762451172,1.7487536668777466,45.439212799072266
0.8504864999995334,80,CW,79.32137298583984,1.0252737998962402,-0.20758652687072754,24.076322555541992,1.628368854522705,45.44253158569336
0.8603749000030803,80,CW,79.21406555175781,1.1517881155014038,0.11986303329467773,24.07793426513672,1.7064831256866455,45.44614028930664
0.8700671999977203,80,CW,79.21051788330078,1.1496624946594238,0.20167316496372223,24.084379196166992,1.7383311986923218,45.4495849609375
0.8804148000053829,80,CW,79.31450653076172,1.0368306636810303,-0.16849033534526825,24.071489334106445,1.48965322971344,45.45247268676758
0.890555600009975,80,CW,79.3471450805664,1.092769980430603,0.22195610404014587,24.074710845947266,1.644299030303955,45.4559211730957
0.9001564000063809,80,CW,79.41557312011719,1.0847662687301636,-0.062348172068595886,24.084379196166992,1.7030375003814697,45.45923614501953
0.9102801000117324,80,CW,79.44794464111328,1.0534894466400146,0.01337617076933384,24.076322555541992,1.7846630811691284,45.461753845214844
0.9201560000074096,80,CW,79.48373413085938,1.2479331493377686,-0.029340192675590515,24.07793426513672,1.4460066556930542,45.465232849121094
0.930634900010773,80,CW,79.484130859375,0.9692726731300354,-0.11947643011808395,24.0827693939209,1.3540619611740112,45.46670913696289
0.9401115000073332,80,CW,79.48094177246094,1.0717533826828003,-0.13033345341682434,24.074710845947266,1.7545746564865112,45.468772888183594
0.9502503999974579,80,CW,79.44498443603516,1.175475835800171,0.08363647758960724,24.084379196166992,1.3148596286773682,45.47101593017578
0.9600589000037871,80,CW,79.51341247558594,1.0592187643051147,-0.07219747453927994,24.07793426513672,1.7571771144866943,45.472965240478516
0.9701513000036357,80,CW,79.47486877441406,1.083457112312317,0.03656594455242157,24.074710845947266,1.5095844268798828,45.47492218017578
0.980132800003048,80,CW,79.47154998779297,1.268679141998291,0.0345117524266243,24.0908260345459,1.8641189336776733,45.47787094116211
0.9901480999978958,80,CW,79.47138214111328,0.9874334335327148,0.012537986040115356,24.0827693939209,1.5785207748413086,45.4801025390625
1.000259400010691,80,CW,79.43267059326172,1.1242167949676514,0.25378236174583435,24.0827693939209,1.8706854581832886,45.481849670410156
1.0103681000036886,80,CW,79.42948150634766,1.0872676372528076,-0.05473628640174866,24.0827693939209,1.576620101928711,45.48436737060547
1.0203211000043666,80,CW,79.39352416992188,1.0189074277877808,-0.06786885112524033,24.0827693939209,1.602211833000183,45.48670196533203
1.0303453000087757,80,CW,79.3907699584961,0.9499769806861877,-0.10235254466533661,24.074710845947266,1.4280548095703125,45.49061965942383
1.040229600010207,80,CW,79.38758087158203,1.017282485961914,-0.18934522569179535,24.0827693939209,1.6725493669509888,45.493743896484375
1.050209499997436,80,CW,79.34860229492188,1.193563461303711,0.11730242520570755,24.07793426513672,2.0948104858398438,45.49671936035156
1.0605446000117809,80,CW,79.38442993164062,1.176436424255371,-0.09306857734918594,24.081157684326172,1.7547146081924438,45.49955368041992
1.0700416000036057,80,CW,79.38482666015625,1.0916684865951538,0.04733125492930412,24.087602615356445,1.6762615442276,45.5021858215332
1.0803274000063539,80,CW,79.45325469970703,1.0848733186721802,0.05279812216758728,24.081157684326172,1.9027200937271118,45.50598907470703
1.0902052000019467,80,CW,79.45325469970703,1.0081485509872437,-0.005240995436906815,24.079545974731445,1.795916199684143,45.508296966552734
1.1001459000108298,80,CW,79.48562622070312,1.01254403591156,-0.10841935873031616,24.071489334106445,1.4642200469970703,45.50992965698242
1.1102802000095835,80,CW,79.45006561279297,1.3103957176208496,-0.0892128199338913,24.089214324951172,1.923841953277588,45.512306213378906
1.1202008000109345,80,CW,79.51567840576172,1.2714987993240356,0.051286764442920685,24.079545974731445,1.7857775688171387,45.514617919921875
1.1305187000107253,80,CW,79.61708068847656,0.9337136745452881,-0.10285954922437668,24.0908260345459,1.5416358709335327,45.516357421875
1.140383899997687,80,CW,79.65015411376953,0.9635307788848877,-0.05884595587849617,24.076322555541992,1.6553645133972168,45.51801681518555
1.15026310000394,80,CW,79.64998626708984,0.9764129519462585,0.10996852070093155,24.06987762451172,1.6345186233520508,45.519840240478516
1.160325400007423,80,CW,79.71472930908203,1.0246827602386475,0.03666040301322937,24.076322555541992,1.6311533451080322,45.521331787109375
1.170429999998305,80,CW,79.67571258544922,1.0627962350845337,0.12489856034517288,24.076322555541992,1.5195008516311646,45.52418899536133
1.1800558000104502,80,CW,79.67295837402344,1.1121490001678467,-0.07157999277114868,24.06987762451172,1.9061036109924316,45.526302337646484
1.1903109999984736,80,CW,79.59762573242188,0.9114564657211304,-0.19981639087200165,24.084379196166992,1.4350974559783936,45.52769088745117
1.2001349000056507,80,CW,79.59141540527344,1.0725047588348389,-0.04812517762184143,24.076322555541992,1.9052107334136963,45.529319763183594
1.2104188000084832,80,CW,79.65948486328125,1.2486292123794556,-0.1634502410888672,24.076322555541992,1.7653303146362305,45.53102493286133
1.2202890000044135,80,CW,79.62711334228516,1.1949100494384766,-0.05342276766896248,24.08599090576172,1.6378812789916992,45.533226013183594
1.2302439000050072,80,CW,79.62379455566406,1.159645676612854,-0.09481041878461838,24.081157684326172,1.533033847808838,45.53538513183594
1.24024620000273,80,CW,79.58438110351562,1.163985013961792,0.2238227128982544,24.08599090576172,1.8575009107589722,45.53692626953125
1.2502800000074785,80,CW,79.57804107666016,1.1174288988113403,-0.0745551809668541,24.087602615356445,1.8091025352478027,45.53901290893555
1.2605455000011716,80,CW,79.60997772216797,0.9470981955528259,-0.48990514874458313,24.0827693939209,1.7695302963256836,45.54039001464844
1.2700354999979027,80,CW,79.57112884521484,1.0863620042800903,0.187881201505661,24.0827693939209,1.4737142324447632,45.54230499267578
1.28049170000304,80,CW,79.57112884521484,1.0356017351150513,0.15477728843688965,24.081157684326172,1.64323890209198,45.54375076293945
1.2902630000025965,80,CW,79.57112884521484,1.2175880670547485,0.1420869678258896,24.07793426513672,1.6968168020248413,45.5457649230957
1.3003301999997348,80,CW,79.63932800292969,1.1494158506393433,0.014908850193023682,24.076322555541992,1.7440780401229858,45.548152923583984
1.310165600007167,80,CW,79.63876342773438,1.0460307598114014,-0.2936125099658966,24.07793426513672,1.448258876800537,45.55036544799805
1.3201783999975305,80,CW,79.59659576416016,0.9627438187599182,-0.1132097914814949,24.081157684326172,1.5247101783752441,45.55202102661133
1.3300473999988753,80,CW,79.59300994873047,1.0211296081542969,-0.26963183283805847,24.066654205322266,1.7885524034500122,45.55364990234375
1.3404254000051878,80,CW,79.55744934082031,1.1037189960479736,0.33234891295433044,24.09404945373535,1.6356860399246216,45.55684280395508
1.350086000005831,80,CW,79.55744934082031,1.0887633562088013,-0.03469990938901901,24.079545974731445,1.9612922668457031,45.55928039550781
1.3601465000101598,80,CW,79.55469512939453,1.2079628705978394,-0.059436336159706116,24.084379196166992,1.5992817878723145,45.56122589111328
1.3701336000085576,80,CW,79.55160522460938,1.1268062591552734,0.11928994208574295,24.0908260345459,1.6923058032989502,45.56299591064453
1.3804147000046214,80,CW,79.65217590332031,0.9916883111000061,-0.3258180320262909,24.07793426513672,1.7624239921569824,45.56552505493164
1.3900589000113541,80,CW,79.71688079833984,0.9704728722572327,-0.13983063399791718,24.076322555541992,1.517960786819458,45.56706619262695
1.400163500002236,80,CW,79.68132019042969,1.1158877611160278,0.1097063273191452,24.07793426513672,1.652836799621582,45.56892776489258
1.4103624999988824,80,CW,79.60980224609375,1.080127477645874,-0.061188142746686935,24.084379196166992,1.916773796081543,45.571102142333984
1.4204576000047382,80,CW,79.57051849365234,1.070046067237854,-0.20918062329292297,24.07793426513672,1.530016541481018,45.57236099243164
1.4302445000066655,80,CW,79.60289001464844,1.099515676498413,0.17696818709373474,24.0827693939209,1.8061822652816772,45.57343673706055
1.4402337000065017,80,CW,79.67108917236328,1.0301536321640015,-0.16149267554283142,24.0827693939209,1.6216418743133545,45.57453918457031
1.450341900010244,80,CW,79.7041244506836,1.0990386009216309,0.03340448439121246,24.0827693939209,1.7378970384597778,45.577083587646484
1.460266900001443,80,CW,79.7041244506836,1.004921793937683,0.14225026965141296,24.081157684326172,1.9032591581344604,45.57911682128906
1.4704664000018965,80,CW,79.7041244506836,1.1894786357879639,-0.15522174537181854,24.081157684326172,1.8741496801376343,45.580387115478516
1.4805140000098618,80,CW,79.66856384277344,0.981590986251831,-0.07727940380573273,24.087602615356445,2.0048389434814453,45.581729888916016
1.4902760999975726,80,CW,79.6323013305664,1.1627379655838013,-0.0927923396229744,24.081157684326172,1.4268295764923096,45.583412170410156
1.5001296999980696,80,CW,79.59634399414062,1.1411770582199097,-0.07667848467826843,24.079545974731445,1.550443172454834,45.58521270751953
1.5101462000020547,80,CW,79.62871551513672,1.0500288009643555,-0.029228977859020233,24.079545974731445,1.4402270317077637,45.58662033081055
1.5201628000068013,80,CW,79.62552642822266,0.9758203625679016,-0.11494597792625427,24.081157684326172,1.8280527591705322,45.588138580322266
1.5300530000095023,80,CW,79.5899658203125,0.9938874244689941,-0.10122256726026535,24.071489334106445,1.4826475381851196,45.5904426574707
1.540075099997921,80,CW,79.6223373413086,1.1645604372024536,0.14604751765727997,24.08599090576172,1.6561400890350342,45.592445373535156
1.5501043999975082,80,CW,79.65125274658203,1.178928017616272,0.16787749528884888,24.081157684326172,1.7987353801727295,45.594303131103516
1.560463300003903,80,CW,79.60921478271484,1.1078282594680786,0.09735727310180664,24.07793426513672,1.6147537231445312,45.596946716308594
1.570087300002342,80,CW,79.60562896728516,1.0942485332489014,0.1817503720521927,24.08599090576172,1.6209288835525513,45.59880065917969
1.5802220000041416,80,CW,79.5698013305664,1.0150175094604492,0.07158079743385315,24.084379196166992,1.626879334449768,45.60053253173828
1.5903094000095734,80,CW,79.5698013305664,0.9709001183509827,-0.019371449947357178,24.066654205322266,1.9249480962753296,45.60247039794922
1.600353100002394,80,CW,79.53424072265625,1.1142675876617432,0.3779181241989136,24.08599090576172,1.4285809993743896,45.60521697998047
1.6105523000005633,80,CW,79.56661224365234,1.0888525247573853,-0.18925248086452484,24.074710845947266,1.473618745803833,45.607852935791016
1.6202061000076355,80,CW,79.53105163574219,0.9565051198005676,-0.06599535793066025,24.074710845947266,1.6353400945663452,45.60996627807617
1.6304189000074985,80,CW,79.49549102783203,1.0919239521026611,0.004955284297466278,24.081157684326172,1.7084780931472778,45.61321258544922
1.6402787000115495,80,CW,79.49190521240234,1.1914485692977905,-0.0641598030924797,24.084379196166992,1.4440420866012573,45.615570068359375
1.6504833000071812,80,CW,79.52427673339844,0.9351652264595032,-0.14910584688186646,24.07793426513672,1.6015715599060059,45.61812210083008
1.660193600007915,80,CW,79.52427673339844,1.1200244426727295,-0.005349352955818176,24.0827693939209,1.5307118892669678,45.62040710449219
1.6702727000083541,80,CW,79.55664825439453,1.2271168231964111,0.13641461730003357,24.07793426513672,1.8188345432281494,45.62380599975586
1.6802686000009999,80,CW,79.62484741210938,0.9278664588928223,-0.2147759348154068,24.081157684326172,1.6599974632263184,45.62556457519531
1.6904998000100022,80,CW,79.72581481933594,1.0257740020751953,0.026031039655208588,24.076322555541992,1.4158035516738892,45.626407623291016
1.7205015000072308,80,CW,79.71632385253906,1.210421085357666,-0.018109314143657684,24.100494384765625,1.8254599571228027,45.63066101074219
1.7256498000060674,80,CW,79.679931640625,0.9727416634559631,-0.49175208806991577,24.081157684326172,1.6194807291030884,45.6312255859375
1.729709000006551,80,CW,79.64410400390625,0.9921926259994507,0.1279904544353485,24.097270965576172,1.5991183519363403,45.63200378417969
1.733457599999383,80,CW,79.6085433959961,1.0546504259109497,-0.05199403315782547,24.07309913635254,1.528907299041748,45.632408142089844
1.740186700000777,80,CW,79.60810852050781,1.1210604906082153,-0.031086314469575882,24.08599090576172,1.7543429136276245,45.633426666259766
1.750442500007921,80,CW,79.60810852050781,0.9935892820358276,0.1320350170135498,24.087602615356445,1.7146484851837158,45.635154724121094
1.7601666999980807,80,CW,79.57254791259766,1.2018237113952637,-0.007597148418426514,24.0827693939209,1.6606475114822388,45.63789749145508
1.7703380000020843,80,CW,79.53400421142578,1.036911129951477,-0.0751902312040329,24.076322555541992,1.7234419584274292,45.639705657958984
1.7801982000091812,80,CW,79.49844360351562,1.2009882926940918,0.37576544284820557,24.087602615356445,1.4988733530044556,45.642494201660156
1.7902671000047121,80,CW,79.49187469482422,1.1700910329818726,-0.05315907299518585,24.0827693939209,1.7267465591430664,45.64550018310547
1.8002876000100514,80,CW,79.52424621582031,1.1226081848144531,0.04679778590798378,24.074710845947266,1.988210678100586,45.647361755371094
1.8103718000056688,80,CW,79.52424621582031,1.111431360244751,0.029544934630393982,24.07793426513672,1.575831413269043,45.6497688293457
1.8203255999978865,80,CW,79.52088928222656,1.1414040327072144,-0.1306157410144806,24.0827693939209,1.822840929031372,45.65291976928711
1.8302304000098957,80,CW,79.55077362060547,1.0756471157073975,-0.02176341414451599,24.081157684326172,1.7611486911773682,45.65480422973633
1.8402484000107506,80,CW,79.54483032226562,1.2224550247192383,0.0932178646326065,24.0827693939209,1.6733733415603638,45.65775680541992
1.850250400006189,80,CW,79.61302947998047,1.2208530902862549,-0.004380859434604645,24.074710845947266,1.5369069576263428,45.66096878051758
1.860299699997995,80,CW,79.6098403930664,0.8588425517082214,-0.05230000242590904,24.084379196166992,1.5263597965240479,45.66307830810547
1.8701001000008546,80,CW,79.6069564819336,0.9866159558296204,-0.13003577291965485,24.084379196166992,1.7681195735931396,45.664859771728516
1.8800746000051731,80,CW,79.6069564819336,1.100965142250061,-0.05956362187862396,24.074710845947266,1.767385721206665,45.66673278808594
1.8900881000008667,80,CW,79.57149505615234,1.1139522790908813,-0.046787410974502563,24.084379196166992,1.843097448348999,45.66898727416992
1.9004140000033658,80,CW,79.607421875,1.0300652980804443,-0.2368074655532837,24.07793426513672,1.8173877000808716,45.67063522338867
1.9104463000112446,80,CW,79.60765075683594,1.2006539106369019,0.18767523765563965,24.084379196166992,1.9176610708236694,45.67215347290039
1.9202172000077553,80,CW,79.6407241821289,1.1620159149169922,0.1699414998292923,24.08599090576172,1.9048830270767212,45.67446517944336
1.930093200004194,80,CW,79.6407241821289,1.0586174726486206,-0.026746824383735657,24.076322555541992,1.5449934005737305,45.67620849609375
1.940513200010173,80,CW,79.53341674804688,1.0379831790924072,0.14748382568359375,24.084379196166992,1.5541061162948608,45.67815017700195
1.9505699000001187,80,CW,79.60188293457031,1.0400586128234863,0.0962107852101326,24.081157684326172,1.537803053855896,45.680240631103516
1.9602037000004202,80,CW,79.56632232666016,0.9966345429420471,0.027195513248443604,24.08599090576172,1.3927651643753052,45.682037353515625
1.9702096000110032,80,CW,79.63448333740234,1.1115363836288452,-0.1242184191942215,24.092437744140625,1.6092904806137085,45.683494567871094
1.9802371000114363,80,CW,79.63129425048828,1.1957504749298096,0.01611543633043766,24.084379196166992,1.921873688697815,45.68539810180664
1.9902399999991758,80,CW,79.59237670898438,1.1222498416900635,-0.045404136180877686,24.08599090576172,1.6988482475280762,45.68782424926758
3.700013621710241e-06,10,CCW,-10.095873832702637,-0.3848741054534912,-0.016581498086452484,24.092437744140625,0.10607217252254486,42.27690124511719
0.010236900008749217,10,CCW,-9.923812866210938,-0.32436907291412354,-0.01592072658240795,24.084379196166992,0.1232515200972557,42.27667236328125
0.020228800000040792,10,CCW,-9.962396621704102,-0.3844299614429474,-0.05252824351191521,24.089214324951172,0.12838664650917053,42.27641296386719
0.030063700003665872,10,CCW,-9.962660789489746,-0.28375110030174255,0.13982480764389038,24.0908260345459,0.11606357246637344,42.276309967041016
0.04011650000757072,10,CCW,-9.969301223754883,-0.38426679372787476,0.028393611311912537,24.0827693939209,0.12552577257156372,42.2761116027832
0.0503822000027867,10,CCW,-9.939605712890625,-0.42441725730895996,0.0065508633852005005,24.084379196166992,0.13589920103549957,42.27597427368164
0.06036550000135321,10,CCW,-9.871047019958496,-0.3962652385234833,-0.043267738074064255,24.095659255981445,0.13921156525611877,42.27578353881836
0.07045780000044033,10,CCW,-9.978001594543457,-0.39620938897132874,-0.06999464333057404,24.089214324951172,0.11841162294149399,42.27570724487305
0.08007640000141691,10,CCW,-9.920247077941895,-0.40119469165802,0.06615668535232544,24.087602615356445,0.09976786375045776,42.27564239501953
0.09038950000831392,10,CCW,-9.987921714782715,-0.4438197612762451,-0.03199726715683937,24.0908260345459,0.11647697538137436,42.27552032470703
0.10017770000558812,10,CCW,-10.059706687927246,-0.4692079424858093,-0.036822278052568436,24.0988826751709,0.12216067314147949,42.27530288696289
0.11042200001247693,10,CCW,-9.955978393554688,-0.39725261926651,-0.11993317306041718,24.097270965576172,0.1409541815519333,42.27507019042969
0.12051760000758804,10,CCW,-9.96175479888916,-0.35838407278060913,0.028594236820936203,24.092437744140625,0.12970109283924103,42.274845123291016
0.13002600001345854,10,CCW,-9.965336799621582,-0.43966004252433777,0.08772212266921997,24.08599090576172,0.1209367960691452,42.27476119995117
0.14019970000663307,10,CCW,-9.936413764953613,-0.4520482122898102,0.03814975544810295,24.09404945373535,0.1285412758588791,42.27467346191406
0.15023340001062024,10,CCW,-9.873910903930664,-0.4387627840042114,0.0005692262202501297,24.0827693939209,0.13827015459537506,42.274658203125
0.16018679999979213,10,CCW,-9.805746078491211,-0.3968578577041626,0.04081809148192406,24.09404945373535,0.12116602808237076,42.274662017822266
0.17018780000216793,10,CCW,-9.945378303527832,-0.3744378387928009,-0.10982062667608261,24.092437744140625,0.13412654399871826,42.27471160888672
0.18046820000745356,10,CCW,-9.92358112335205,-0.4319336414337158,0.030121220275759697,24.08599090576172,0.0993562862277031,42.27470016479492
0.19031330000143498,10,CCW,-9.994443893432617,-0.49158310890197754,-0.02912984788417816,24.089214324951172,0.11683516204357147,42.274532318115234
0.2000747000129195,10,CCW,-10.066228866577148,-0.38891997933387756,-0.10204616189002991,24.097270965576172,0.13265518844127655,42.27442932128906
0.2102836000121897,10,CCW,-9.962726593017578,-0.3861978054046631,0.00018739700317382812,24.0988826751709,0.13596107065677643,42.274192810058594
0.22017710001091473,10,CCW,-9.965617179870605,-0.36090314388275146,0.13987696170806885,24.100494384765625,0.11314957588911057,42.27399826049805
0.2305221000133315,10,CCW,-9.998424530029297,-0.4178805649280548,0.13294430077075958,24.09404945373535,0.10596229881048203,42.273860931396484
0.240119300011429,10,CCW,-10.005064964294434,-0.42903196811676025,-0.005888326559215784,24.087602615356445,0.11027924716472626,42.27363967895508
0.27356700001109857,10,CCW,-9.818649291992188,-0.38825568556785583,-0.18287047743797302,24.095659255981445,0.1281847357749939,42.273494720458984
0.2778056000097422,10,CCW,-9.854438781738281,-0.37263110280036926,-0.024826494976878166,24.087602615356445,0.13102565705776215,42.273475646972656
0.2821107000054326,10,CCW,-9.962310791015625,-0.4213080406188965,-0.03448403254151344,24.089214324951172,0.12301386892795563,42.27341842651367
0.2855324000120163,10,CCW,-9.926483154296875,-0.42641112208366394,0.0016239993274211884,24.097270965576172,0.11395779997110367,42.27333450317383
0.2904586000076961,10,CCW,-10.033173561096191,-0.37435537576675415,-0.018363621085882187,24.0908260345459,0.12400376051664352,42.27326202392578
0.30020700000750367,10,CCW,-10.036323547363281,-0.38661977648735046,0.043177831918001175,24.092437744140625,0.1015702486038208,42.27309036254883
0.31021950001013465,10,CCW,-9.932821273803711,-0.34783321619033813,-0.027720699086785316,24.08599090576172,0.12016218900680542,42.27292251586914
0.32031160000769887,10,CCW,-9.902904510498047,-0.3807543218135834,0.12071993947029114,24.092437744140625,0.10988873243331909,42.27284240722656
0.3300413000106346,10,CCW,-9.906318664550781,-0.381594181060791,-0.07195227593183517,24.09404945373535,0.14522133767604828,42.27287292480469
0.34028760000364855,10,CCW,-9.94576644897461,-0.40208208560943604,-0.022321583703160286,24.095659255981445,0.12713558971881866,42.2726936340332
0.3502205000113463,10,CCW,-9.951898574829102,-0.35281357169151306,-0.041966766119003296,24.087602615356445,0.1401403248310089,42.272621154785156
0.36043650000647176,10,CCW,-9.883469581604004,-0.37948670983314514,0.1576935201883316,24.095659255981445,0.1196703314781189,42.272579193115234
0.37019680000958033,10,CCW,-9.916147232055664,-0.43079549074172974,0.052830882370471954,24.0908260345459,0.12274203449487686,42.272544860839844
0.380434000006062,10,CCW,-9.998246192932129,-0.4028540253639221,-0.032808784395456314,24.0908260345459,0.12860877811908722,42.272621154785156
0.3902412000024924,10,CCW,-10.03354549407959,-0.4515000283718109,-0.08143268525600433,24.0908260345459,0.12208370119333267,42.27237319946289
0.4002768000063952,10,CCW,-10.072484970092773,-0.37900811433792114,0.002028506249189377,24.092437744140625,0.09635734558105469,42.27204132080078
0.4102016000106232,10,CCW,-9.968982696533203,-0.3796614706516266,0.072469562292099,24.0908260345459,0.13997985422611237,42.271785736083984
0.42048880000947975,10,CCW,-9.974629402160645,-0.4615742564201355,0.08683828264474869,24.0908260345459,0.11110159754753113,42.271610260009766
0.4301224000082584,10,CCW,-9.942254066467285,-0.4125080406665802,0.028033779934048653,24.08599090576172,0.13618196547031403,42.271507263183594
0.440127100009704,10,CCW,-9.948894500732422,-0.35405993461608887,-0.04415560141205788,24.0908260345459,0.1331869512796402,42.271453857421875
0.45042860000103246,10,CCW,-9.922219276428223,-0.40949225425720215,0.01219816505908966,24.103717803955078,0.13240543007850647,42.271453857421875
0.46015060000354424,10,CCW,-9.921955108642578,-0.3872853219509125,0.03718295320868492,24.092437744140625,0.10064788907766342,42.271331787109375
0.4702974000101676,10,CCW,-9.954632759094238,-0.39112550020217896,-0.00530647486448288,24.089214324951172,0.10876020789146423,42.271324157714844
0.48030300000391435,10,CCW,-10.036337852478027,-0.4916938543319702,-0.09132862091064453,24.092437744140625,0.11456740647554398,42.27116775512695
0.49037220000172965,10,CCW,-10.071372985839844,-0.397261381149292,0.0529385507106781,24.092437744140625,0.12262402474880219,42.27080535888672
0.5002751000138232,10,CCW,-10.110312461853027,-0.37861505150794983,0.06184394285082817,24.0827693939209,0.13773038983345032,42.27046203613281
0.5102834999997867,10,CCW,-10.006848335266113,-0.3936395049095154,-0.07480005919933319,24.097270965576172,0.1199035495519638,42.27018737792969
0.5203876000014134,10,CCW,-9.97706127166748,-0.39745116233825684,0.006414899602532387,24.092437744140625,0.10479386150836945,42.27004623413086
0.5304252000059932,10,CCW,-9.944518089294434,-0.38255754113197327,-0.12002493441104889,24.087602615356445,0.14993466436862946,42.2700080871582
0.5401824000000488,10,CCW,-9.88003158569336,-0.3758396804332733,-0.0985783115029335,24.097270965576172,0.14370837807655334,42.269962310791016
0.5500973000016529,10,CCW,-9.817399024963379,-0.28612378239631653,-0.011335141956806183,24.100494384765625,0.10674753040075302,42.2700309753418
0.560162500012666,10,CCW,-9.78134536743164,-0.4237467050552368,0.09024970978498459,24.084379196166992,0.09679699689149857,42.2701301574707
0.5701788000005763,10,CCW,-9.84985065460205,-0.38278928399086,-0.012583108618855476,24.07793426513672,0.13097631931304932,42.27027893066406
0.58007730000827,10,CCW,-9.93155574798584,-0.32267361879348755,-0.05527951568365097,24.09404945373535,0.12667526304721832,42.270259857177734
0.590526800006046,10,CCW,-10.103428840637207,-0.3306354880332947,-0.029888145625591278,24.0908260345459,0.11334021389484406,42.2700309753418
0.6003182000131346,10,CCW,-10.14236831665039,-0.35954487323760986,-0.03190978243947029,24.087602615356445,0.09451183676719666,42.26976776123047
0.610427300009178,10,CCW,-10.03886604309082,-0.40201759338378906,0.09145446121692657,24.0988826751709,0.11861159652471542,42.26945114135742
0.6204388000041945,10,CCW,-9.973121643066406,-0.376086562871933,0.18437878787517548,24.09404945373535,0.13185523450374603,42.269264221191406
0.6304378000058932,10,CCW,-9.940520286560059,-0.4259054362773895,-0.053582463413476944,24.084379196166992,0.13144604861736298,42.2691535949707
0.6404180000099586,10,CCW,-9.982988357543945,-0.37167757749557495,-0.01818990148603916,24.0908260345459,0.14686524868011475,42.26902770996094
0.6504240000067512,10,CCW,-9.956745147705078,-0.39641135931015015,-0.03194538131356239,24.09404945373535,0.12095531821250916,42.268959045410156
0.6603204000130063,10,CCW,-9.88831615447998,-0.3923717439174652,0.08570901304483414,24.092437744140625,0.09362420439720154,42.268802642822266
0.6701652000047034,10,CCW,-9.88818645477295,-0.36708053946495056,-0.037356819957494736,24.092437744140625,0.12242908030748367,42.26879119873047
0.6805015000136336,10,CCW,-10.002266883850098,-0.41609978675842285,-0.1279219388961792,24.09404945373535,0.13485409319400787,42.26863098144531
0.6904958000086481,10,CCW,-10.105504989624023,-0.35611268877983093,-0.018080927431583405,24.089214324951172,0.14082100987434387,42.26845169067383
0.7000841000117362,10,CCW,-10.177251815795898,-0.34265410900115967,-0.04230587184429169,24.0908260345459,0.12661482393741608,42.268150329589844
0.7102013000112493,10,CCW,-10.037921905517578,-0.41455796360969543,0.014021679759025574,24.084379196166992,0.13389840722084045,42.267921447753906
0.720128000000841,10,CCW,-10.004984855651855,-0.4076942503452301,-0.01149393618106842,24.100494384765625,0.1113610789179802,42.26774215698242
0.730405599999358,10,CCW,-9.972383499145508,-0.4271070063114166,-0.02613578736782074,24.079545974731445,0.132417693734169,42.26755142211914
0.7404830000014044,10,CCW,-9.975835800170898,-0.39032548666000366,0.004625385627150536,24.081157684326172,0.14615701138973236,42.26737976074219
0.7502483000134816,10,CCW,-9.881427764892578,-0.35227319598197937,0.06309856474399567,24.0988826751709,0.11867108196020126,42.26740264892578
0.7602356999996118,10,CCW,-9.845335960388184,-0.44440871477127075,0.0032886043190956116,24.105329513549805,0.14172610640525818,42.2675666809082
0.7705058000137797,10,CCW,-9.8780517578125,-0.42382436990737915,0.07837896049022675,24.089214324951172,0.13469749689102173,42.26763153076172
0.7805151000065962,10,CCW,-9.959756851196289,-0.43831413984298706,-0.10226532816886902,24.0988826751709,0.12318824231624603,42.267578125
0.790309400006663,10,CCW,-10.030619621276855,-0.3464755117893219,-0.02515450119972229,24.084379196166992,0.13471633195877075,42.267417907714844
0.8002847000025213,10,CCW,-10.069559097290039,-0.37655413150787354,0.007489100098609924,24.097270965576172,0.11083423346281052,42.267215728759766
0.8101480000041192,10,CCW,-9.93368148803711,-0.4077940583229065,0.15462663769721985,24.103717803955078,0.10583242774009705,42.267147064208984
0.8201105000043754,10,CCW,-9.939722061157227,-0.40779802203178406,0.01917741447687149,24.09404945373535,0.12122947722673416,42.26706314086914
0.8301837000035448,10,CCW,-10.011242866516113,-0.3258306384086609,0.0016763675957918167,24.0988826751709,0.14071771502494812,42.26690673828125
0.8402956000063568,10,CCW,-10.079877853393555,-0.38963761925697327,0.027678929269313812,24.0827693939209,0.1242556944489479,42.26662826538086
0.8502844000031473,10,CCW,-10.021259307861328,-0.3233472406864166,0.022865422070026398,24.089214324951172,0.1016499474644661,42.266483306884766
0.8601997000077972,10,CCW,-9.988619804382324,-0.3690547049045563,0.0403251051902771,24.0908260345459,0.11206033080816269,42.266456604003906
0.8702088000136428,10,CCW,-9.98550796508789,-0.46091198921203613,-0.11229445040225983,24.103717803955078,0.12870924174785614,42.26637268066406
0.8805178000038723,10,CCW,-10.031649589538574,-0.3812510371208191,-0.06021283566951752,24.092437744140625,0.13987861573696136,42.26618957519531
0.8904190000030212,10,CCW,-10.06668472290039,-0.3743056058883667,-0.0642254501581192,24.0908260345459,0.14544133841991425,42.26585006713867
0.9004463000019314,10,CCW,-10.138431549072266,-0.3194133937358856,-0.02055676281452179,24.095659255981445,0.1130526214838028,42.26556396484375
0.9104396000038832,10,CCW,-10.034929275512695,-0.4542865753173828,0.07608667016029358,24.087602615356445,0.08103477209806442,42.26538848876953
0.9201482000062242,10,CCW,-10.001992225646973,-0.39547038078308105,0.03461204841732979,24.0908260345459,0.13121899962425232,42.2651481628418
0.9304331000021193,10,CCW,-10.005180358886719,-0.4095301032066345,-0.02420903742313385,24.08599090576172,0.14275796711444855,42.26496505737305
0.940176900010556,10,CCW,-10.041007995605469,-0.359377384185791,-0.10817328095436096,24.09404945373535,0.13614574074745178,42.26475143432617
0.950188300004811,10,CCW,-9.94958209991455,-0.38217970728874207,0.0759412869811058,24.0908260345459,0.10729875415563583,42.264671325683594
0.9605228000000352,10,CCW,-9.84536361694336,-0.3633381128311157,-0.01575521193444729,24.089214324951172,0.13035252690315247,42.264549255371094
0.9700907000078587,10,CCW,-9.88119125366211,-0.44114285707473755,0.019782109186053276,24.089214324951172,0.12789711356163025,42.26464080810547
0.9801484000054188,10,CCW,-9.962896347045898,-0.34208783507347107,-0.041447389870882034,24.084379196166992,0.12757614254951477,42.264522552490234
0.990240500002983,10,CCW,-10.033759117126465,-0.32931700348854065,-0.1547035574913025,24.087602615356445,0.11713780462741852,42.26428985595703
1.0003616000030888,10,CCW,-10.105073928833008,-0.3108402192592621,-0.014856159687042236,24.084379196166992,0.09948601573705673,42.264259338378906
1.0100697000016226,10,CCW,-10.001307487487793,-0.4387305676937103,0.019677527248859406,24.095659255981445,0.07012239843606949,42.26410675048828
1.0200855000002775,10,CCW,-10.004327774047852,-0.39303094148635864,0.07588522881269455,24.087602615356445,0.12977179884910583,42.2639045715332
1.0301871000119718,10,CCW,-10.007515907287598,-0.3477133810520172,0.00812753289937973,24.097270965576172,0.13527561724185944,42.26368713378906
1.0404422999999952,10,CCW,-10.111714363098145,-0.32056325674057007,-0.10598742961883545,24.071489334106445,0.12704525887966156,42.263614654541016
1.050352300007944,10,CCW,-10.017306327819824,-0.2876846492290497,-0.0550025999546051,24.092437744140625,0.1376228779554367,42.26348114013672
1.0604773000086425,10,CCW,-9.877524375915527,-0.4171101748943329,-0.014041957445442677,24.092437744140625,0.11249962449073792,42.26332092285156
1.070101400007843,10,CCW,-9.841437339782715,-0.44178688526153564,0.016986528411507607,24.089214324951172,0.14215295016765594,42.26346206665039
1.080067600007169,10,CCW,-9.818852424621582,-0.38053464889526367,-0.05621009320020676,24.079545974731445,0.12810562551021576,42.26332092285156
1.0905207000032533,10,CCW,-9.961629867553711,-0.3130563199520111,-0.04393528774380684,24.092437744140625,0.134548157453537,42.26331329345703
1.10050540001248,10,CCW,-10.033544540405273,-0.3979268968105316,-0.03873249143362045,24.08599090576172,0.12856121361255646,42.26329040527344
1.1101237000111723,10,CCW,-9.965605735778809,-0.39621445536613464,-0.03978455066680908,24.089214324951172,0.14505170285701752,42.263214111328125
1.1200799000071129,10,CCW,-10.007603645324707,-0.4025110602378845,-0.0651104599237442,24.0908260345459,0.14182636141777039,42.26298522949219
1.13051090000954,10,CCW,-10.010791778564453,-0.45860910415649414,0.028513319790363312,24.0908260345459,0.1397109031677246,42.26273727416992
1.1403699000074994,10,CCW,-10.114990234375,-0.4438149631023407,-0.03187192231416702,24.097270965576172,0.13197901844978333,42.26258087158203
1.1508088000118732,10,CCW,-9.991189002990723,-0.37298229336738586,0.020189041271805763,24.089214324951172,0.12838998436927795,42.26247024536133
1.1600309000059497,10,CCW,-9.990924835205078,-0.3631877601146698,-0.012203961610794067,24.097270965576172,0.09110520780086517,42.2624397277832
1.1702528000023449,10,CCW,-9.91921615600586,-0.4554833769798279,-0.0665990561246872,24.095659255981445,0.15404438972473145,42.26241683959961
1.1802310000057332,10,CCW,-9.932982444763184,-0.3973694145679474,-0.13046489655971527,24.09404945373535,0.1323481798171997,42.26246643066406
1.1902508000057423,10,CCW,-9.971037864685059,-0.39160746335983276,-0.022845931351184845,24.09404945373535,0.12148508429527283,42.26237487792969
1.2002427000115858,10,CCW,-10.042784690856934,-0.41407719254493713,0.0785435363650322,24.095659255981445,0.11805152148008347,42.26231384277344
1.2101822000113316,10,CCW,-9.939282417297363,-0.39618751406669617,0.0027179457247257233,24.087602615356445,0.1081317812204361,42.26216506958008
1.2203640000079758,10,CCW,-9.978130340576172,-0.5315424203872681,0.002673434093594551,24.089214324951172,0.12936733663082123,42.26199722290039
1.2302823000063654,10,CCW,-10.017107963562012,-0.352830171585083,-0.09038738161325455,24.087602615356445,0.12245262414216995,42.261749267578125
1.240071500011254,10,CCW,-10.085742950439453,-0.3571941554546356,-0.0963706225156784,24.092437744140625,0.1274452805519104,42.26152801513672
1.2691674000088824,10,CCW,-9.922306060791016,-0.3857314884662628,-0.006921537220478058,24.0988826751709,0.12673673033714294,42.26150131225586
1.2736701000103494,10,CCW,-9.993697166442871,-0.3580573499202728,-0.11528892070055008,24.092437744140625,0.14532138407230377,42.261390686035156
1.277142900013132,10,CCW,-9.896571159362793,-0.4098779857158661,0.006370339542627335,24.092437744140625,0.12501540780067444,42.26145553588867
1.2810068000108004,10,CCW,-9.968317985534668,-0.4086201786994934,-0.05870339274406433,24.095659255981445,0.12206657230854034,42.261375427246094
1.2901074000110384,10,CCW,-9.967789649963379,-0.37303027510643005,-0.1036967784166336,24.089214324951172,0.13257205486297607,42.261253356933594
1.3002449000050547,10,CCW,-9.970939636230469,-0.5366052985191345,0.06729048490524292,24.0908260345459,0.12545040249824524,42.26127624511719
1.3101584000105504,10,CCW,-9.903000831604004,-0.46298518776893616,-0.04256923124194145,24.081157684326172,0.14358384907245636,42.261199951171875
1.3202084000076866,10,CCW,-9.905853271484375,-0.365670770406723,0.010854922235012054,24.087602615356445,0.12731043994426727,42.26118469238281
1.3300626000127522,10,CCW,-9.97379207611084,-0.32263892889022827,-0.0036528483033180237,24.095659255981445,0.14483818411827087,42.26101303100586
1.340116900013527,10,CCW,-10.081140518188477,-0.48736223578453064,-0.09510572999715805,24.100494384765625,0.13652068376541138,42.260894775390625
1.3502126000093995,10,CCW,-10.022089958190918,-0.4309316575527191,-0.0334526002407074,24.09404945373535,0.12096337229013443,42.2608528137207
1.360462100012228,10,CCW,-9.989450454711914,-0.44722428917884827,-0.024145295843482018,24.092437744140625,0.12142801284790039,42.2607536315918
1.3702198000100907,10,CCW,-9.917573928833008,-0.37234020233154297,-0.005275946110486984,24.08599090576172,0.1401127725839615,42.26077651977539
1.3804649000085192,10,CCW,-9.891800880432129,-0.4632546305656433,-0.11845862865447998,24.100494384765625,0.09513873606920242,42.2607536315918
1.3904406000074232,10,CCW,-9.960037231445312,-0.4698715806007385,-0.06046033650636673,24.09404945373535,0.1268690973520279,42.26065444946289
1.4002370000089286,10,CCW,-10.028369903564453,-0.3634335398674011,0.006045429036021233,24.092437744140625,0.09842206537723541,42.260650634765625
1.4104234000114957,10,CCW,-9.960695266723633,-0.43167614936828613,-0.04739421233534813,24.084379196166992,0.11895689368247986,42.260433197021484
1.420339200005401,10,CCW,-9.92775821685791,-0.3352154791355133,0.00148019939661026,24.0988826751709,0.1332462579011917,42.26028823852539
1.4304649000114296,10,CCW,-9.99911117553711,-0.31545892357826233,0.06915479153394699,24.092437744140625,0.11368177086114883,42.260074615478516
1.440265700002783,10,CCW,-10.07089614868164,-0.38588958978652954,-0.04716428369283676,24.08599090576172,0.11060662567615509,42.25994873046875
1.450408000004245,10,CCW,-10.012709617614746,-0.4167334735393524,0.006507422775030136,24.0908260345459,0.13400748372077942,42.260009765625
1.4602168000128586,10,CCW,-9.87862777709961,-0.4684142768383026,-0.1389155387878418,24.07793426513672,0.15210658311843872,42.25999069213867
1.47036580000713,10,CCW,-9.842708587646484,-0.37573176622390747,-0.010719940066337585,24.09404945373535,0.1282479465007782,42.26009750366211
1.48030710000603,10,CCW,-9.852499008178711,-0.40781086683273315,0.003557838499546051,24.089214324951172,0.11280808597803116,42.26011276245117
1.4902927000075579,10,CCW,-9.959712982177734,-0.4027388393878937,0.028792880475521088,24.095659255981445,0.13656657934188843,42.260128021240234
1.500321100000292,10,CCW,-9.995670318603516,-0.476627916097641,0.01936667039990425,24.087602615356445,0.12129691988229752,42.26001739501953
1.5105717000114964,10,CCW,-9.9635591506958,-0.4415867328643799,-0.02509010210633278,24.089214324951172,0.11471423506736755,42.259944915771484
1.5205381000123452,10,CCW,-10.0055570602417,-0.4171292781829834,-0.006670534610748291,24.095659255981445,0.13492804765701294,42.259769439697266
1.5302234000118915,10,CCW,-10.044534683227539,-0.3413936495780945,-0.05479183420538902,24.089214324951172,0.11226204037666321,42.2595100402832
1.540055300007225,10,CCW,-10.151883125305176,-0.36633530259132385,0.001064833253622055,24.092437744140625,0.12015538662672043,42.259300231933594
1.5505456000100821,10,CCW,-10.093696594238281,-0.3985361158847809,0.026220308616757393,24.0908260345459,0.12422250211238861,42.259254455566406
1.5601857000001473,10,CCW,-10.028249740600586,-0.4060942828655243,0.047981809824705124,24.0908260345459,0.11229744553565979,42.25910568237305
1.5701392000046326,10,CCW,-9.989348411560059,-0.39101240038871765,-0.06489767134189606,24.095659255981445,0.13334116339683533,42.258975982666016
1.5800501000048826,10,CCW,-9.93120002746582,-0.40487751364707947,-0.006473265588283539,24.097270965576172,0.12109406292438507,42.25880432128906
1.590034300010302,10,CCW,-9.966629028320312,-0.4487563967704773,0.0923490971326828,24.09404945373535,0.1413680613040924,42.25883102416992
1.600272000010591,10,CCW,-10.002586364746094,-0.4021535813808441,0.0427020899951458,24.089214324951172,0.13968533277511597,42.258750915527344
1.6102800000080606,10,CCW,-9.934647560119629,-0.45322537422180176,-0.0008645709604024887,24.097270965576172,0.11697150021791458,42.258705139160156
1.6203018000087468,10,CCW,-9.97647762298584,-0.4055734872817993,-0.011625256389379501,24.100494384765625,0.1217874065041542,42.25859832763672
1.6304533000075025,10,CCW,-10.047830581665039,-0.3844592571258545,-0.044949956238269806,24.0827693939209,0.10799413174390793,42.258304595947266
1.640465700009372,10,CCW,-10.119485855102539,-0.28160732984542847,-0.016986019909381866,24.08599090576172,0.12463176250457764,42.258094787597656
1.6502615000063088,10,CCW,-10.126482009887695,-0.43294885754585266,-0.007213946431875229,24.0908260345459,0.11358813941478729,42.258087158203125
1.6600447000091663,10,CCW,-9.995420455932617,-0.38128662109375,-0.011698296293616295,24.089214324951172,0.12321922183036804,42.25800704956055
1.6700648000114597,10,CCW,-9.923711776733398,-0.37566280364990234,-0.01212446391582489,24.092437744140625,0.136068657040596,42.257877349853516
1.6802062000060687,10,CCW,-9.86556339263916,-0.30438530445098877,0.1297570765018463,24.097270965576172,0.13580116629600525,42.25784683227539
1.6904273000109242,10,CCW,-9.975533485412598,-0.39526742696762085,-0.12805400788784027,24.08599090576172,0.11279886215925217,42.25779724121094
1.700396100000944,10,CCW,-10.047280311584473,-0.4713345170021057,0.05098196864128113,24.097270965576172,0.11389068514108658,42.25775909423828
1.7105030000093393,10,CCW,-9.949554443359375,-0.4006553292274475,-0.051023002713918686,24.095659255981445,0.10734342038631439,42.257843017578125
1.7202383000112604,10,CCW,-9.952574729919434,-0.3691341280937195,0.00015043467283248901,24.09404945373535,0.12440432608127594,42.257720947265625
1.7301907000073697,10,CCW,-10.023927688598633,-0.34349194169044495,0.05378556624054909,24.097270965576172,0.11469969898462296,42.25751876831055
1.7404182000027504,10,CCW,-10.095582962036133,-0.33233851194381714,0.059914637356996536,24.095659255981445,0.11093109101057053,42.257328033447266
1.7500553000136279,10,CCW,-10.102579116821289,-0.39934802055358887,-0.013068262487649918,24.08599090576172,0.10327456146478653,42.257286071777344
1.7601949000090826,10,CCW,-10.004324913024902,-0.34512293338775635,0.007439693436026573,24.084379196166992,0.10253209620714188,42.25713348388672
1.7703424000064842,10,CCW,-9.935598373413086,-0.37774795293807983,0.012686632573604584,24.089214324951172,0.11475871503353119,42.25705337524414
1.7804028000100516,10,CCW,-9.874035835266113,-0.3238709568977356,0.17091479897499084,24.092437744140625,0.1288900226354599,42.256954193115234
1.7904115000128513,10,CCW,-9.981249809265137,-0.353316992521286,-0.12065821886062622,24.087602615356445,0.12722355127334595,42.256961822509766
1.8004708000080427,10,CCW,-10.052996635437012,-0.367031991481781,0.06953497976064682,24.097270965576172,0.09445560723543167,42.2569580078125
1.8103253000008408,10,CCW,-9.952250480651855,-0.45833620429039,-0.02731320820748806,24.08599090576172,0.12418533116579056,42.25678634643555
1.820322400002624,10,CCW,-9.955270767211914,-0.43292543292045593,-0.1217893734574318,24.084379196166992,0.12334910035133362,42.256736755371094
1.8305223000061233,10,CCW,-10.026623725891113,-0.3025631308555603,0.0044111330062150955,24.081157684326172,0.1469547152519226,42.25657272338867
1.8406226000079187,10,CCW,-10.095258712768555,-0.3043827712535858,0.03549875691533089,24.100494384765625,0.112996406853199,42.25639724731445
1.8505170999997063,10,CCW,-10.102254867553711,-0.4223663806915283,0.062253404408693314,24.087602615356445,0.09507019817829132,42.256290435791016
1.8604084000107832,10,CCW,-9.971193313598633,-0.43120598793029785,-0.0002613924443721771,24.097270965576172,0.12491349130868912,42.256248474121094
1.870331600002828,10,CCW,-9.93825626373291,-0.3971550762653351,0.11592553555965424,24.08599090576172,0.135880246758461,42.2562370300293
1.8802644000097644,10,CCW,-9.880107879638672,-0.34138184785842896,0.10261058062314987,24.087602615356445,0.11195982247591019,42.25619888305664
1.890207200005534,10,CCW,-9.847430229187012,-0.4184876084327698,0.07523389160633087,24.097270965576172,0.09684855490922928,42.2562370300293
1.900394000011147,10,CCW,-9.986889839172363,-0.384900838136673,-0.054750680923461914,24.0908260345459,0.1584043800830841,42.25627517700195
1.9103691000054823,10,CCW,-9.918519020080566,-0.3952290117740631,-0.028082532808184624,24.08599090576172,0.12337599694728851,42.256221771240234
1.9204011000110768,10,CCW,-9.852904319763184,-0.34480586647987366,-0.04454813525080681,24.0908260345459,0.1171882376074791,42.25625228881836
1.9302747000037925,10,CCW,-9.92774772644043,-0.4359349012374878,0.15279673039913177,24.0908260345459,0.09722195565700531,42.256134033203125
1.9403568000125233,10,CCW,-9.996382713317871,-0.3729254901409149,0.08095185458660126,24.095659255981445,0.12750622630119324,42.25617218017578
1.9505289000080666,10,CCW,-10.002985000610352,-0.4408663511276245,-0.09504978358745575,24.08599090576172,0.11641744524240494,42.25615692138672
1.96020960000169,10,CCW,-9.904298782348633,-0.43769150972366333,-0.046937089413404465,24.0988826751709,0.14923126995563507,42.25616455078125
1.9701216000103159,10,CCW,-9.86535930633545,-0.3727283477783203,0.09663782268762589,24.09404945373535,0.12633390724658966,42.25627136230469
1.980162800013204,10,CCW,-9.910977363586426,-0.43017640709877014,0.09901178628206253,24.087602615356445,0.1271531879901886,42.256309509277344
1.9905560000042897,10,CCW,-9.947064399719238,-0.35844019055366516,0.024350684136152267,24.089214324951172,0.1338711529970169,42.25619888305664
3.4999975468963385e-06,20,CCW,-19.76177406311035,-0.4209485352039337,-0.05284588411450386,24.0908260345459,0.2566066086292267,42.58675003051758
0.010076699996716343,20,CCW,-19.696422576904297,-0.4519595205783844,-0.052355412393808365,24.076322555541992,0.27779433131217957,42.58725357055664
0.02032080000208225,20,CCW,-19.771228790283203,-0.47875362634658813,0.040987275540828705,24.076322555541992,0.2673969268798828,42.587806701660156
0.03008120000595227,20,CCW,-19.8099422454834,-0.5216605067253113,0.016754448413848877,24.0908260345459,0.2658691704273224,42.588348388671875
0.04052150000643451,20,CCW,-19.813261032104492,-0.4777815639972687,-0.018736260011792183,24.0908260345459,0.2793440818786621,42.58873748779297
0.05013810000673402,20,CCW,-19.920610427856445,-0.5208243131637573,-0.10597734153270721,24.09404945373535,0.26471254229545593,42.58896255493164
0.06051110000407789,20,CCW,-19.819862365722656,-0.5178272128105164,-0.0036547761410474777,24.084379196166992,0.2460947185754776,42.58928298950195
0.07051980000687763,20,CCW,-19.822921752929688,-0.4254434406757355,0.02140338346362114,24.087602615356445,0.2914443910121918,42.58969497680664
0.08033579999755602,20,CCW,-19.793302536010742,-0.5405399799346924,0.08599710464477539,24.0988826751709,0.2299484759569168,42.59014129638672
0.09044970000104513,20,CCW,-19.76749038696289,-0.43827512860298157,0.04870522767305374,24.079545974731445,0.29696354269981384,42.590423583984375
0.10023609999916516,20,CCW,-19.839012145996094,-0.4901944398880005,0.0670718178153038,24.100494384765625,0.2099723070859909,42.5908203125
0.1102616999996826,20,CCW,-19.8060359954834,-0.5038536190986633,-0.020499296486377716,24.084379196166992,0.24520021677017212,42.59125518798828
0.12010640000517014,20,CCW,-19.809921264648438,-0.5595788955688477,0.15562576055526733,24.103717803955078,0.2537685036659241,42.591705322265625
0.13023560000874568,20,CCW,-19.816259384155273,-0.4913884699344635,-0.0595037043094635,24.08599090576172,0.28218966722488403,42.592220306396484
0.1400454999966314,20,CCW,-19.819448471069336,-0.4135390818119049,0.026808753609657288,24.092437744140625,0.26087304949760437,42.592525482177734
0.15031290000479203,20,CCW,-19.855012893676758,-0.4515098035335541,-0.10922489315271378,24.103717803955078,0.2390415519475937,42.592960357666016
0.16007790000003297,20,CCW,-19.825881958007812,-0.4919034242630005,-0.02686776965856552,24.09404945373535,0.27964287996292114,42.593345642089844
0.1703345999994781,20,CCW,-19.793506622314453,-0.517634928226471,0.12778475880622864,24.09404945373535,0.25229236483573914,42.59378433227539
0.1804340999951819,20,CCW,-19.796262741088867,-0.4682810604572296,-0.006409084424376488,24.09404945373535,0.2744016647338867,42.594329833984375
0.1900647000002209,20,CCW,-19.8388614654541,-0.5177565813064575,0.16740800440311432,24.103717803955078,0.22864975035190582,42.59463882446289
0.20024190000549424,20,CCW,-19.91034507751465,-0.46594712138175964,-0.05845284461975098,24.084379196166992,0.25613346695899963,42.595001220703125
0.21025550000194926,20,CCW,-19.84180450439453,-0.4468032419681549,0.0941900908946991,24.08599090576172,0.2771439850330353,42.595218658447266
0.22053040000901092,20,CCW,-19.812881469726562,-0.5449360609054565,0.04111183434724808,24.08599090576172,0.25473493337631226,42.595603942871094
0.23033990000840276,20,CCW,-19.815805435180664,-0.5054723024368286,-0.15178750455379486,24.07793426513672,0.2571692168712616,42.59604263305664
0.2400839000038104,20,CCW,-19.894193649291992,-0.5317925810813904,-0.08923052251338959,24.095659255981445,0.23109190165996552,42.596397399902344
0.25022260000696406,20,CCW,-19.893930435180664,-0.4291229546070099,-0.18447895348072052,24.08599090576172,0.2640705406665802,42.596797943115234
0.26029079999716487,20,CCW,-19.861255645751953,-0.5013728141784668,-0.022292841225862503,24.095659255981445,0.28834253549575806,42.5969123840332
0.27045080000243615,20,CCW,-19.828880310058594,-0.5254881978034973,0.1573687046766281,24.09404945373535,0.22851544618606567,42.59730529785156
0.2804894000000786,20,CCW,-19.79926109313965,-0.5104779005050659,0.006703075021505356,24.08599090576172,0.28033560514450073,42.597747802734375
0.2901715000043623,20,CCW,-19.838407516479492,-0.5127649903297424,-0.19917704164981842,24.087602615356445,0.27556970715522766,42.59806442260742
0.30035590000625234,20,CCW,-19.838144302368164,-0.5047033429145813,-0.0829845666885376,24.089214324951172,0.26897895336151123,42.59857940673828
0.3101961000065785,20,CCW,-19.773056030273438,-0.5359429717063904,0.13888059556484222,24.087602615356445,0.27720266580581665,42.59894943237305
0.3201932000083616,20,CCW,-19.773056030273438,-0.4706215262413025,0.08202886581420898,24.092437744140625,0.2742576003074646,42.59932327270508
0.33010639999702107,20,CCW,-19.847558975219727,-0.5573434829711914,0.2582213282585144,24.09404945373535,0.22064892947673798,42.599822998046875
0.34022600000025705,20,CCW,-19.850618362426758,-0.5040122270584106,-0.1316399723291397,24.0908260345459,0.2740683853626251,42.60021209716797
0.35057769999548327,20,CCW,-19.91912078857422,-0.49402421712875366,-0.0705353319644928,24.087602615356445,0.24398252367973328,42.600547790527344
0.3600344000005862,20,CCW,-19.957799911499023,-0.44288820028305054,-0.09119163453578949,24.079545974731445,0.18938973546028137,42.60054016113281
0.37006580000161193,20,CCW,-19.925424575805664,-0.47009801864624023,-0.07101114094257355,24.089214324951172,0.2821900546550751,42.600704193115234
0.38023989999783225,20,CCW,-19.860370635986328,-0.505295991897583,0.0852428674697876,24.092437744140625,0.24088755249977112,42.60111618041992
0.39038920000893995,20,CCW,-19.867237091064453,-0.47686484456062317,-0.04301125556230545,24.084379196166992,0.246953085064888,42.60155487060547
0.40023490000749007,20,CCW,-19.902801513671875,-0.7044709324836731,-0.002451689913868904,24.08599090576172,0.2396262139081955,42.60172653198242
0.4102592999988701,20,CCW,-19.83771324157715,-0.48544591665267944,-0.06149297207593918,24.08599090576172,0.30623501539230347,42.60206604003906
0.42030159999558236,20,CCW,-19.83771324157715,-0.40656334161758423,-0.03789494186639786,24.08599090576172,0.23723645508289337,42.60235595703125
0.4301722000091104,20,CCW,-19.811676025390625,-0.5098816752433777,-0.03890598192811012,24.113386154174805,0.2566850483417511,42.602806091308594
0.4401833000010811,20,CCW,-19.818317413330078,-0.43827521800994873,-0.04700435325503349,24.105329513549805,0.2797805666923523,42.60332107543945
0.45022959999914747,20,CCW,-19.889801025390625,-0.4802734851837158,0.01186053454875946,24.092437744140625,0.2522523105144501,42.6035041809082
0.4603583999996772,20,CCW,-19.928647994995117,-0.5307068228721619,-0.02142144739627838,24.087602615356445,0.24590744078159332,42.60369110107422
0.47035950000281446,20,CCW,-19.896272659301758,-0.4856639504432678,0.01836067996919155,24.092437744140625,0.25158801674842834,42.60388946533203
0.4805200999981025,20,CCW,-19.902572631835938,-0.49096882343292236,0.10838229954242706,24.089214324951172,0.25487977266311646,42.6042594909668
0.4900707000051625,20,CCW,-19.902612686157227,-0.48351743817329407,-0.076435886323452,24.092437744140625,0.25982463359832764,42.60454559326172
0.5003933999978472,20,CCW,-19.9023494720459,-0.45399779081344604,0.05767475813627243,24.09404945373535,0.22533275187015533,42.604732513427734
0.5103347999975085,20,CCW,-19.86954116821289,-0.5103331804275513,0.028447706252336502,24.097270965576172,0.2570291757583618,42.604984283447266
0.5202964000054635,20,CCW,-19.873031616210938,-0.48504289984703064,0.020596317946910858,24.084379196166992,0.21525146067142487,42.60515594482422
0.5300984000059543,20,CCW,-19.879201889038086,-0.5067920684814453,-0.04549917206168175,24.1069393157959,0.1837235391139984,42.60554885864258
0.5403134000080172,20,CCW,-19.781288146972656,-0.4264882802963257,0.09150804579257965,24.084379196166992,0.24614252150058746,42.605934143066406
0.5504834000021219,20,CCW,-19.85293960571289,-0.5338196754455566,-0.07762500643730164,24.097270965576172,0.25633782148361206,42.60642623901367
0.5605191000067862,20,CCW,-19.820131301879883,-0.5034475922584534,-0.018696535378694534,24.092437744140625,0.2915990948677063,42.60672378540039
0.5705340999993496,20,CCW,-19.75196647644043,-0.49831488728523254,0.03747819736599922,24.089214324951172,0.1926070749759674,42.60706329345703
0.5803537000028882,20,CCW,-19.758304595947266,-0.594895601272583,0.08120846748352051,24.0908260345459,0.2800171971321106,42.6077880859375
0.5904481000034139,20,CCW,-19.797321319580078,-0.583836019039154,0.04980245605111122,24.08599090576172,0.2619268596172333,42.608314514160156
0.6000817000021925,20,CCW,-19.83301544189453,-0.5236915349960327,-0.04971201345324516,24.0908260345459,0.267831027507782,42.60866928100586
0.6101550000021234,20,CCW,-19.83318328857422,-0.5286723375320435,0.052706316113471985,24.10210609436035,0.2571263909339905,42.60904312133789
0.6202142999973148,20,CCW,-19.839746475219727,-0.514771044254303,0.037558943033218384,24.089214324951172,0.27161920070648193,42.609375
0.6302902000024915,20,CCW,-19.845916748046875,-0.44453197717666626,-0.06227667257189751,24.0908260345459,0.27134135365486145,42.60984420776367
0.6402946000016527,20,CCW,-19.813579559326172,-0.5980142951011658,0.05395027622580528,24.089214324951172,0.23672015964984894,42.61022186279297
0.6503154000092763,20,CCW,-19.88506317138672,-0.47089019417762756,-0.04431198537349701,24.089214324951172,0.272127628326416,42.61058044433594
0.6601281000039307,20,CCW,-19.9210205078125,-0.49319589138031006,0.015631791204214096,24.095659255981445,0.28137749433517456,42.61074447631836
0.690355400001863,20,CCW,-19.937847137451172,-0.4437849223613739,-0.047319065779447556,24.087602615356445,0.20071864128112793,42.611270904541016
0.6937705000018468,20,CCW,-19.973804473876953,-0.4660763740539551,0.10545499622821808,24.089214324951172,0.23112641274929047,42.611289978027344
0.6974555000051623,20,CCW,-19.940732955932617,-0.4602862298488617,-0.05903145670890808,24.095659255981445,0.24733474850654602,42.61137390136719
0.7020560000091791,20,CCW,-19.940900802612305,-0.5047999620437622,-0.04860297217965126,24.09404945373535,0.24743853509426117,42.6115608215332
0.7102802000008523,20,CCW,-19.908092498779297,-0.5508507490158081,0.037372488528490067,24.09404945373535,0.21470977365970612,42.61164474487305
0.7204765000060434,20,CCW,-19.875587463378906,-0.5447317361831665,0.11086204648017883,24.084379196166992,0.22841280698776245,42.61186599731445
0.7302074000035645,20,CCW,-19.84636116027832,-0.5341007709503174,-0.045975212007761,24.100494384765625,0.2845812737941742,42.61236572265625
0.7401160000008531,20,CCW,-19.78099250793457,-0.4800378382205963,0.00033114105463027954,24.0827693939209,0.24508526921272278,42.612892150878906
0.7501258999982383,20,CCW,-19.8231201171875,-0.5144092440605164,-0.03507543355226517,24.089214324951172,0.2580426335334778,42.6131706237793
0.7601556000008713,20,CCW,-19.85907745361328,-0.4460565149784088,0.0011547869071364403,24.097270965576172,0.31018495559692383,42.61351013183594
0.7700439000036567,20,CCW,-19.898094177246094,-0.5214055776596069,0.08249547332525253,24.0908260345459,0.2598721385002136,42.613773345947266
0.7801363000035053,20,CCW,-19.868867874145508,-0.5725353360176086,-0.0762191042304039,24.097270965576172,0.24478347599506378,42.61417007446289
0.7903318000026047,20,CCW,-19.907621383666992,-0.48979276418685913,-0.0033350326120853424,24.084379196166992,0.25850629806518555,42.61447525024414
0.8000904000073206,20,CCW,-19.97910499572754,-0.5212315917015076,-0.05784713104367256,24.0827693939209,0.23704664409160614,42.614654541015625
0.8102004999964265,20,CCW,-19.911035537719727,-0.5579741597175598,-0.030857108533382416,24.09404945373535,0.2764333188533783,42.61480712890625
0.8200540999969235,20,CCW,-19.91405487060547,-0.45782071352005005,0.015188578516244888,24.089214324951172,0.25920408964157104,42.61491394042969
0.8304208000045037,20,CCW,-19.81304359436035,-0.47729653120040894,-0.020943658426404,24.084379196166992,0.19862249493598938,42.6153678894043
0.8401155000028666,20,CCW,-19.851797103881836,-0.532132625579834,0.0157141275703907,24.08599090576172,0.27270767092704773,42.61580276489258
0.8503725000045961,20,CCW,-19.85511589050293,-0.5200626850128174,-0.09970182180404663,24.08599090576172,0.2940077781677246,42.61603546142578
0.8604989000014029,20,CCW,-19.819326400756836,-0.5159813165664673,-0.050908349454402924,24.09404945373535,0.2464330941438675,42.61646270751953
0.8700997999985702,20,CCW,-19.786781311035156,-0.5726127028465271,0.17881250381469727,24.092437744140625,0.2382713407278061,42.616825103759766
0.8801542000001064,20,CCW,-19.828779220581055,-0.5676186084747314,0.08740894496440887,24.0988826751709,0.2058684229850769,42.617225646972656
0.8902739000041038,20,CCW,-19.899946212768555,-0.49650508165359497,-0.10177304595708847,24.081157684326172,0.2607521116733551,42.61759567260742
0.9003246000065701,20,CCW,-19.87088966369629,-0.5285566449165344,-0.028710100799798965,24.087602615356445,0.2528415024280548,42.6179313659668
0.9102921000012429,20,CCW,-19.871320724487305,-0.5187627673149109,-0.016518831253051758,24.11016273498535,0.25304388999938965,42.618228912353516
0.9202977000095416,20,CCW,-19.806137084960938,-0.5775513648986816,0.07067210972309113,24.089214324951172,0.24595893919467926,42.61869812011719
0.9305027000082191,20,CCW,-19.848527908325195,-0.46869906783103943,0.05256137624382973,24.0908260345459,0.22693444788455963,42.61896514892578
0.9402016000094591,20,CCW,-19.851491928100586,-0.48677656054496765,-0.04307783767580986,24.108551025390625,0.27635878324508667,42.619346618652344
0.9504345000023022,20,CCW,-19.85481071472168,-0.5510608553886414,-0.054983194917440414,24.081157684326172,0.24899998307228088,42.61995315551758
0.9605255000060424,20,CCW,-19.89076805114746,-0.4126514196395874,-0.06006788834929466,24.092437744140625,0.24017147719860077,42.62024688720703
0.9700570999993943,20,CCW,-19.789794921875,-0.48063424229621887,-0.040700167417526245,24.089214324951172,0.25859591364860535,42.6205940246582
0.98048650000419,20,CCW,-19.8317928314209,-0.4646759033203125,-0.046221695840358734,24.09404945373535,0.27517062425613403,42.62095642089844
0.9903225000016391,20,CCW,-19.83498191833496,-0.43360576033592224,0.1011093407869339,24.095659255981445,0.25041139125823975,42.62131881713867
1.0002134000096703,20,CCW,-19.873865127563477,-0.5741302371025085,-0.058906424790620804,24.09404945373535,0.2667602300643921,42.62179946899414
1.010043800008134,20,CCW,-19.874032974243164,-0.49096307158470154,-0.055122893303632736,24.095659255981445,0.25198429822921753,42.62203598022461
1.0200645000004442,20,CCW,-19.773059844970703,-0.5150591135025024,-0.0957130491733551,24.087602615356445,0.3061918616294861,42.62236404418945
1.0302433000033488,20,CCW,-19.84760093688965,-0.4851403534412384,0.022391455247998238,24.09404945373535,0.2803311347961426,42.62266540527344
1.040030799995293,20,CCW,-19.85079002380371,-0.5112614631652832,0.0009765378199517727,24.089214324951172,0.2164200395345688,42.622989654541016
1.0505904000019655,20,CCW,-19.857297897338867,-0.5766518115997314,-0.06416860222816467,24.09404945373535,0.2386646419763565,42.62351989746094
1.0602966000005836,20,CCW,-19.92930793762207,-0.4811459481716156,-0.07214677333831787,24.089214324951172,0.2636113166809082,42.623741149902344
1.0704492000077153,20,CCW,-19.828166961669922,-0.5130016803741455,0.03545788303017616,24.079545974731445,0.2521022856235504,42.62407684326172
1.0801042999955826,20,CCW,-19.834768295288086,-0.5404355525970459,0.03434609994292259,24.089214324951172,0.2750166058540344,42.62436294555664
1.090283500001533,20,CCW,-19.870370864868164,-0.5339904427528381,0.03358403220772743,24.113386154174805,0.24770881235599518,42.62480926513672
1.1002882000029786,20,CCW,-19.915294647216797,-0.5522521734237671,-0.11316331475973129,24.0908260345459,0.2826859652996063,42.6251220703125
1.110411000001477,20,CCW,-19.847354888916016,-0.5379853248596191,0.16481469571590424,24.0988826751709,0.24224506318569183,42.62540054321289
1.1204699000081746,20,CCW,-19.847225189208984,-0.5460411906242371,-0.051067888736724854,24.09404945373535,0.2798362672328949,42.62577438354492
1.1302366000018083,20,CCW,-19.782041549682617,-0.47101762890815735,0.08513861894607544,24.087602615356445,0.2666379511356354,42.626136779785156
1.1403443000017432,20,CCW,-19.81760597229004,-0.5285550951957703,0.011888086795806885,24.09404945373535,0.2362285554409027,42.626556396484375
1.1501872000080766,20,CCW,-19.856489181518555,-0.47387081384658813,-0.11105919629335403,24.089214324951172,0.25846412777900696,42.62688446044922
1.160150399999111,20,CCW,-19.860071182250977,-0.5188273191452026,-0.09790854901075363,24.092437744140625,0.2714309096336365,42.62724685668945
1.1704916000016965,20,CCW,-19.759098052978516,-0.44681602716445923,-0.013877129182219505,24.0908260345459,0.23019462823867798,42.6275520324707
1.180492100000265,20,CCW,-19.79846954345703,-0.5059008002281189,0.12245019525289536,24.084379196166992,0.25330591201782227,42.628028869628906
1.1905027000029804,20,CCW,-19.869861602783203,-0.5279596447944641,0.021255768835544586,24.0908260345459,0.26560765504837036,42.628448486328125
1.2005212000076426,20,CCW,-19.94457244873047,-0.5709025859832764,-0.10776564478874207,24.07793426513672,0.2550339102745056,42.628692626953125
1.2102820000000065,20,CCW,-19.98052978515625,-0.5463865995407104,0.040457699447870255,24.089214324951172,0.2612130343914032,42.62883758544922
1.220089900001767,20,CCW,-19.915346145629883,-0.36182940006256104,0.04043067619204521,24.10210609436035,0.23797132074832916,42.62897872924805
1.2301866000052541,20,CCW,-19.885822296142578,-0.493656724691391,0.010414648801088333,24.0988826751709,0.2500062882900238,42.629337310791016
1.2402714000054402,20,CCW,-19.856203079223633,-0.4982837438583374,0.025317586958408356,24.092437744140625,0.27246928215026855,42.62966537475586
1.250394500006223,20,CCW,-19.83016586303711,-0.5009050369262695,-0.020661935210227966,24.09404945373535,0.28219589591026306,42.63004684448242
1.2602341000019806,20,CCW,-19.869537353515625,-0.5034046173095703,-0.01664426177740097,24.092437744140625,0.2654136121273041,42.630313873291016
1.2702120000030845,20,CCW,-19.87238883972168,-0.5957561731338501,0.01943173073232174,24.0988826751709,0.26241886615753174,42.6305046081543
1.28009149999707,20,CCW,-19.8759708404541,-0.4884345531463623,-0.11696834862232208,24.105329513549805,0.25495022535324097,42.630916595458984
1.2901967000070726,20,CCW,-19.839750289916992,-0.534091055393219,0.03197154402732849,24.087602615356445,0.24529898166656494,42.63127136230469
1.3001920999959111,20,CCW,-19.878896713256836,-0.4318680763244629,0.08414079248905182,24.092437744140625,0.28325238823890686,42.63138961791992
1.3104151000006823,20,CCW,-19.947662353515625,-0.5598608255386353,-0.04072178527712822,24.071489334106445,0.20666663348674774,42.631622314453125
1.3204202000051737,20,CCW,-19.915157318115234,-0.45607051253318787,-0.06087245047092438,24.089214324951172,0.2880744934082031,42.631900787353516
1.3304703000030713,20,CCW,-19.954566955566406,-0.5246837139129639,-0.023472130298614502,24.081157684326172,0.2740344703197479,42.63227081298828
1.340067099998123,20,CCW,-19.885576248168945,-0.6114745736122131,-0.008362732827663422,24.081157684326172,0.27314579486846924,42.632652282714844
1.3506654000084382,20,CCW,-19.856782913208008,-0.5625739097595215,-0.10848458111286163,24.09404945373535,0.25660276412963867,42.63289260864258
1.3604865000088466,20,CCW,-19.895496368408203,-0.5112977623939514,-0.1695266216993332,24.087602615356445,0.26465073227882385,42.633174896240234
1.3702965999982553,20,CCW,-19.830312728881836,-0.4505958557128906,0.08242705464363098,24.081157684326172,0.2361067533493042,42.63334655761719
1.3804304000077536,20,CCW,-19.798105239868164,-0.6106557250022888,-0.09773668646812439,24.09404945373535,0.29889538884162903,42.63388442993164
1.3904511000000639,20,CCW,-19.765071868896484,-0.49828895926475525,0.05469420552253723,24.08599090576172,0.2685711085796356,42.634422302246094
1.4001979000022402,20,CCW,-19.77184295654297,-0.5448247790336609,0.035809118300676346,24.092437744140625,0.24229709804058075,42.634769439697266
1.4102220000058878,20,CCW,-19.876436233520508,-0.4864477217197418,-0.1009289026260376,24.0908260345459,0.26304683089256287,42.63520050048828
1.4204446000076132,20,CCW,-19.876699447631836,-0.490512490272522,0.006733337417244911,24.089214324951172,0.22745297849178314,42.635337829589844
1.430221500006155,20,CCW,-19.876699447631836,-0.42071831226348877,-0.043017562478780746,24.0908260345459,0.3020259141921997,42.63568115234375
1.4403028000087943,20,CCW,-19.883037567138672,-0.5373007655143738,0.0658257007598877,24.081157684326172,0.29028233885765076,42.63603210449219
1.4503728999989107,20,CCW,-19.853981018066406,-0.523907482624054,-0.03101121261715889,24.074710845947266,0.2592567205429077,42.63644790649414
1.4603917000058573,20,CCW,-19.957748413085938,-0.35442760586738586,-0.03395523130893707,24.108551025390625,0.27402254939079285,42.63666534423828
1.4704022000078112,20,CCW,-19.89256477355957,-0.45319193601608276,-0.08495143055915833,24.08599090576172,0.24679790437221527,42.636810302734375
1.4804038000002038,20,CCW,-19.896146774291992,-0.455161988735199,0.04987599328160286,24.092437744140625,0.26765692234039307,42.63703536987305
1.4904720000049565,20,CCW,-19.866527557373047,-0.47862908244132996,0.08861713856458664,24.105329513549805,0.25531163811683655,42.637516021728516
1.500352400005795,20,CCW,-19.87329864501953,-0.5104038715362549,-0.006030457094311714,24.084379196166992,0.2787993848323822,42.63787078857422
1.510186800005613,20,CCW,-19.941801071166992,-0.5322496294975281,-0.05120021849870682,24.092437744140625,0.24141910672187805,42.63813400268555
1.5203151000023354,20,CCW,-19.9064998626709,-0.5210952162742615,0.035514697432518005,24.087602615356445,0.26571428775787354,42.6383056640625
1.5303006000031019,20,CCW,-19.909727096557617,-0.4725434482097626,0.02963816374540329,24.084379196166992,0.26221346855163574,42.63847732543945
1.540466500009643,20,CCW,-19.91248321533203,-0.5339311361312866,0.018589671701192856,24.084379196166992,0.23967042565345764,42.6387939453125
1.5504756000009365,20,CCW,-19.951629638671875,-0.5253044366836548,-0.04922380670905113,24.089214324951172,0.2652401328086853,42.6390266418457
1.5603223000071011,20,CCW,-20.023113250732422,-0.4595376253128052,-0.031576354056596756,24.0908260345459,0.24771103262901306,42.639122009277344
1.5703619999985676,20,CCW,-19.9222354888916,-0.5631433725357056,0.05101394280791283,24.100494384765625,0.20245924592018127,42.63924789428711
1.580354300007457,20,CCW,-19.925687789916992,-0.49318262934684753,-0.009220190346240997,24.0908260345459,0.25042134523391724,42.63941192626953
1.5903074000088964,20,CCW,-19.896068572998047,-0.5260357856750488,-0.05981484800577164,24.089214324951172,0.2747316360473633,42.63983917236328
1.6002554000006057,20,CCW,-19.90283966064453,-0.42087119817733765,-0.014034558087587357,24.087602615356445,0.27858230471611023,42.640167236328125
1.6100997000030475,20,CCW,-19.905725479125977,-0.47551751136779785,0.046575117856264114,24.08599090576172,0.23097455501556396,42.640316009521484
1.620190100002219,20,CCW,-19.87291717529297,-0.53761225938797,0.01905270479619503,24.0908260345459,0.2702617645263672,42.64057922363281
1.6302590999985114,20,CCW,-19.80803680419922,-0.5919468998908997,0.1642308235168457,24.092437744140625,0.24889899790287018,42.64097595214844
1.640431300009368,20,CCW,-19.843433380126953,-0.4928906261920929,-0.10612745583057404,24.092437744140625,0.211916983127594,42.641387939453125
1.6505134000035468,20,CCW,-19.8858642578125,-0.43556562066078186,-0.0554102398455143,24.095659255981445,0.2432064414024353,42.64168167114258
1.6600428999954602,20,CCW,-19.957386016845703,-0.43431755900382996,-0.047818623483181,24.08599090576172,0.22135615348815918,42.64201736450195
1.6704682999989018,20,CCW,-19.924577713012695,-0.5136393904685974,-0.0002623284235596657,24.0908260345459,0.19496342539787292,42.64213180541992
1.7027261000039289,20,CCW,-19.797382354736328,-0.4845113456249237,0.14893880486488342,24.097270965576172,0.2714374363422394,42.643375396728516
1.7064224000059767,20,CCW,-19.83294677734375,-0.4094560742378235,0.03157612681388855,24.089214324951172,0.26388174295425415,42.64354705810547
1.7101925000024494,20,CCW,-19.86890411376953,-0.4975222945213318,0.02302028238773346,24.089214324951172,0.2414303719997406,42.64375305175781
1.7138378000090597,20,CCW,-19.83333969116211,-0.5072791576385498,-0.006791498512029648,24.097270965576172,0.21456995606422424,42.64387512207031
1.72048810000706,20,CCW,-19.8687744140625,-0.46500930190086365,0.019583236426115036,24.084379196166992,0.23478581011295319,42.644107818603516
1.730218500000774,20,CCW,-19.843040466308594,-0.5572167038917542,0.07504630088806152,24.097270965576172,0.24652588367462158,42.644405364990234
1.7404740000056336,20,CCW,-19.845796585083008,-0.48064902424812317,-0.08201060444116592,24.084379196166992,0.30079177021980286,42.64486312866211
1.7502717000024859,20,CCW,-19.84898567199707,-0.5670892000198364,0.09511931985616684,24.095659255981445,0.2396797239780426,42.64524459838867
1.7603153999953065,20,CCW,-19.884679794311523,-0.5248662829399109,-0.07667217403650284,24.084379196166992,0.2373705506324768,42.645748138427734
1.7703048999974271,20,CCW,-19.851871490478516,-0.4866626262664795,0.011808862909674644,24.084379196166992,0.25714629888534546,42.646034240722656
1.7800652000005357,20,CCW,-19.8557186126709,-0.4876583218574524,0.06510736793279648,24.095659255981445,0.28460222482681274,42.64637756347656
1.7900798000046052,20,CCW,-19.858642578125,-0.49028703570365906,-0.017343636602163315,24.097270965576172,0.24570295214653015,42.64672088623047
1.8006148999993457,20,CCW,-19.865676879882812,-0.5799121856689453,-0.06698399037122726,24.092437744140625,0.2584598958492279,42.64720916748047
1.8105399000050966,20,CCW,-19.901371002197266,-0.4919743537902832,-0.03906957805156708,24.0827693939209,0.24338291585445404,42.64743423461914
1.8204127000062726,20,CCW,-19.832773208618164,-0.5123744010925293,0.09965432435274124,24.08599090576172,0.23807205259799957,42.64775085449219
1.8303696000075433,20,CCW,-19.73223304748535,-0.562543511390686,-0.13775119185447693,24.0827693939209,0.2919115424156189,42.64839172363281
1.840475000004517,20,CCW,-19.76796531677246,-0.4538586437702179,0.06595434993505478,24.09404945373535,0.2581215798854828,42.64897537231445
1.8505059000017354,20,CCW,-19.810564041137695,-0.4399334490299225,-0.09504858404397964,24.0908260345459,0.3064725399017334,42.64946746826172
1.8600764000002528,20,CCW,-19.91485595703125,-0.4789790213108063,0.003640785813331604,24.0908260345459,0.2510603666305542,42.64990234375
1.870023499999661,20,CCW,-19.91495132446289,-0.5294016003608704,-0.07204746454954147,24.089214324951172,0.2930550277233124,42.65018844604492
1.880215600001975,20,CCW,-19.87938690185547,-0.5228461027145386,-0.07488270103931427,24.092437744140625,0.28574830293655396,42.65044403076172
1.890090600005351,20,CCW,-19.886157989501953,-0.49841025471687317,-0.0006980807520449162,24.09404945373535,0.24569202959537506,42.65087890625
1.9004940000013448,20,CCW,-19.928756713867188,-0.5251124501228333,-0.07897510379552841,24.09404945373535,0.30029335618019104,42.6512336730957
1.9100567999994382,20,CCW,-19.931474685668945,-0.4642849266529083,-0.0030471980571746826,24.0908260345459,0.28782060742378235,42.651512145996094
1.9204000000027008,20,CCW,-19.898929595947266,-0.49384042620658875,-0.05270814150571823,24.0908260345459,0.24428749084472656,42.65169906616211
1.9300534000067273,20,CCW,-19.863140106201172,-0.4762652516365051,-0.07351260632276535,24.0908260345459,0.2706023156642914,42.65205383300781
1.9402489000058267,20,CCW,-19.833650588989258,-0.42878618836402893,-0.05444738268852234,24.0908260345459,0.2578590214252472,42.6524658203125
1.9501675000065006,20,CCW,-19.8727970123291,-0.4756689965724945,-0.03864513710141182,24.087602615356445,0.25898438692092896,42.652809143066406
1.9605567999969935,20,CCW,-19.944448471069336,-0.5498183965682983,-0.025147847831249237,24.09404945373535,0.2583826780319214,42.653018951416016
1.9705446000007214,20,CCW,-19.947467803955078,-0.5225746631622314,0.04211082309484482,24.07793426513672,0.22513636946678162,42.653194427490234
1.980484500003513,20,CCW,-19.95092010498047,-0.4498618245124817,-0.03811923786997795,24.081157684326172,0.26722514629364014,42.65340042114258
1.9903295999974944,20,CCW,-19.957258224487305,-0.49959319829940796,0.002803932875394821,24.08599090576172,0.2319861799478531,42.653690338134766
3.6999990697950125e-06,30,CCW,-29.512880325317383,-0.6297044157981873,0.10577741265296936,24.095659255981445,0.4305184483528137,42.90589141845703
0.010514499997952953,30,CCW,-29.587158203125,-0.6400043368339539,-0.08580954372882843,24.084379196166992,0.4584585726261139,42.90708541870117
0.02036299998871982,30,CCW,-29.558101654052734,-0.6425237059593201,-0.08652804046869278,24.095659255981445,0.4604499340057373,42.9083251953125
0.030295999997179024,30,CCW,-29.56108283996582,-0.8061960339546204,0.18320737779140472,24.087602615356445,0.402878075838089,42.909358978271484
0.040218199996161275,30,CCW,-29.596647262573242,-0.6287627816200256,-0.0413409024477005,24.0908260345459,0.4638514220714569,42.91066360473633
0.05005209999217186,30,CCW,-29.635530471801758,-0.5866749882698059,-0.13071468472480774,24.092437744140625,0.4136107563972473,42.911624908447266
0.06041269999695942,30,CCW,-29.638511657714844,-0.6274312734603882,0.04076411575078964,24.0827693939209,0.4174879491329193,42.912620544433594
0.07025079999584705,30,CCW,-29.573328018188477,-0.49183541536331177,-0.039500851184129715,24.092437744140625,0.42032599449157715,42.913822174072266
0.08045100000163075,30,CCW,-29.57674217224121,-0.567132294178009,-0.09838621318340302,24.089214324951172,0.3850160241127014,42.91496658325195
0.0904512999986764,30,CCW,-29.648527145385742,-0.5677449107170105,-0.11773129552602768,24.0908260345459,0.4720815420150757,42.9161262512207
0.10049620000063442,30,CCW,-29.54742431640625,-0.5493388772010803,-0.04981323331594467,24.092437744140625,0.43437325954437256,42.91720199584961
0.11045449999801349,30,CCW,-29.550613403320312,-0.6010668277740479,-0.029832646250724792,24.097270965576172,0.44849270582199097,42.91850662231445
0.12051110000174958,30,CCW,-29.553539276123047,-0.6844963431358337,0.04464727267622948,24.087602615356445,0.41283512115478516,42.9197998046875
0.13052829999651294,30,CCW,-29.586347579956055,-0.4980422556400299,-0.033047620207071304,24.0908260345459,0.4274899363517761,42.92082214355469
0.14023209999140818,30,CCW,-29.586347579956055,-0.6457346677780151,0.008930165320634842,24.08599090576172,0.3442767560482025,42.92195510864258
0.1505410999961896,30,CCW,-29.589632034301758,-0.5996444821357727,-0.049773599952459335,24.084379196166992,0.41427379846572876,42.92326354980469
0.1601507000013953,30,CCW,-29.625459671020508,-0.6156406402587891,0.06172385811805725,24.084379196166992,0.4204650819301605,42.924049377441406
0.1702822999941418,30,CCW,-29.527938842773438,-0.5615895986557007,-0.024550141766667366,24.08599090576172,0.4115926921367645,42.92525100708008
0.1805051999981515,30,CCW,-29.533884048461914,-0.62149977684021,0.29240939021110535,24.0908260345459,0.45750245451927185,42.9265251159668
0.1904082999972161,30,CCW,-29.566429138183594,-0.5015600323677063,-0.17908437550067902,24.0908260345459,0.4156624674797058,42.92779541015625
0.20012490000226535,30,CCW,-29.53050994873047,-0.5970883965492249,0.08144699037075043,24.079545974731445,0.38262778520584106,42.92881774902344
0.21016339999914635,30,CCW,-29.536623001098633,-0.5509989261627197,0.12682871520519257,24.089214324951172,0.4150920808315277,42.93006134033203
0.22006139998848084,30,CCW,-29.57550621032715,-0.5806379914283752,-0.08192502707242966,24.0827693939209,0.3951558768749237,42.93106460571289
0.23007639999559615,30,CCW,-29.578487396240234,-0.5766957402229309,0.06479120999574661,24.087602615356445,0.37985923886299133,42.93229293823242
0.24032219999935478,30,CCW,-29.510284423828125,-0.6615330576896667,0.06992693245410919,24.08599090576172,0.3896417021751404,42.933494567871094
0.2500374999945052,30,CCW,-29.617633819580078,-0.6192820072174072,0.10104960203170776,24.089214324951172,0.40557557344436646,42.9345588684082
0.26025799999479204,30,CCW,-29.689117431640625,-0.5835009217262268,-0.06462466716766357,24.087602615356445,0.3797333538532257,42.935707092285156
0.2702785000001313,30,CCW,-29.623933792114258,-0.6027564406394958,-0.04000120982527733,24.0827693939209,0.3991762101650238,42.93659210205078
0.280450699996436,30,CCW,-29.623933792114258,-0.550231397151947,-0.16525694727897644,24.092437744140625,0.44779154658317566,42.93773651123047
0.290475100002368,30,CCW,-29.630008697509766,-0.5865299105644226,-0.06785435229539871,24.08599090576172,0.4227646291255951,42.93874740600586
0.3002255999890622,30,CCW,-29.63298988342285,-0.580772340297699,0.016579527407884598,24.08599090576172,0.45687615871429443,42.93952178955078
0.3102475999912713,30,CCW,-29.668121337890625,-0.6949681639671326,-0.04302334785461426,24.087602615356445,0.44869741797447205,42.94054412841797
0.32024809998983983,30,CCW,-29.70726776123047,-0.6405534744262695,0.0192915927618742,24.089214324951172,0.3759841322898865,42.94143295288086
0.3300180999940494,30,CCW,-29.71028709411621,-0.6265064477920532,-0.026611927896738052,24.092437744140625,0.42391735315322876,42.942176818847656
0.3400431999907596,30,CCW,-29.64195442199707,-0.6860394477844238,0.08301270008087158,24.087602615356445,0.4461994171142578,42.943172454833984
0.3504316999897128,30,CCW,-29.60935401916504,-0.6065260171890259,-0.007978856563568115,24.0908260345459,0.411155641078949,42.94417190551758
0.3603631000005407,30,CCW,-29.68113899230957,-0.6038557291030884,-0.07366200536489487,24.0908260345459,0.4185999035835266,42.94511795043945
0.39140919999044854,30,CCW,-29.68515396118164,-0.6786059141159058,-0.09054930508136749,24.092437744140625,0.37528926134109497,42.948158264160156
0.3957837999914773,30,CCW,-29.652345657348633,-0.5126595497131348,-0.05694284662604332,24.08599090576172,0.356162428855896,42.94865036010742
0.40111310000065714,30,CCW,-29.652345657348633,-0.613934338092804,-0.05446060374379158,24.0908260345459,0.4754326641559601,42.948970794677734
0.40533189999405295,30,CCW,-29.652345657348633,-0.5882599949836731,-0.07886525988578796,24.0908260345459,0.42678260803222656,42.9493408203125
0.4105008999904385,30,CCW,-29.616518020629883,-0.5560097098350525,0.0607830286026001,24.079545974731445,0.3864402770996094,42.94990158081055
0.42045089999737684,30,CCW,-29.619970321655273,-0.6106439232826233,-0.17620982229709625,24.084379196166992,0.43205347657203674,42.9510612487793
0.43010149999463465,30,CCW,-29.619840621948242,-0.5131681561470032,-0.07323193550109863,24.089214324951172,0.4328222870826721,42.952064514160156
0.4400605999981053,30,CCW,-29.58733558654785,-0.6107749938964844,0.02765655517578125,24.0908260345459,0.40577203035354614,42.9529914855957
0.4502417999901809,30,CCW,-29.5906925201416,-0.6325091123580933,0.09870530664920807,24.0908260345459,0.3638682961463928,42.95414352416992
0.4602656999923056,30,CCW,-29.662607192993164,-0.5729689002037048,-0.08556624501943588,24.08599090576172,0.44673797488212585,42.95502471923828
0.4704258999990998,30,CCW,-29.597293853759766,-0.5897502899169922,0.05737226456403732,24.074710845947266,0.3571203351020813,42.95597839355469
0.4800715000019409,30,CCW,-29.60340690612793,-0.5554707646369934,-0.15529635548591614,24.079545974731445,0.41170474886894226,42.95703887939453
0.4903053000016371,30,CCW,-29.573524475097656,-0.6439319849014282,0.018825870007276535,24.08599090576172,0.39001932740211487,42.95810317993164
0.5004072000010638,30,CCW,-29.573091506958008,-0.6773676872253418,-0.0897093415260315,24.092437744140625,0.42387253046035767,42.95923614501953
0.5104825000016717,30,CCW,-29.537263870239258,-0.6295681595802307,0.07903730869293213,24.08599090576172,0.45545530319213867,42.96031188964844
0.5200901999924099,30,CCW,-29.680177688598633,-0.6260104179382324,0.006527166813611984,24.087602615356445,0.4300527274608612,42.96137237548828
0.5300789999892004,30,CCW,-29.751699447631836,-0.49562451243400574,-0.03637021780014038,24.089214324951172,0.3249579668045044,42.96229934692383
0.5405092000000877,30,CCW,-29.715612411499023,-0.6378017663955688,0.12420055270195007,24.08599090576172,0.42742016911506653,42.9630012512207
0.5504765999939991,30,CCW,-29.646846771240234,-0.579097330570221,-0.09053893387317657,24.084379196166992,0.44415155053138733,42.96404266357422
0.5604506999952719,30,CCW,-29.650428771972656,-0.6499326229095459,-0.06289679557085037,24.092437744140625,0.4501018226146698,42.96502685546875
0.5701371999894036,30,CCW,-29.617490768432617,-0.6194475293159485,0.06020393967628479,24.084379196166992,0.4190140962600708,42.965904235839844
0.5801421999931335,30,CCW,-29.617490768432617,-0.587319016456604,0.11178622394800186,24.0908260345459,0.42641615867614746,42.96690368652344
0.5903167999931611,30,CCW,-29.620943069458008,-0.6332985162734985,-0.0004958882927894592,24.084379196166992,0.40897244215011597,42.968048095703125
0.6003906999976607,30,CCW,-29.656770706176758,-0.6042510271072388,-0.058890316635370255,24.087602615356445,0.36125192046165466,42.96904373168945
0.6101772999973036,30,CCW,-29.656770706176758,-0.5421662926673889,0.003940165042877197,24.087602615356445,0.4251924157142639,42.96992111206055
0.6203504000004614,30,CCW,-29.65995979309082,-0.5762226581573486,-0.0508815199136734,24.092437744140625,0.4096658527851105,42.970970153808594
0.6303574999910779,30,CCW,-29.695653915405273,-0.5878404974937439,0.12182226032018661,24.0908260345459,0.41618436574935913,42.97187042236328
0.6402444999985164,30,CCW,-29.666034698486328,-0.602550208568573,-0.13297998905181885,24.084379196166992,0.451238214969635,42.97275924682617
0.6502512000006391,30,CCW,-29.669391632080078,-0.5700324773788452,0.014929160475730896,24.0908260345459,0.3985878527164459,42.97360610961914
0.6602916999981971,30,CCW,-29.70893096923828,-0.5813274383544922,0.02523643523454666,24.0908260345459,0.4082564413547516,42.97450256347656
0.6702691999962553,30,CCW,-29.673141479492188,-0.5260401368141174,-0.0700967088341713,24.092437744140625,0.38649821281433105,42.97526550292969
0.6801849999901606,30,CCW,-29.640636444091797,-0.6140986680984497,0.007975950837135315,24.079545974731445,0.41802141070365906,42.97637176513672
0.6904764999926556,30,CCW,-29.644088745117188,-0.620069146156311,0.0881064236164093,24.087602615356445,0.4008658826351166,42.977394104003906
0.7001392999954987,30,CCW,-29.676897048950195,-0.6294126510620117,-0.09903229773044586,24.092437744140625,0.4203876554965973,42.978233337402344
0.710231399993063,30,CCW,-29.608564376831055,-0.6308122277259827,-0.008999381214380264,24.08599090576172,0.4053451418876648,42.9792366027832
0.7200538999895798,30,CCW,-29.575963973999023,-0.6845406293869019,0.0364786833524704,24.087602615356445,0.3769194781780243,42.98023223876953
0.7302101999957813,30,CCW,-29.683706283569336,-0.6155816316604614,-0.08122644573450089,24.087602615356445,0.40634143352508545,42.98131561279297
0.7401270999980625,30,CCW,-29.61195945739746,-0.561109185218811,-0.0074880607426166534,24.084379196166992,0.3750482499599457,42.982025146484375
0.750526899995748,30,CCW,-29.61195945739746,-0.6580550670623779,0.10972480475902557,24.0988826751709,0.4688953161239624,42.98307418823242
0.7600341999932425,30,CCW,-29.719045639038086,-0.5698570013046265,-0.05563142150640488,24.087602615356445,0.4251667559146881,42.98394012451172
0.7703115999902366,30,CCW,-29.757984161376953,-0.5797502398490906,-0.024015631526708603,24.087602615356445,0.33975785970687866,42.98459243774414
0.7804675999941537,30,CCW,-29.653390884399414,-0.6218457221984863,0.004824792966246605,24.084379196166992,0.3678375780582428,42.98560333251953
0.7900758999894606,30,CCW,-29.688825607299805,-0.7569886445999146,-0.038277313113212585,24.089214324951172,0.43263936042785645,42.98657989501953
0.8004490000021178,30,CCW,-29.7607421875,-0.6164990663528442,0.13554346561431885,24.0908260345459,0.4204774796962738,42.9874267578125
0.8105376999883447,30,CCW,-29.69878578186035,-0.5558831691741943,-0.03526078909635544,24.089214324951172,0.4340406358242035,42.988258361816406
0.8200401999929454,30,CCW,-29.698823928833008,-0.5727804899215698,-0.09377407282590866,24.084379196166992,0.4748653769493103,42.988929748535156
0.8303089999972144,30,CCW,-29.73495101928711,-0.5722169876098633,-0.08675801008939743,24.08599090576172,0.44289225339889526,42.989803314208984
0.8403069999912987,30,CCW,-29.702367782592773,-0.5911389589309692,0.17198117077350616,24.09404945373535,0.4531251788139343,42.99057388305664
0.8500757000001613,30,CCW,-29.70870590209961,-0.5214396715164185,-0.09162265062332153,24.092437744140625,0.39797139167785645,42.991634368896484
0.8604601999977604,30,CCW,-29.71228790283203,-0.6998159885406494,0.11206942796707153,24.08599090576172,0.40942779183387756,42.99242401123047
0.8703405999985989,30,CCW,-29.71228790283203,-0.5738273859024048,-0.07906418293714523,24.092437744140625,0.3806634843349457,42.99311065673828
0.8804429000010714,30,CCW,-29.715436935424805,-0.5530940294265747,0.03725874796509743,24.0908260345459,0.3865567445755005,42.993927001953125
0.8903123999916716,30,CCW,-29.75458335876465,-0.592699408531189,-0.122783362865448,24.08599090576172,0.36763477325439453,42.994625091552734
0.9003793000010774,30,CCW,-29.75458335876465,-0.6490243077278137,-0.013111158274114132,24.09404945373535,0.363528311252594,42.99531936645508
0.9100677999958862,30,CCW,-29.688966751098633,-0.5538275837898254,-0.09644763171672821,24.0908260345459,0.44686201214790344,42.996036529541016
0.9204898999887519,30,CCW,-29.65300941467285,-0.5392763018608093,0.0868493840098381,24.092437744140625,0.41609540581703186,42.996978759765625
0.9304850999906193,30,CCW,-29.756643295288086,-0.5805175304412842,-0.029894225299358368,24.081157684326172,0.42539650201797485,42.997825622558594
0.9403898000018671,30,CCW,-29.792470932006836,-0.5425553917884827,0.02709183841943741,24.0827693939209,0.44420143961906433,42.998451232910156
0.9504846999916481,30,CCW,-29.730043411254883,-0.5366790294647217,0.1384989619255066,24.0988826751709,0.40478143095970154,42.99907302856445
0.9602579999918817,30,CCW,-29.769189834594727,-0.5204107761383057,-0.016013801097869873,24.09404945373535,0.3868456482887268,42.99996566772461
0.9701197999966098,30,CCW,-29.83735466003418,-0.5831822752952576,0.04777050018310547,24.0908260345459,0.4529472589492798,43.00053787231445
0.9805264000024181,30,CCW,-29.808561325073242,-0.558114230632782,0.03976736590266228,24.08599090576172,0.3847966194152832,43.00125503540039
0.9906099999934668,30,CCW,-29.704439163208008,-0.6431475877761841,-0.020723499357700348,24.084379196166992,0.43452736735343933,43.00190734863281
1.0003070999955526,30,CCW,-29.737377166748047,-0.5941306948661804,-0.11730565130710602,24.089214324951172,0.4441662132740021,43.002647399902344
1.0105171999894083,30,CCW,-29.737377166748047,-0.5603646636009216,-0.0344051867723465,24.0908260345459,0.43591493368148804,43.00320816040039
1.0200721000001067,30,CCW,-29.740734100341797,-0.6542055606842041,0.05324513465166092,24.089214324951172,0.40215063095092773,43.004154205322266
1.0300450999930035,30,CCW,-29.77975082397461,-0.6084738969802856,-0.028421878814697266,24.0908260345459,0.42817389965057373,43.0048828125
1.0403136999957496,30,CCW,-29.85153579711914,-0.5347148180007935,-0.024048028513789177,24.092437744140625,0.43187788128852844,43.00544357299805
1.0504477999929804,30,CCW,-29.7469425201416,-0.6149930953979492,0.06733009219169617,24.084379196166992,0.4128381311893463,43.00601577758789
1.0600774999911664,30,CCW,-29.750261306762695,-0.6714986562728882,0.0372055321931839,24.084379196166992,0.42180314660072327,43.00666809082031
1.0700838999910047,30,CCW,-29.785863876342773,-0.6066306829452515,-0.022610947489738464,24.09404945373535,0.42623811960220337,43.007415771484375
1.0801244999893242,30,CCW,-29.753055572509766,-0.5521652102470398,-0.07234399020671844,24.084379196166992,0.39260318875312805,43.008033752441406
1.0901153000013437,30,CCW,-29.71998405456543,-0.628861129283905,0.07352563738822937,24.084379196166992,0.37213394045829773,43.00890350341797
1.1002321999985725,30,CCW,-29.791635513305664,-0.5080839395523071,-0.19177187979221344,24.0827693939209,0.42973336577415466,43.009681701660156
1.110185099998489,30,CCW,-29.72601890563965,-0.6006772518157959,0.1487712264060974,24.09404945373535,0.42180874943733215,43.010459899902344
1.120219399992493,30,CCW,-29.728775024414062,-0.652525782585144,0.059928301721811295,24.089214324951172,0.3937462568283081,43.01122283935547
1.130118000000948,30,CCW,-29.731868743896484,-0.625285804271698,-0.06886012852191925,24.0908260345459,0.43078911304473877,43.01203918457031
1.1405068999883952,30,CCW,-29.666948318481445,-0.6023979783058167,0.10788419842720032,24.0908260345459,0.4310337007045746,43.01276397705078
1.1503649999940535,30,CCW,-29.70609474182129,-0.622671902179718,-0.050660863518714905,24.097270965576172,0.4455699622631073,43.0136833190918
1.1602138000016566,30,CCW,-29.673757553100586,-0.5457771420478821,0.02750096283853054,24.089214324951172,0.4114939868450165,43.01454162597656
1.1702181000000564,30,CCW,-29.706565856933594,-0.6141258478164673,-0.1575857698917389,24.079545974731445,0.40872523188591003,43.015342712402344
1.1803445999976248,30,CCW,-29.709754943847656,-0.6116463541984558,0.08593324571847916,24.0827693939209,0.385396808385849,43.016170501708984
1.1902501000004122,30,CCW,-29.745582580566406,-0.5420611500740051,0.10101502388715744,24.092437744140625,0.43563464283943176,43.0171012878418
1.2000687999970978,30,CCW,-29.78472900390625,-0.4852352738380432,-0.09624826908111572,24.092437744140625,0.43471354246139526,43.01798629760742
1.2101409000024432,30,CCW,-29.719545364379883,-0.6744360327720642,0.06229342520236969,24.0908260345459,0.4430828392505646,43.01877975463867
1.2203155999886803,30,CCW,-29.618101119995117,-0.5732296705245972,0.08318322896957397,24.0988826751709,0.3929843008518219,43.019798278808594
1.2304162999935215,30,CCW,-29.65711784362793,-0.5958126187324524,-0.07921048998832703,24.089214324951172,0.4332686960697174,43.020687103271484
1.2404185999912443,30,CCW,-29.62474250793457,-0.5556681156158447,-0.039233025163412094,24.084379196166992,0.4492727518081665,43.02157211303711
1.2504495999892242,30,CCW,-29.62474250793457,-0.5672510266304016,0.029787365347146988,24.092437744140625,0.40961524844169617,43.022586822509766
1.26003099999798,30,CCW,-29.695871353149414,-0.6280565857887268,0.08642169088125229,24.092437744140625,0.4654102623462677,43.02348709106445
1.2704761999921175,30,CCW,-29.767656326293945,-0.5587453246116638,0.007530920207500458,24.092437744140625,0.4014569818973541,43.02426528930664
1.2801730999926804,30,CCW,-29.698890686035156,-0.4988214075565338,0.03514867648482323,24.089214324951172,0.4463465213775635,43.02498245239258
1.2901721999951405,30,CCW,-29.66608238220215,-0.6061851382255554,0.0746980682015419,24.095659255981445,0.3591897785663605,43.02580261230469
1.3001330999977654,30,CCW,-29.773130416870117,-0.6696042418479919,0.014003828167915344,24.0827693939209,0.3599201440811157,43.02682876586914
1.3101424999913434,30,CCW,-29.77614974975586,-0.5480114817619324,-0.05171452835202217,24.087602615356445,0.4971451461315155,43.02743911743164
1.320265999995172,30,CCW,-29.67155647277832,-0.5299698710441589,0.19324976205825806,24.084379196166992,0.4486072361469269,43.028079986572266
1.3302668999967864,30,CCW,-29.706727981567383,-0.5959806442260742,-0.11902841180562973,24.092437744140625,0.40741264820098877,43.02890396118164
1.3404558999900473,30,CCW,-29.778512954711914,-0.5823042392730713,0.030137965455651283,24.09404945373535,0.43633395433425903,43.0296516418457
1.35034469999664,30,CCW,-29.71034812927246,-0.6384316086769104,0.030964458361268044,24.089214324951172,0.39512011408805847,43.03045654296875
1.360306499991566,30,CCW,-29.719970703125,-0.6255772113800049,0.03506731986999512,24.08599090576172,0.3735355734825134,43.033329010009766
1.3888849999930244,30,CCW,-29.68693733215332,-0.6264227032661438,-0.11342267692089081,24.10210609436035,0.4770882725715637,43.033817291259766
1.3936486000020523,30,CCW,-29.65456199645996,-0.6401943564414978,0.11661530286073685,24.089214324951172,0.3940347135066986,43.03410720825195
1.397405899988371,30,CCW,-29.690481185913086,-0.6340013146400452,-0.038111403584480286,24.092437744140625,0.44938933849334717,43.03443145751953
1.4008281999995233,30,CCW,-29.690481185913086,-0.5314857959747314,-0.0694458931684494,24.0908260345459,0.47286275029182434,43.03465270996094
1.4101515999936964,30,CCW,-29.723289489746094,-0.6330759525299072,0.2128545641899109,24.092437744140625,0.4133444130420685,43.03537368774414
1.420402199990349,30,CCW,-29.762435913085938,-0.5916116237640381,-0.004419658333063126,24.08599090576172,0.3747805058956146,43.03617477416992
1.4304006000020308,30,CCW,-29.730228424072266,-0.5748315453529358,0.12640120089054108,24.084379196166992,0.4510391056537628,43.03691482543945
1.440260599993053,30,CCW,-29.83395767211914,-0.5939410328865051,0.03571908548474312,24.089214324951172,0.3649669885635376,43.03761672973633
1.4502542999980506,30,CCW,-29.772188186645508,-0.6107088923454285,-0.03392837196588516,24.0827693939209,0.4343346357345581,43.038307189941406
1.4600998999958392,30,CCW,-29.736268997192383,-0.6355686187744141,0.014538690447807312,24.08599090576172,0.43266206979751587,43.038963317871094
1.4704438999906415,30,CCW,-29.775415420532227,-0.6084158420562744,-0.1194593608379364,24.08599090576172,0.40049028396606445,43.039710998535156
1.4804990999982692,30,CCW,-29.778305053710938,-0.6264654994010925,-0.1351463347673416,24.092437744140625,0.38771769404411316,43.04032516479492
1.490418100001989,30,CCW,-29.742477416992188,-0.736129105091095,0.19288893043994904,24.08599090576172,0.39335718750953674,43.041107177734375
1.500468500002171,30,CCW,-29.817188262939453,-0.49569469690322876,-0.09171603620052338,24.0908260345459,0.4701383411884308,43.041908264160156
1.510040699999081,30,CCW,-29.784379959106445,-0.6836636066436768,0.000605736393481493,24.081157684326172,0.4389880895614624,43.04233169555664
1.5204254999989644,30,CCW,-29.787961959838867,-0.5696932077407837,0.03264310583472252,24.079545974731445,0.4268594980239868,43.042991638183594
1.5301795999985188,30,CCW,-29.791189193725586,-0.5964800715446472,-0.01101773977279663,24.079545974731445,0.4061836898326874,43.04365921020508
1.540163899990148,30,CCW,-29.8592586517334,-0.5409229397773743,-0.23792609572410583,24.07793426513672,0.39080607891082764,43.04438400268555
1.5504646999906981,30,CCW,-29.79407501220703,-0.5549466013908386,0.033089280128479004,24.092437744140625,0.35890474915504456,43.044918060302734
1.5600684999953955,30,CCW,-29.800020217895508,-0.5291748046875,-0.03973481059074402,24.08599090576172,0.401417076587677,43.04558181762695
1.570098500000313,30,CCW,-29.80360221862793,-0.572770893573761,-0.12841852009296417,24.08599090576172,0.40086042881011963,43.04616928100586
1.5801268999930471,30,CCW,-29.695898056030273,-0.6710127592086792,0.10967085510492325,24.0908260345459,0.3925280272960663,43.04682922363281
1.5902553999912925,30,CCW,-29.62786293029785,-0.5453013181686401,-0.02095765806734562,24.089214324951172,0.44638577103614807,43.047996520996094
1.6002627999987453,30,CCW,-29.667272567749023,-0.5315985679626465,-0.03266579657793045,24.079545974731445,0.5031231045722961,43.0487174987793
1.6103520999895409,30,CCW,-29.667272567749023,-0.6272921562194824,-0.03739342465996742,24.074710845947266,0.364656001329422,43.04950714111328
1.6205524999968475,30,CCW,-29.634897232055664,-0.5991968512535095,-0.010902218520641327,24.089214324951172,0.4295467436313629,43.05037307739258
1.6300668999901973,30,CCW,-29.74198341369629,-0.5696825981140137,0.11617374420166016,24.0988826751709,0.46766412258148193,43.05129623413086
1.640411899992614,30,CCW,-29.74198341369629,-0.5477946400642395,-0.061091043055057526,24.087602615356445,0.38622936606407166,43.052040100097656
1.6504106999927899,30,CCW,-29.70917510986328,-0.6025630235671997,0.06368346512317657,24.08599090576172,0.3910940885543823,43.05281448364258
1.6600565999979153,30,CCW,-29.708911895751953,-0.5676582455635071,-0.060363758355379105,24.089214324951172,0.44445931911468506,43.05364227294922
1.6701706000021659,30,CCW,-29.74779510498047,-0.6115858554840088,-0.06458974629640579,24.089214324951172,0.3907611668109894,43.05447006225586
1.6804860999982338,30,CCW,-29.75081443786621,-0.6699469685554504,-0.07906434684991837,24.0908260345459,0.39716577529907227,43.05518341064453
1.690503699996043,30,CCW,-29.649370193481445,-0.584109902381897,0.17272888123989105,24.092437744140625,0.4129646122455597,43.055965423583984
1.7005002999940189,30,CCW,-29.789264678955078,-0.5883356332778931,-0.010136798024177551,24.09404945373535,0.43143951892852783,43.056907653808594
1.7104838999948697,30,CCW,-29.75645637512207,-0.6120477914810181,0.0828428789973259,24.08599090576172,0.3964017927646637,43.05754852294922
1.7200454999983776,30,CCW,-29.723648071289062,-0.6885988712310791,0.010519877076148987,24.092437744140625,0.4571188986301422,43.05820846557617
1.730595999993966,30,CCW,-29.726573944091797,-0.5999366641044617,-0.11123216897249222,24.092437744140625,0.4614934027194977,43.059226989746094
1.740381099996739,30,CCW,-29.798358917236328,-0.5304538607597351,-0.08588280528783798,24.089214324951172,0.37682461738586426,43.05987548828125
1.7500417999981437,30,CCW,-29.732742309570312,-0.5614068508148193,0.16539791226387024,24.089214324951172,0.41933971643447876,43.06044387817383
1.7602360000018962,30,CCW,-29.771455764770508,-0.6662729382514954,0.025343310087919235,24.079545974731445,0.38347864151000977,43.061214447021484
1.770201499995892,30,CCW,-29.77464485168457,-0.6484642028808594,-0.13180670142173767,24.084379196166992,0.39011362195014954,43.062103271484375
1.7801952000008896,30,CCW,-29.74226951599121,-0.5920875668525696,0.05392887443304062,24.079545974731445,0.39827147126197815,43.06270980834961
1.7905501999921398,30,CCW,-29.679841995239258,-0.5559200644493103,-0.07141156494617462,24.081157684326172,0.37190258502960205,43.06360626220703
1.800235699993209,30,CCW,-29.682727813720703,-0.6510787606239319,0.20081333816051483,24.089214324951172,0.3893234133720398,43.06443405151367
1.8104135999892605,30,CCW,-29.75726890563965,-0.5302254557609558,-0.09581030905246735,24.092437744140625,0.4038568139076233,43.06529998779297
1.8200384999945527,30,CCW,-29.721311569213867,-0.5473930239677429,0.011160001158714294,24.08599090576172,0.3863797187805176,43.06585693359375
1.8304595999943558,30,CCW,-29.694881439208984,-0.6698521971702576,0.11602946370840073,24.092437744140625,0.4092675745487213,43.06681442260742
1.8404894999985117,30,CCW,-29.799211502075195,-0.5552343130111694,-0.14899477362632751,24.084379196166992,0.38997992873191833,43.06757736206055
1.8504816999920877,30,CCW,-29.80219268798828,-0.5596241354942322,-0.002497985027730465,24.0827693939209,0.4026225805282593,43.068077087402344
1.860842900001444,30,CCW,-29.733989715576172,-0.5830771327018738,0.09300502389669418,24.092437744140625,0.400179922580719,43.06886291503906
1.8701304999995045,30,CCW,-29.841075897216797,-0.6095737218856812,-0.11224908381700516,24.095659255981445,0.4562513828277588,43.06953430175781
1.8805220999929588,30,CCW,-29.80826759338379,-0.6141982078552246,-0.017060134559869766,24.092437744140625,0.42537668347358704,43.070072174072266
1.8900503999902867,30,CCW,-29.778608322143555,-0.6219703555107117,0.07114522159099579,24.0908260345459,0.4031235873699188,43.07072448730469
1.9000545000017155,30,CCW,-29.781835556030273,-0.5519432425498962,-0.05294432491064072,24.089214324951172,0.3943820893764496,43.071319580078125
1.910036899993429,30,CCW,-29.817625045776367,-0.5460076928138733,-0.07388947904109955,24.089214324951172,0.3597721457481384,43.071922302246094
1.9200373999919975,30,CCW,-29.72006607055664,-0.662757933139801,0.062464162707328796,24.081157684326172,0.41561567783355713,43.07258605957031
1.9300352999998722,30,CCW,-29.722990036010742,-0.5562000274658203,-0.12414886057376862,24.089214324951172,0.4233420491218567,43.07341766357422
1.9400944999943022,30,CCW,-29.759212493896484,-0.49632930755615234,0.149933323264122,24.09404945373535,0.44139522314071655,43.07404327392578
1.9500193999992916,30,CCW,-29.726404190063477,-0.6829196214675903,0.037086036056280136,24.095659255981445,0.4300415515899658,43.07465362548828
1.9600635999959195,30,CCW,-29.765512466430664,-0.6141757369041443,-0.07869811356067657,24.081157684326172,0.502444326877594,43.07546615600586
1.9701632999931462,30,CCW,-29.836904525756836,-0.5652450919151306,0.017770014703273773,24.0827693939209,0.4201456606388092,43.076114654541016
1.9804588999977568,30,CCW,-29.90467643737793,-0.6244010329246521,-0.07261108607053757,24.0908260345459,0.3213164508342743,43.076446533203125
1.9907183999894187,30,CCW,-29.800121307373047,-0.5917707085609436,0.17975443601608276,24.079545974731445,0.3976114094257355,43.076988220214844
3.300010575912893e-06,40,CCW,-39.79486846923828,-0.627325177192688,-0.0661964938044548,24.084379196166992,0.6358736157417297,43.401275634765625
0.010450000001583248,40,CCW,-39.69744110107422,-0.678399384021759,0.09523696452379227,24.09404945373535,0.600113570690155,43.40211486816406
0.020244600003934465,40,CCW,-39.6316032409668,-0.6757890582084656,-0.02893225848674774,24.084379196166992,0.5939463973045349,43.40339660644531
0.030154400010360405,40,CCW,-39.63518524169922,-0.5852896571159363,0.09923022985458374,24.08599090576172,0.5967684388160706,43.404178619384766
0.04034500000125263,40,CCW,-39.53719711303711,-0.6833992600440979,0.10625506937503815,24.092437744140625,0.6001774668693542,43.405517578125
0.050374500002362765,40,CCW,-39.605567932128906,-0.7146536707878113,-0.11443637311458588,24.0827693939209,0.6005555391311646,43.406856536865234
0.06050090001372155,40,CCW,-39.57319259643555,-0.6885321736335754,0.23173166811466217,24.087602615356445,0.6030629277229309,43.40796661376953
0.07011930001317523,40,CCW,-39.60875701904297,-0.6911157965660095,-0.0508124977350235,24.0908260345459,0.5488644242286682,43.4091911315918
0.08010940000531264,40,CCW,-39.61233901977539,-0.602907657623291,0.21212877333164215,24.0908260345459,0.5845889449119568,43.41029739379883
0.09018070000456646,40,CCW,-39.687538146972656,-0.7182406783103943,0.0009062960743904114,24.0908260345459,0.5316383838653564,43.41136169433594
0.10050880000926554,40,CCW,-39.69046401977539,-0.6097787618637085,-0.1581389158964157,24.089214324951172,0.5073229670524597,43.41264343261719
0.11045510000258218,40,CCW,-39.65769577026367,-0.6003554463386536,-0.0001642191782593727,24.084379196166992,0.5787902474403381,43.41365432739258
0.12048480000521522,40,CCW,-39.66429901123047,-0.7174598574638367,0.08584538847208023,24.0827693939209,0.6112317442893982,43.41483688354492
0.13013910000154283,40,CCW,-39.66701889038086,-0.6823017001152039,0.11631262302398682,24.0908260345459,0.570264458656311,43.41576385498047
0.14037030001054518,40,CCW,-39.595272064208984,-0.7505646347999573,0.044464968144893646,24.087602615356445,0.5784848928451538,43.417179107666016
0.15020110001205467,40,CCW,-39.70590591430664,-0.5995530486106873,-0.08178629726171494,24.087602615356445,0.6145848631858826,43.41823959350586
0.16023580000910442,40,CCW,-39.63796615600586,-0.6641554236412048,0.09128867089748383,24.09404945373535,0.6041174530982971,43.419410705566406
0.17011740000452846,40,CCW,-39.640724182128906,-0.8263638615608215,-0.06709465384483337,24.092437744140625,0.5618079304695129,43.420753479003906
0.18030620001081843,40,CCW,-39.67668151855469,-0.6995482444763184,-0.20355422794818878,24.0827693939209,0.5566405653953552,43.42185592651367
0.1904629000055138,40,CCW,-39.6506462097168,-0.6418346762657166,-0.1028304472565651,24.087602615356445,0.5846086144447327,43.42313766479492
0.20033540000440553,40,CCW,-39.686771392822266,-0.6737269163131714,-0.07841767370700836,24.0827693939209,0.5871924161911011,43.424129486083984
0.21053840000240598,40,CCW,-39.692813873291016,-0.7112102508544922,0.13761523365974426,24.0908260345459,0.5345337986946106,43.425140380859375
0.22044950000417884,40,CCW,-39.72837829589844,-0.6782275438308716,-0.008172455243766308,24.08599090576172,0.5909286737442017,43.42620086669922
0.2302409000112675,40,CCW,-39.799957275390625,-0.6144198179244995,-0.12122038751840591,24.095659255981445,0.5330167412757874,43.426883697509766
0.24027070000011008,40,CCW,-39.76416778564453,-0.642142117023468,-0.17171405255794525,24.097270965576172,0.5572379231452942,43.42781448364258
0.25044010000419803,40,CCW,-39.73222351074219,-0.6373634338378906,0.05405789613723755,24.08599090576172,0.5857867002487183,43.42866134643555
0.26021910000417847,40,CCW,-39.66345977783203,-0.599916934967041,-0.04387102276086807,24.084379196166992,0.6230596303939819,43.42951202392578
0.27033500000834465,40,CCW,-39.666648864746094,-0.6605674624443054,-0.0002422928810119629,24.084379196166992,0.6039929986000061,43.43094253540039
0.2805320000043139,40,CCW,-39.666648864746094,-0.6230257153511047,0.10427036136388779,24.095659255981445,0.619695782661438,43.43196105957031
0.29034669999964535,40,CCW,-39.708984375,-0.594089925289154,-0.03266852721571922,24.08599090576172,0.619351863861084,43.4329719543457
0.30037730000913143,40,CCW,-39.67634582519531,-0.7031826376914978,-0.0875651016831398,24.084379196166992,0.5625764727592468,43.433902740478516
0.31044390000170097,40,CCW,-39.71194839477539,-0.5953912734985352,-0.020253872498869896,24.0827693939209,0.6344085931777954,43.434959411621094
0.32051410000713076,40,CCW,-39.74751281738281,-0.6801452040672302,0.011302098631858826,24.084379196166992,0.5715412497520447,43.436038970947266
0.33014730000286363,40,CCW,-39.74790573120117,-0.6586875319480896,-0.05153152346611023,24.08599090576172,0.6168491244316101,43.43700408935547
0.3401475999999093,40,CCW,-39.617671966552734,-0.6484841108322144,0.027420908212661743,24.081157684326172,0.5611153841018677,43.438079833984375
0.3501470000046538,40,CCW,-39.653236389160156,-0.7030196785926819,0.10708435624837875,24.089214324951172,0.5229539275169373,43.43936538696289
0.36049170000478625,40,CCW,-39.65668869018555,-0.6942059993743896,0.014245603233575821,24.089214324951172,0.5882138609886169,43.44040298461914
0.37034020001010504,40,CCW,-39.62750244140625,-0.6814780235290527,0.03844081610441208,24.081157684326172,0.5816457867622375,43.441524505615234
0.38002770001185127,40,CCW,-39.6989860534668,-0.8154659867286682,-0.020277095958590508,24.07793426513672,0.6232982873916626,43.442466735839844
0.39041170000564307,40,CCW,-39.66940689086914,-0.6770380139350891,-0.023800022900104523,24.07793426513672,0.5458944439888,43.44364929199219
0.4000893000047654,40,CCW,-39.70497131347656,-0.626167356967926,-0.13279707729816437,24.092437744140625,0.7038494348526001,43.444732666015625
0.41011060000164434,40,CCW,-39.708553314208984,-0.6604772806167603,0.1964065134525299,24.087602615356445,0.6144797801971436,43.44560623168945
0.4201222000119742,40,CCW,-39.71174240112305,-0.6842965483665466,0.15484143793582916,24.092437744140625,0.4427827000617981,43.44671630859375
0.4302353000093717,40,CCW,-39.71506118774414,-0.7204174399375916,0.018649041652679443,24.089214324951172,0.5783626437187195,43.44780349731445
0.44038060000457335,40,CCW,-39.64646530151367,-0.7246888875961304,-0.000916347315069288,24.081157684326172,0.6641031503677368,43.4488639831543
0.45011070001055487,40,CCW,-39.617408752441406,-0.7253217697143555,-0.14344659447669983,24.0908260345459,0.6033519506454468,43.44996643066406
0.46023799999966286,40,CCW,-39.62042999267578,-0.69017493724823,0.05994490534067154,24.087602615356445,0.5308128595352173,43.45104217529297
0.47052370000164956,40,CCW,-39.69182205200195,-0.6543201208114624,0.023170799016952515,24.09404945373535,0.5333594083786011,43.45246505737305
0.4802234000089811,40,CCW,-39.727779388427734,-0.6066030263900757,-0.11302274465560913,24.095659255981445,0.5997767448425293,43.453609466552734
0.49035490000096615,40,CCW,-39.5975456237793,-0.6351557374000549,0.06023921072483063,24.095659255981445,0.5039414763450623,43.45468521118164
0.5003826000029221,40,CCW,-39.63294219970703,-0.7183507084846497,-0.16688743233680725,24.076322555541992,0.6402133107185364,43.4559326171875
0.5104035000113072,40,CCW,-39.7081413269043,-0.6960991024971008,0.12934370338916779,24.079545974731445,0.5753561854362488,43.45668029785156
0.5201258000015514,40,CCW,-39.67878723144531,-0.6553980708122253,-0.10964633524417877,24.089214324951172,0.5954036712646484,43.457881927490234
0.5302080000110436,40,CCW,-39.75074005126953,-0.676512598991394,-0.16583317518234253,24.105329513549805,0.6491062045097351,43.45896530151367
0.54022610001266,40,CCW,-39.649600982666016,-0.68711918592453,-0.03799373656511307,24.092437744140625,0.5522327423095703,43.459964752197266
0.5503344000026118,40,CCW,-39.68516540527344,-0.7487717270851135,-0.11732273548841476,24.09404945373535,0.5382463932037354,43.461151123046875
0.5604293000069447,40,CCW,-39.65279006958008,-0.6468954086303711,0.04628334194421768,24.081157684326172,0.5884498357772827,43.4620361328125
0.5704995000123745,40,CCW,-39.587608337402344,-0.5776192545890808,-0.02187371626496315,24.074710845947266,0.660435676574707,43.463436126708984
0.5802220000041416,40,CCW,-39.65913009643555,-0.7287374138832092,-0.0646357536315918,24.087602615356445,0.5729326605796814,43.46456527709961
0.5902872000006028,40,CCW,-39.695518493652344,-0.7045071125030518,0.052436769008636475,24.08599090576172,0.6254369616508484,43.465545654296875
0.6004812000028323,40,CCW,-39.66646194458008,-0.6679900288581848,-0.04276128113269806,24.103717803955078,0.5610425472259521,43.46677017211914
0.6104181000118842,40,CCW,-39.73811721801758,-0.7795359492301941,-0.011569201946258545,24.07793426513672,0.5751892924308777,43.46771240234375
0.6204963000054704,40,CCW,-39.780941009521484,-0.6612479090690613,-0.02564612776041031,24.0827693939209,0.5946740508079529,43.46867752075195
0.6300954000034835,40,CCW,-39.78425979614258,-0.64780193567276,-0.04765305668115616,24.09404945373535,0.5162610411643982,43.46935272216797
0.6405479000095511,40,CCW,-39.68627166748047,-0.5678833723068237,0.02481929212808609,24.087602615356445,0.5720610618591309,43.4700927734375
0.6502696000097785,40,CCW,-39.72183609008789,-0.6470018029212952,-0.08730729669332504,24.092437744140625,0.6162387728691101,43.47111892700195
0.6602650000131689,40,CCW,-39.65031433105469,-0.5455180406570435,-0.03501895070075989,24.0908260345459,0.6441290974617004,43.47208786010742
0.6704924000077881,40,CCW,-39.58513259887695,-0.6881999969482422,0.25535133481025696,24.089214324951172,0.7047544717788696,43.47319793701172
0.680316900004982,40,CCW,-39.656654357910156,-0.5735172629356384,-0.13869121670722961,24.0827693939209,0.6378243565559387,43.474308013916016
0.6903804000030505,40,CCW,-39.69291305541992,-0.6520479917526245,0.20267465710639954,24.087602615356445,0.6043860912322998,43.47541046142578
0.7003726000111783,40,CCW,-39.732059478759766,-0.6717430949211121,0.15666019916534424,24.087602615356445,0.5674235820770264,43.47650909423828
0.7103379000036512,40,CCW,-39.735511779785156,-0.6407142281532288,0.06290801614522934,24.08599090576172,0.5994147062301636,43.47724151611328
0.7203343000001041,40,CCW,-39.76831817626953,-0.711996853351593,0.0295092836022377,24.095659255981445,0.48088696599006653,43.47816848754883
0.7302646000025561,40,CCW,-39.84010314941406,-0.6733956933021545,-0.1737442910671234,24.0827693939209,0.49146026372909546,43.47905349731445
0.7402637000050163,40,CCW,-39.8077278137207,-0.6265305280685425,0.03380707651376724,24.07793426513672,0.5818631649017334,43.47956085205078
0.7502893000055337,40,CCW,-39.74616622924805,-0.7216232419013977,0.19260387122631073,24.1069393157959,0.6019301414489746,43.48057174682617
0.7800824000005377,40,CCW,-39.72056198120117,-0.6716287136077881,-0.1287224441766739,24.081157684326172,0.6860189437866211,43.48368835449219
0.7844488000118872,40,CCW,-39.651798248291016,-0.6310508251190186,0.0509009063243866,24.0988826751709,0.5527942776679993,43.48415756225586
0.788547500007553,40,CCW,-39.651798248291016,-0.5663003921508789,0.01892188936471939,24.103717803955078,0.6241596937179565,43.48466873168945
0.7929156000027433,40,CCW,-39.619422912597656,-0.6917973160743713,-0.01996171474456787,24.0827693939209,0.5822069048881531,43.48519515991211
0.8000408000079915,40,CCW,-39.65498733520508,-0.6273414492607117,-0.14538003504276276,24.0827693939209,0.5690315961837769,43.48605728149414
0.8100840000115568,40,CCW,-39.69094467163086,-0.6543445587158203,-0.08615128695964813,24.092437744140625,0.6138483285903931,43.487117767333984
0.8204818000085652,40,CCW,-39.5935173034668,-0.7276623845100403,-0.0626891627907753,24.089214324951172,0.6032132506370544,43.48836898803711
0.8300368000054732,40,CCW,-39.6650390625,-0.7989727258682251,0.0630108192563057,24.092437744140625,0.6337651610374451,43.489418029785156
0.8403477000101702,40,CCW,-39.66849136352539,-0.6638118028640747,0.18009677529335022,24.0908260345459,0.6071803569793701,43.49042510986328
0.8505088000092655,40,CCW,-39.711090087890625,-0.6401158571243286,-0.059570711106061935,24.087602615356445,0.5272894501686096,43.491458892822266
0.8601324000046588,40,CCW,-39.677852630615234,-0.7107319831848145,-0.03600102290511131,24.08599090576172,0.608765721321106,43.49250411987305
0.8702487000118708,40,CCW,-39.645477294921875,-0.6138241291046143,0.029656901955604553,24.08599090576172,0.640913724899292,43.49349594116211
0.880355100001907,40,CCW,-39.75278854370117,-0.6125699281692505,-0.0675448477268219,24.0908260345459,0.5664328336715698,43.49443435668945
0.8901172000041697,40,CCW,-39.75239562988281,-0.6398049592971802,-0.004451476037502289,24.089214324951172,0.5549682378768921,43.49513626098633
0.9001381000125548,40,CCW,-39.787960052490234,-0.654608428478241,0.014171510934829712,24.08599090576172,0.5787228345870972,43.4959831237793
0.9263417000038316,40,CCW,-39.65504455566406,-0.6855050325393677,-0.06554016470909119,24.08599090576172,0.5178758502006531,43.49845504760742
0.9309298000007402,40,CCW,-39.655006408691406,-0.7540604472160339,0.08253531157970428,24.08599090576172,0.5594748258590698,43.49873352050781
0.9345837000000756,40,CCW,-39.655006408691406,-0.8614981174468994,-0.12464605271816254,24.097270965576172,0.6196839213371277,43.499305725097656
0.940374800004065,40,CCW,-39.62263107299805,-0.6280955076217651,-0.03393905237317085,24.087602615356445,0.634503185749054,43.49990463256836
0.950219600010314,40,CCW,-39.59344482421875,-0.639166533946991,0.051562413573265076,24.084379196166992,0.5717940330505371,43.50092697143555
0.9603043000097387,40,CCW,-39.63189697265625,-0.6905234456062317,0.046169739216566086,24.095659255981445,0.5666106939315796,43.50209426879883
0.9703737000090769,40,CCW,-39.67091369628906,-0.6118154525756836,0.04959876835346222,24.097270965576172,0.5417848825454712,43.503257751464844
0.9802917000051821,40,CCW,-39.78141403198242,-0.8248171210289001,-0.03602093830704689,24.092437744140625,0.5633227229118347,43.504276275634766
0.9903310000081547,40,CCW,-39.853031158447266,-0.629081130027771,0.007904525846242905,24.087602615356445,0.6318058967590332,43.5047492980957
1.0000449000071967,40,CCW,-39.8241081237793,-0.653704822063446,0.048811689019203186,24.100494384765625,0.5945448279380798,43.50547790527344
1.0100984000018798,40,CCW,-39.82086181640625,-0.6079883575439453,-0.0726161003112793,24.0827693939209,0.64319908618927,43.506202697753906
1.0200990000012098,40,CCW,-39.69023513793945,-0.6726732850074768,0.028437592089176178,24.092437744140625,0.5760233998298645,43.50694274902344
1.0302551000058884,40,CCW,-39.72904586791992,-0.6417574286460876,0.012963876128196716,24.081157684326172,0.6289941668510437,43.507911682128906
1.0402193000045372,40,CCW,-39.732666015625,-0.6218902468681335,0.03403467684984207,24.100494384765625,0.6117900013923645,43.50856018066406
1.050359800006845,40,CCW,-39.76823043823242,-0.6688088178634644,0.03597007319331169,24.0827693939209,0.6267456412315369,43.50950241088867
1.0603768000000855,40,CCW,-39.8041877746582,-0.555691123008728,-0.13255754113197327,24.089214324951172,0.5984514951705933,43.51017379760742
1.0705233000044245,40,CCW,-39.80422592163086,-0.6312513947486877,-0.027572743594646454,24.089214324951172,0.5689185857772827,43.510833740234375
1.0803493000130402,40,CCW,-39.768211364746094,-0.7069918513298035,-0.045224256813526154,24.084379196166992,0.5671495795249939,43.51167297363281
1.090179300008458,40,CCW,-39.80420684814453,-0.562895655632019,-0.06904067099094391,24.092437744140625,0.6111708879470825,43.51221466064453
1.1001205000065966,40,CCW,-39.7032356262207,-0.7547832131385803,0.32109418511390686,24.07793426513672,0.6048460006713867,43.513153076171875
1.1103258000075584,40,CCW,-39.70616149902344,-0.7065691947937012,0.04547877609729767,24.08599090576172,0.6981030702590942,43.514122009277344
1.120376800012309,40,CCW,-39.63441467285156,-0.739234983921051,-0.059126075357198715,24.081157684326172,0.6949644088745117,43.515445709228516
1.13047170000209,40,CCW,-39.637733459472656,-0.6480254530906677,-0.14418667554855347,24.0908260345459,0.627960205078125,43.516544342041016
1.1402144000021508,40,CCW,-39.569007873535156,-0.6378121972084045,0.24852412939071655,24.0827693939209,0.5811048746109009,43.51768493652344
1.150464500009548,40,CCW,-39.64013671875,-0.622256875038147,-0.14111250638961792,24.089214324951172,0.6293640732765198,43.5189094543457
1.1602056000119774,40,CCW,-39.67609405517578,-0.6029241681098938,-0.07930638641119003,24.07793426513672,0.6375355124473572,43.519935607910156
1.1701948000118136,40,CCW,-39.57853698730469,-0.7114192247390747,0.14691004157066345,24.08599090576172,0.5929656028747559,43.52116394042969
1.1803423000092153,40,CCW,-39.6498908996582,-0.6866568922996521,0.08051367849111557,24.084379196166992,0.5799540281295776,43.522396087646484
1.1902682000072673,40,CCW,-39.653472900390625,-0.7358775734901428,0.03406643867492676,24.0908260345459,0.5928377509117126,43.52349853515625
1.20033200000762,40,CCW,-39.66007614135742,-0.5951818227767944,-0.0868324488401413,24.074710845947266,0.6000362038612366,43.524742126464844
1.2100772000121651,40,CCW,-39.767818450927734,-0.682902455329895,-0.12167611718177795,24.087602615356445,0.6309261322021484,43.525638580322266
1.2202569000073709,40,CCW,-39.66667938232422,-0.7163645625114441,0.05864466726779938,24.084379196166992,0.5553909540176392,43.52669906616211
1.230539800002589,40,CCW,-39.77044677734375,-0.6806051135063171,-0.20331670343875885,24.09404945373535,0.6663942933082581,43.52778244018555
1.2400976000062656,40,CCW,-39.73767852783203,-0.869003415107727,0.07839182019233704,24.0908260345459,0.5638267397880554,43.52851867675781
1.2504775000124937,40,CCW,-39.740867614746094,-0.6763021945953369,-0.029309095814824104,24.0908260345459,0.6634344458580017,43.52935791015625
1.260293500003172,40,CCW,-39.7765998840332,-0.6965645551681519,-0.12614986300468445,24.0908260345459,0.5252794623374939,43.53001403808594
1.2703420000034384,40,CCW,-39.77663803100586,-0.5990214347839355,-0.02758871018886566,24.089214324951172,0.5467952489852905,43.5307731628418
1.2801691000058781,40,CCW,-39.77982711791992,-0.775956392288208,-0.0987439975142479,24.084379196166992,0.4699905514717102,43.531455993652344
1.2901543000043603,40,CCW,-39.783447265625,-0.7715947031974792,0.08684089034795761,24.081157684326172,0.5529307723045349,43.53205490112305
1.3003441000037128,40,CCW,-39.783447265625,-0.5709285140037537,0.06164844334125519,24.089214324951172,0.6013617515563965,43.53286361694336
1.3101827000064077,40,CCW,-39.790218353271484,-0.7270779013633728,-0.06443951278924942,24.081157684326172,0.5020796656608582,43.53347396850586
1.3204138000000967,40,CCW,-39.757843017578125,-0.6672556400299072,0.06216317415237427,24.092437744140625,0.5930491089820862,43.53416442871094
1.3305173000117065,40,CCW,-39.76142501831055,-0.5944759249687195,-0.07261313498020172,24.084379196166992,0.5990620851516724,43.53499984741211
1.3401199000072666,40,CCW,-39.72904968261719,-0.5447254180908203,-0.04975534602999687,24.087602615356445,0.5734058618545532,43.5358772277832
1.3501448000024538,40,CCW,-39.79768371582031,-0.6682716608047485,0.019402749836444855,24.09404945373535,0.5135318040847778,43.53663635253906
1.360184200006188,40,CCW,-39.90499496459961,-0.6378586888313293,0.0038602501153945923,24.087602615356445,0.5637127757072449,43.53711700439453
1.3701781000127085,40,CCW,-39.875770568847656,-0.6021919250488281,-0.02381032332777977,24.081157684326172,0.5475627779960632,43.53757095336914
1.3804543000005651,40,CCW,-39.9149169921875,-0.6861979961395264,-0.059324126690626144,24.087602615356445,0.554415225982666,43.53813171386719
1.390365600003861,40,CCW,-39.95091247558594,-0.6448732018470764,-0.08857940882444382,24.089214324951172,0.49684837460517883,43.538570404052734
1.4002863000059733,40,CCW,-39.87916564941406,-0.5881186723709106,0.09554959833621979,24.089214324951172,0.6270788311958313,43.53904724121094
1.410250900007668,40,CCW,-39.84994125366211,-0.6429532766342163,-0.12317726761102676,24.07793426513672,0.5194056630134583,43.53947067260742
1.4213903000054415,40,CCW,-39.81756591796875,-0.6578630208969116,0.05465887859463692,24.08599090576172,0.6967807412147522,43.54032516479492
1.4302879000024404,40,CCW,-39.68431091308594,-0.5416653156280518,-0.07812638580799103,24.0908260345459,0.5284088850021362,43.5411262512207
1.4404403000080492,40,CCW,-39.72285842895508,-0.6580541729927063,0.05048410966992378,24.079545974731445,0.6628846526145935,43.54214859008789
1.4504472000116948,40,CCW,-39.657676696777344,-0.6790004968643188,0.050811681896448135,24.084379196166992,0.5540355443954468,43.543121337890625
1.4604224000067916,40,CCW,-39.76498794555664,-0.5817543864250183,-0.09153948724269867,24.097270965576172,0.5693067312240601,43.544189453125
1.4703284000133863,40,CCW,-39.73265075683594,-0.6612003445625305,0.08345424383878708,24.0908260345459,0.5632425546646118,43.54488754272461
1.4800477000098908,40,CCW,-39.76821517944336,-0.7221342325210571,0.041811272501945496,24.092437744140625,0.5819337368011475,43.54579544067383
1.4904731000133324,40,CCW,-39.84000015258789,-0.6934562921524048,-0.03105374239385128,24.09404945373535,0.5458883047103882,43.54647445678711
1.5004383000050439,40,CCW,-39.7684211730957,-0.7394563555717468,0.1537160873413086,24.092437744140625,0.607004702091217,43.54722595214844
1.5103579000133323,40,CCW,-39.83652877807617,-0.5902524590492249,-0.03842224180698395,24.08599090576172,0.5819641947746277,43.54790115356445
1.520280200013076,40,CCW,-39.80713653564453,-0.597805917263031,0.06628517061471939,24.0908260345459,0.6367512941360474,43.54872131347656
1.5302749000111362,40,CCW,-39.810157775878906,-0.6792890429496765,-0.03216356039047241,24.092437744140625,0.6833480596542358,43.54963684082031
1.540179600007832,40,CCW,-39.81291580200195,-0.5955759286880493,0.19471465051174164,24.0908260345459,0.5992022156715393,43.550384521484375
1.5500434999994468,40,CCW,-39.77712631225586,-0.6585960388183594,-0.09765756875276566,24.092437744140625,0.6102316379547119,43.55115509033203
1.5601072999997996,40,CCW,-39.8162727355957,-0.5717254877090454,-0.20143388211727142,24.10210609436035,0.6662906408309937,43.55182647705078
1.570024500004365,40,CCW,-39.78416061401367,-0.6971439123153687,0.09430408477783203,24.07793426513672,0.6018787026405334,43.552452087402344
1.5800468000088586,40,CCW,-39.68673324584961,-0.6483578681945801,-0.10496244579553604,24.084379196166992,0.654086172580719,43.55345153808594
1.5903506000031484,40,CCW,-39.689453125,-0.7289341688156128,-0.011174216866493225,24.103717803955078,0.5600865483283997,43.55453872680664
1.6005385000025854,40,CCW,-39.65707778930664,-0.7774659395217896,0.03277016431093216,24.0827693939209,0.6911954283714294,43.55582809448242
1.6100347000028705,40,CCW,-39.76438903808594,-0.7209505438804626,0.04881417751312256,24.081157684326172,0.5605658888816833,43.55664825439453
1.6203531000064686,40,CCW,-39.73122787475586,-0.7403119206428528,0.026523463428020477,24.092437744140625,0.5940868258476257,43.55741500854492
1.6304608000064036,40,CCW,-39.76679229736328,-0.6617882251739502,-0.0405537411570549,24.092437744140625,0.5931335687637329,43.558433532714844
1.640209600009257,40,CCW,-39.80274963378906,-0.6884508728981018,0.005964651703834534,24.0827693939209,0.6016325950622559,43.55914306640625
1.650268800003687,40,CCW,-39.70519256591797,-0.6311441659927368,-0.09346834570169449,24.08599090576172,0.6808469295501709,43.56000900268555
1.66036000000895,40,CCW,-39.70851135253906,-0.6743258237838745,0.09372829645872116,24.08599090576172,0.6080183386802673,43.56093215942383
1.6701429000095231,40,CCW,-39.67898941040039,-0.6941288113594055,0.2501632273197174,24.0908260345459,0.596907913684845,43.5620231628418
1.680403500009561,40,CCW,-39.71455383300781,-0.7477710843086243,-0.043003059923648834,24.092437744140625,0.5394691228866577,43.56310272216797
1.6900796000118135,40,CCW,-39.785945892333984,-0.6234478950500488,0.15199866890907288,24.079545974731445,0.5957114696502686,43.563873291015625
1.700482700005523,40,CCW,-39.78896713256836,-0.6323155164718628,-0.03096589259803295,24.097270965576172,0.6992412805557251,43.56481170654297
1.710384800011525,40,CCW,-39.82456970214844,-0.649575412273407,-0.09055893868207932,24.08599090576172,0.5294729471206665,43.56593704223633
1.7203632000018843,40,CCW,-39.86035919189453,-0.6657776832580566,0.19735199213027954,24.0988826751709,0.5317772626876831,43.566341400146484
1.730377200001385,40,CCW,-39.83790588378906,-0.6266330480575562,-0.0339185893535614,24.09404945373535,0.550610363483429,43.56708526611328
1.7403951000014786,40,CCW,-39.83449172973633,-0.67087322473526,-0.11446815729141235,24.089214324951172,0.6116796135902405,43.56760025024414
1.7504133000038564,40,CCW,-39.701107025146484,-0.5946194529533386,0.05572906881570816,24.0827693939209,0.6555598378181458,43.56839370727539
1.760452800008352,40,CCW,-39.775875091552734,-0.662264883518219,-0.07203695178031921,24.084379196166992,0.5587554574012756,43.569297790527344
1.7703731000074185,40,CCW,-39.73991775512695,-0.5939561128616333,-0.11501868069171906,24.089214324951172,0.6565231680870056,43.56999206542969
1.7800522000034107,40,CCW,-39.775482177734375,-0.6017214059829712,-0.03312612697482109,24.084379196166992,0.5389323234558105,43.57070541381836
1.7904099000006681,40,CCW,-39.850250244140625,-0.6256478428840637,-0.013258613646030426,24.08599090576172,0.6286875605583191,43.571319580078125
1.8000540000066394,40,CCW,-39.781917572021484,-0.6716443300247192,0.16349968314170837,24.0827693939209,0.6154300570487976,43.57197952270508
1.810058900009608,40,CCW,-39.82063293457031,-0.6734049916267395,-0.11140818893909454,24.079545974731445,0.6751643419265747,43.57279968261719
1.8202861000027042,40,CCW,-39.89198684692383,-0.7137718796730042,-0.09248443692922592,24.07793426513672,0.534517765045166,43.57330322265625
1.8304320000024745,40,CCW,-39.93100357055664,-0.5999297499656677,-0.19659660756587982,24.081157684326172,0.651824951171875,43.57383346557617
1.8405594000068959,40,CCW,-39.93484878540039,-0.6699243783950806,0.008653774857521057,24.079545974731445,0.5922256708145142,43.574378967285156
1.8503186000016285,40,CCW,-39.86629104614258,-0.6734549403190613,0.01991039514541626,24.09404945373535,0.5972923040390015,43.57476806640625
1.8604812000121456,40,CCW,-39.86948013305664,-0.7545735836029053,-0.004864649847149849,24.087602615356445,0.5672035217285156,43.57536315917969
1.8704009000066435,40,CCW,-39.80075454711914,-0.6372339129447937,0.013490624725818634,24.0908260345459,0.6623526215553284,43.575836181640625
1.8800827000086429,40,CCW,-39.807132720947266,-0.7005743980407715,0.03178169205784798,24.095659255981445,0.6445020437240601,43.57661819458008
1.8902222000033362,40,CCW,-39.846073150634766,-0.6468998193740845,-0.00947544351220131,24.0908260345459,0.597437858581543,43.5772590637207
1.900122700011707,40,CCW,-39.85659408569336,-0.6726467609405518,0.1391184777021408,24.089214324951172,0.5698350667953491,43.57899475097656
1.9262092000135453,40,CCW,-39.85659408569336,-0.6582035422325134,0.02434135600924492,24.089214324951172,0.5755050182342529,43.57941436767578
1.931136900006095,40,CCW,-39.89215850830078,-0.6656902432441711,-0.01433677226305008,24.0908260345459,0.6298279166221619,43.579734802246094
1.935787500013248,40,CCW,-39.92811584472656,-0.7943929433822632,0.013423323631286621,24.087602615356445,0.5392364263534546,43.57992172241211
1.9403376000118442,40,CCW,-39.93109893798828,-0.6162930727005005,0.06034238636493683,24.079545974731445,0.5153146982192993,43.58010482788086
1.9504592000012053,40,CCW,-39.970245361328125,-0.7122515439987183,-0.0394761897623539,24.09404945373535,0.5592155456542969,43.580474853515625
1.9605430000083288,40,CCW,-39.876007080078125,-0.6487968564033508,-0.04051437973976135,24.08599090576172,0.5557152032852173,43.58106994628906
1.970496900001308,40,CCW,-39.81069564819336,-0.5644843578338623,-0.10764113068580627,24.089214324951172,0.61806720495224,43.58159637451172
1.980288400009158,40,CCW,-39.785091400146484,-0.6393684148788452,0.11068513989448547,24.08599090576172,0.5640887022018433,43.58248519897461
1.9902887000062037,40,CCW,-39.81763458251953,-0.6719838976860046,-0.07323496043682098,24.0908260345459,0.5483163595199585,43.58300018310547
3.5999983083456755e-06,50,CCW,-49.677677154541016,-0.6677941083908081,0.08618990331888199,24.089214324951172,0.8696024417877197,43.9694938659668
0.010192200003075413,50,CCW,-49.68125915527344,-0.7636181116104126,-0.1986038088798523,24.081157684326172,0.8181516528129578,43.97046661376953
0.02020990000164602,50,CCW,-49.65121078491211,-0.7315845489501953,-0.09772616624832153,24.079545974731445,0.6098771691322327,43.97142028808594
0.030248700000811368,50,CCW,-49.690486907958984,-0.7193398475646973,-0.0046490877866744995,24.0827693939209,0.7852664589881897,43.97270965576172
0.04027910000877455,50,CCW,-49.65469741821289,-0.7544806599617004,-0.030077554285526276,24.097270965576172,0.8053075075149536,43.973785400390625
0.05039430000761058,50,CCW,-49.62826919555664,-0.7912089228630066,0.061929360032081604,24.095659255981445,0.7747809290885925,43.97520065307617
0.060255899996263906,50,CCW,-49.5994758605957,-0.7743189930915833,-0.0520540326833725,24.089214324951172,0.7670881152153015,43.97639465332031
0.07030910000321455,50,CCW,-49.602928161621094,-0.6919776201248169,-0.262265145778656,24.089214324951172,0.8289087414741516,43.97821807861328
0.08017840000684373,50,CCW,-49.54033660888672,-0.7089219689369202,-0.07594040036201477,24.0827693939209,0.758858859539032,43.97953414916992
0.09026350000931416,50,CCW,-49.615440368652344,-0.7280154824256897,-0.11205413937568665,24.09404945373535,0.7626346945762634,43.9810791015625
0.10045820000232197,50,CCW,-49.615440368652344,-0.6780284643173218,-0.053230710327625275,24.081157684326172,0.6296029090881348,43.98203659057617
0.11025870000594296,50,CCW,-49.69028091430664,-0.7268279194831848,-0.13330277800559998,24.0827693939209,0.7886587381362915,43.98335647583008
0.12015539999993052,50,CCW,-49.62466812133789,-0.7428761124610901,0.09125891327857971,24.089214324951172,0.833374559879303,43.98440170288086
0.1301969000051031,50,CCW,-49.699378967285156,-0.7032827734947205,-0.21726997196674347,24.095659255981445,0.9105877876281738,43.98575973510742
0.14030840000486933,50,CCW,-49.70240020751953,-0.7045889496803284,0.1349620521068573,24.089214324951172,0.8440706133842468,43.98665237426758
0.15030010000918992,50,CCW,-49.74150848388672,-0.6314329504966736,-0.21607643365859985,24.0827693939209,0.8403563499450684,43.98798370361328
0.1604388999985531,50,CCW,-49.643089294433594,-0.7574958801269531,0.06853654980659485,24.089214324951172,0.6941594481468201,43.98885726928711
0.17032050000852905,50,CCW,-49.68236541748047,-0.7686980366706848,0.02591516077518463,24.08599090576172,0.8690296411514282,43.99012756347656
0.18017750000581145,50,CCW,-49.54245376586914,-0.723046600818634,0.15796902775764465,24.0827693939209,0.8143129348754883,43.99147415161133
0.19023819999711122,50,CCW,-49.57801818847656,-0.7174943089485168,-0.024297334253787994,24.092437744140625,0.8396100997924805,43.99333953857422
0.20032519999949727,50,CCW,-49.54866409301758,-0.7503915429115295,0.04796270281076431,24.092437744140625,0.7663047909736633,43.994571685791016
0.2104271999996854,50,CCW,-49.588035583496094,-0.7596789002418518,-0.003243453800678253,24.092437744140625,0.7822874188423157,43.99591827392578
0.22050290000333916,50,CCW,-49.659690856933594,-0.6636489629745483,-0.048869892954826355,24.089214324951172,0.8309100866317749,43.997432708740234
0.23050590000639204,50,CCW,-49.699493408203125,-0.6316357254981995,0.0006749555468559265,24.079545974731445,0.7393175363540649,43.99849319458008
0.24014150000584777,50,CCW,-49.745113372802734,-0.7205916047096252,0.0013303644955158234,24.092437744140625,0.6979115009307861,43.999698638916016
0.2504654000076698,50,CCW,-49.81348419189453,-0.7336518168449402,-0.14205476641654968,24.092437744140625,0.7242887616157532,44.00082778930664
0.26052419999905396,50,CCW,-49.741737365722656,-0.7755785584449768,0.06970082968473434,24.087602615356445,0.7372375130653381,44.00170135498047
0.2701881999964826,50,CCW,-49.81027603149414,-0.8410482406616211,-0.029132694005966187,24.09404945373535,0.731210470199585,44.002742767333984
0.28031790000386536,50,CCW,-49.777469635009766,-0.6609405875205994,0.0025595426559448242,24.0827693939209,0.6266210675239563,44.00355911254883
0.29029790000640787,50,CCW,-49.679779052734375,-0.7482858896255493,-0.06799593567848206,24.0908260345459,0.8105025887489319,44.004390716552734
0.3000585999980103,50,CCW,-49.57890319824219,-0.6786947250366211,0.17720144987106323,24.087602615356445,0.7273625135421753,44.005672454833984
0.3105807000101777,50,CCW,-49.546695709228516,-0.7236095070838928,0.12064836174249649,24.0908260345459,0.8822796940803528,44.00724792480469
0.32010969999828376,50,CCW,-49.54971694946289,-0.7508715391159058,0.1756702959537506,24.092437744140625,0.8339245319366455,44.00910949707031
0.3302153999975417,50,CCW,-49.588600158691406,-0.7448039054870605,-0.16030758619308472,24.087602615356445,0.8309900760650635,44.010616302490234
0.3405219999986002,50,CCW,-49.58843231201172,-0.6626472473144531,-0.02359016239643097,24.10210609436035,0.8229207396507263,44.011680603027344
0.35022020000906195,50,CCW,-49.6271858215332,-0.725457489490509,-0.21352043747901917,24.095659255981445,0.8884063959121704,44.01302719116211
0.3600633000023663,50,CCW,-49.663143157958984,-0.6886938810348511,-0.011345848441123962,24.087602615356445,0.7274167537689209,44.01435852050781
0.3703635999991093,50,CCW,-49.70189666748047,-0.7630564570426941,-0.14850673079490662,24.079545974731445,0.7305664420127869,44.01557159423828
0.38055319999693893,50,CCW,-49.666107177734375,-0.7440577149391174,0.11511411517858505,24.09404945373535,0.7063044905662537,44.01657485961914
0.3903868000052171,50,CCW,-49.672054290771484,-0.7409795522689819,-0.14523564279079437,24.092437744140625,0.8594244718551636,44.017940521240234
0.40048989999922924,50,CCW,-49.6360969543457,-0.7576538324356079,0.13487891852855682,24.087602615356445,0.6734457015991211,44.01890182495117
0.41029420000268146,50,CCW,-49.67441940307617,-0.7572367191314697,-0.08602713793516159,24.08599090576172,0.8220040798187256,44.02048873901367
0.42029190000903327,50,CCW,-49.60966873168945,-0.8191229104995728,0.2261408418416977,24.0827693939209,0.7750179767608643,44.021785736083984
0.43021520000183955,50,CCW,-49.645233154296875,-0.7717257142066956,-0.115501269698143,24.0827693939209,0.8616305589675903,44.023372650146484
0.44049510000331793,50,CCW,-49.65187454223633,-0.8373199701309204,0.20347914099693298,24.097270965576172,0.7317583560943604,44.02466583251953
0.4504725000006147,50,CCW,-49.7231330871582,-0.681292712688446,-0.20317327976226807,24.08599090576172,0.7603432536125183,44.026100158691406
0.46005580000928603,50,CCW,-49.7231330871582,-0.7457826733589172,0.19453495740890503,24.0908260345459,0.8601022362709045,44.02693557739258
0.4705296000029193,50,CCW,-49.7264518737793,-0.7350677251815796,-0.07889002561569214,24.087602615356445,0.7848494052886963,44.027862548828125
0.4805196000088472,50,CCW,-49.726619720458984,-0.7435082793235779,0.13747622072696686,24.0908260345459,0.7076429724693298,44.02877426147461
0.49036660000274424,50,CCW,-49.66738510131836,-0.7938929200172424,-0.05884931609034538,24.087602615356445,0.8725218772888184,44.02996063232422
0.5003319999959785,50,CCW,-49.63142776489258,-0.6391732692718506,0.32542264461517334,24.087602615356445,0.8430113196372986,44.03110885620117
0.5100748999975622,50,CCW,-49.53071975708008,-0.7548061609268188,0.03451473265886307,24.0908260345459,0.7997369170188904,44.0327033996582
0.5205134999996517,50,CCW,-49.60260009765625,-0.747934103012085,-0.0737764984369278,24.0908260345459,0.8078033924102783,44.03407287597656
0.5302643000031821,50,CCW,-49.60618209838867,-0.6832156777381897,-0.01458662748336792,24.0827693939209,0.7841039896011353,44.035194396972656
0.5404455999960192,50,CCW,-49.677799224853516,-0.7412144541740417,0.03754972666501999,24.089214324951172,0.7517755031585693,44.036476135253906
0.5503380000009201,50,CCW,-49.75273513793945,-0.6540088653564453,-0.12669020891189575,24.081157684326172,0.6986573338508606,44.037601470947266
0.5602111000043806,50,CCW,-49.788692474365234,-0.6809529066085815,0.050885919481515884,24.097270965576172,0.8385935425758362,44.038692474365234
0.5929188000009162,50,CCW,-49.83110427856445,-0.7908318638801575,-0.0353284552693367,24.084379196166992,0.7755935788154602,44.0412712097168
0.5974433000083081,50,CCW,-49.83110427856445,-0.8241797089576721,0.055040862411260605,24.079545974731445,0.7796365022659302,44.0416374206543
0.6016757000033977,50,CCW,-49.73039627075195,-0.7268003821372986,0.15194134414196014,24.092437744140625,0.7525290846824646,44.04195785522461
0.6054716000071494,50,CCW,-49.69460678100586,-0.6500482559204102,0.12547516822814941,24.0827693939209,0.9173786640167236,44.04238510131836
0.6101446999964537,50,CCW,-49.727149963378906,-0.7261343002319336,-0.09931045025587082,24.074710845947266,0.7692115306854248,44.04308319091797
0.6201941000035731,50,CCW,-49.69438171386719,-0.7164649367332458,-0.04370121657848358,24.0827693939209,0.7557220458984375,44.04411315917969
0.6304587000049651,50,CCW,-49.593841552734375,-0.7128135561943054,-0.03745584189891815,24.0827693939209,0.8404520153999329,44.04541778564453
0.6405194999970263,50,CCW,-49.596824645996094,-0.716709554195404,-0.09508407115936279,24.092437744140625,0.8457611799240112,44.04697799682617
0.6501725999987684,50,CCW,-49.570228576660156,-0.8280889987945557,0.06056216359138489,24.087602615356445,0.8317995667457581,44.04807662963867
0.6600514000019757,50,CCW,-49.56996536254883,-0.6893365979194641,0.151289165019989,24.0827693939209,0.8423159718513489,44.049320220947266
0.6700432000070577,50,CCW,-49.677146911621094,-0.7564210891723633,0.2445264607667923,24.0908260345459,0.8550174832344055,44.0506706237793
0.6801888000045437,50,CCW,-49.71625518798828,-0.6670793294906616,0.19980008900165558,24.087602615356445,0.8730581998825073,44.051876068115234
0.6902546000055736,50,CCW,-49.72259521484375,-0.758213222026825,0.19319292902946472,24.092437744140625,0.7313159108161926,44.053009033203125
0.700201300001936,50,CCW,-49.797401428222656,-0.7316983938217163,0.09814360737800598,24.089214324951172,0.7469353675842285,44.0538330078125
0.7101035000086995,50,CCW,-49.7292366027832,-0.7991424798965454,0.015489034354686737,24.089214324951172,0.7631731033325195,44.054935455322266
0.7202120000001742,50,CCW,-49.764408111572266,-0.6832532286643982,0.09056831896305084,24.0908260345459,0.7083527445793152,44.05586624145508
0.7302924999967217,50,CCW,-49.8393440246582,-0.744655430316925,-0.08687260001897812,24.0908260345459,0.8522331118583679,44.05684280395508
0.7402595000021392,50,CCW,-49.80653762817383,-0.776386559009552,0.05999080836772919,24.087602615356445,0.7406187057495117,44.05742645263672
0.7503848000051221,50,CCW,-49.7412223815918,-0.730184018611908,0.03159457445144653,24.095659255981445,0.7242271304130554,44.05849075317383
0.7604035999975167,50,CCW,-49.66960525512695,-0.8248631358146667,0.1875845044851303,24.084379196166992,0.8112572431564331,44.05946731567383
0.770206600005622,50,CCW,-49.601009368896484,-0.796981930732727,-0.09785652160644531,24.0988826751709,0.7874196767807007,44.06103515625
0.7804619000089588,50,CCW,-49.570960998535156,-0.7623921632766724,0.05578691512346268,24.07793426513672,0.7725159525871277,44.06257629394531
0.7904249999992317,50,CCW,-49.541473388671875,-0.812384307384491,-0.2011917382478714,24.087602615356445,0.8549590706825256,44.06407928466797
0.8003515000018524,50,CCW,-49.50547790527344,-0.824074923992157,0.019714221358299255,24.097270965576172,0.8190245032310486,44.06535339355469
0.8103685999958543,50,CCW,-49.54126739501953,-0.6924370527267456,-0.04566970467567444,24.092437744140625,0.8992129564285278,44.066898345947266
0.8203799000038998,50,CCW,-49.580020904541016,-0.7335988283157349,0.19202370941638947,24.08599090576172,0.7790002822875977,44.06844711303711
0.8305213999992702,50,CCW,-49.65512466430664,-0.7816964387893677,-0.13138338923454285,24.087602615356445,0.7809615135192871,44.06999588012695
0.8400335000042105,50,CCW,-49.72349548339844,-0.6381115317344666,-0.08948041498661041,24.087602615356445,0.858674943447113,44.07088088989258
0.8501262000063434,50,CCW,-49.7266845703125,-0.7653575539588928,-0.17399746179580688,24.0988826751709,0.9120827913284302,44.072086334228516
0.8604866999958176,50,CCW,-49.76264190673828,-0.6100817322731018,0.10490026324987411,24.087602615356445,0.73143470287323,44.072998046875
0.8702384000062011,50,CCW,-49.700218200683594,-0.7362867593765259,-0.07096833735704422,24.0827693939209,0.8059940338134766,44.07400131225586
0.8804330999992089,50,CCW,-49.774986267089844,-0.7207260727882385,-0.011393368244171143,24.076322555541992,0.7388553619384766,44.07497787475586
0.8903814000077546,50,CCW,-49.710235595703125,-0.6716076135635376,0.03549441695213318,24.0988826751709,0.8758412599563599,44.076148986816406
0.9001817999960622,50,CCW,-49.746063232421875,-0.6509225964546204,-0.17274174094200134,24.074710845947266,0.7860048413276672,44.0772819519043
0.9101763000071514,50,CCW,-49.58030319213867,-0.7720280885696411,-0.10098462551832199,24.089214324951172,0.8375369310379028,44.078330993652344
0.9202595000097062,50,CCW,-49.6878776550293,-0.7279388904571533,-0.08805973827838898,24.0827693939209,0.671172559261322,44.079376220703125
0.9301591999974335,50,CCW,-49.69106674194336,-0.7182486653327942,0.054995566606521606,24.09404945373535,0.7822989821434021,44.08040237426758
0.9401308000087738,50,CCW,-49.830360412597656,-0.7261865139007568,-0.12509594857692719,24.095659255981445,0.6765917539596558,44.08149719238281
0.9501354999956675,50,CCW,-49.79759216308594,-0.8416494727134705,-0.026343874633312225,24.100494384765625,0.7419567704200745,44.08229064941406
0.9605050999962259,50,CCW,-49.87236022949219,-0.6405051946640015,-0.14823848009109497,24.07793426513672,0.7292819619178772,44.08293914794922
0.9705027000018163,50,CCW,-49.804195404052734,-0.6863152980804443,0.004105508327484131,24.089214324951172,0.8218407034873962,44.08368682861328
0.980450800008839,50,CCW,-49.84294891357422,-0.6877440810203552,0.05027218908071518,24.092437744140625,0.8019049167633057,44.08462142944336
0.9904448000015691,50,CCW,-49.7028694152832,-0.7672045826911926,0.013250261545181274,24.0908260345459,0.743371307849884,44.0857048034668
1.0004435000009835,50,CCW,-49.67325210571289,-0.7527572512626648,0.034831319004297256,24.08599090576172,0.8415741324424744,44.08686065673828
1.0101851000072202,50,CCW,-49.60850143432617,-0.7279518246650696,0.0035306215286254883,24.07793426513672,0.8111334443092346,44.08802795410156
1.0202471000084188,50,CCW,-49.680118560791016,-0.7327936291694641,0.1871168166399002,24.08599090576172,0.873263955116272,44.08914566040039
1.0302489000023343,50,CCW,-49.6153678894043,-0.7929487228393555,0.05949481576681137,24.076322555541992,0.8638831377029419,44.090538024902344
1.0402717999968445,50,CCW,-49.615535736083984,-0.7082463502883911,0.05733112245798111,24.10210609436035,0.8585148453712463,44.09173583984375
1.0500238000095123,50,CCW,-49.65412139892578,-0.6167396306991577,-0.12633632123470306,24.08599090576172,0.7790308594703674,44.092926025390625
1.0605091000034008,50,CCW,-49.69322967529297,-0.7867515087127686,-0.0012185610830783844,24.087602615356445,0.9340025782585144,44.09438705444336
1.078128299996024,50,CCW,-49.69671630859375,-0.7580671310424805,-0.11039342731237411,24.087602615356445,0.8398425579071045,44.09664535522461
1.082391899995855,50,CCW,-49.69671630859375,-0.7877158522605896,0.09466342628002167,24.089214324951172,0.865696370601654,44.09699630737305
1.0901468000083696,50,CCW,-49.6994743347168,-0.653292715549469,-0.1181502416729927,24.095659255981445,0.8981038331985474,44.09822082519531
1.1000745000055758,50,CCW,-49.70318603515625,-0.7309520840644836,-0.008580736815929413,24.08599090576172,0.9281132221221924,44.09922409057617
1.1100365000020247,50,CCW,-49.67041778564453,-0.7512129545211792,-0.09816716611385345,24.076322555541992,0.7303064465522766,44.100555419921875
1.1200573000096483,50,CCW,-49.70930099487305,-0.6514877080917358,-0.061839163303375244,24.087602615356445,0.8718335032463074,44.10158920288086
1.130274900002405,50,CCW,-49.67351150512695,-0.7054591178894043,-0.10512048751115799,24.084379196166992,0.8863471746444702,44.102684020996094
1.1405162000010023,50,CCW,-49.67985153198242,-0.7973350286483765,-0.08261432498693466,24.089214324951172,0.8525618314743042,44.104000091552734
1.1500579999992624,50,CCW,-49.539939880371094,-0.749707043170929,0.29109475016593933,24.0908260345459,0.8098397254943848,44.10540008544922
1.1603822000033688,50,CCW,-49.67949676513672,-0.7927418351173401,-0.06128149479627609,24.0827693939209,0.8209855556488037,44.10676574707031
1.1701092000002973,50,CCW,-49.686492919921875,-0.667104959487915,-0.0637020468711853,24.081157684326172,0.8319782018661499,44.10806655883789
1.1800920000096085,50,CCW,-49.793540954589844,-0.7517152428627014,-0.1389181911945343,24.092437744140625,0.7155783772468567,44.10916519165039
1.1900855999992928,50,CCW,-49.793540954589844,-0.7291475534439087,-0.014954522252082825,24.084379196166992,0.7366825342178345,44.10996627807617
1.2002858000050765,50,CCW,-49.90391159057617,-0.7949122190475464,-0.03048202581703663,24.089214324951172,0.8519749045372009,44.11091613769531
1.2100804000074277,50,CCW,-49.9036865234375,-0.7730356454849243,-0.026786431670188904,24.087602615356445,0.8084419965744019,44.11151885986328
1.2201458000054117,50,CCW,-49.87446212768555,-0.7741826176643372,0.13957099616527557,24.08599090576172,0.762765645980835,44.11219024658203
1.2302141999971354,50,CCW,-49.7410774230957,-0.7188084721565247,-0.09178127348423004,24.07793426513672,0.8211531043052673,44.11310958862305
1.2403752999962308,50,CCW,-49.74469757080078,-0.7553598284721375,0.13865146040916443,24.092437744140625,0.8396036624908447,44.113948822021484
1.2504103000101168,50,CCW,-49.682273864746094,-0.695461094379425,-0.05755988508462906,24.087602615356445,0.7297438383102417,44.11503982543945
1.2603939999971772,50,CCW,-49.685855865478516,-0.7081233263015747,0.05889446288347244,24.079545974731445,0.8252345323562622,44.11606979370117
1.2701391000009608,50,CCW,-49.68861389160156,-0.794597327709198,0.11621234565973282,24.087602615356445,0.6868710517883301,44.11705780029297
1.2802347999968333,50,CCW,-49.76381301879883,-0.6991757750511169,0.020276950672268867,24.07793426513672,0.786110520362854,44.118038177490234
1.290109699999448,50,CCW,-49.73143768310547,-0.7957190275192261,0.10285497456789017,24.084379196166992,0.7942944765090942,44.118919372558594
1.3004189000057522,50,CCW,-49.80256652832031,-0.7773967981338501,-0.06801940500736237,24.08599090576172,0.8237757086753845,44.12002182006836
1.3100674000015715,50,CCW,-49.76660919189453,-0.7845425009727478,0.04443293809890747,24.081157684326172,0.7064674496650696,44.12080383300781
1.3203584000002593,50,CCW,-49.84154510498047,-0.6820554733276367,0.07699856162071228,24.0827693939209,0.6381089091300964,44.12165069580078
1.3303578000050038,50,CCW,-49.84516525268555,-0.7551788687705994,-0.2439485788345337,24.097270965576172,0.9052897095680237,44.12260437011719
1.3403579000005266,50,CCW,-49.883880615234375,-0.7667615413665771,-0.08347855508327484,24.095659255981445,0.8605931997299194,44.123294830322266
1.3502408000058495,50,CCW,-49.85084915161133,-0.7520025968551636,0.08014348894357681,24.0908260345459,0.8476885557174683,44.1238899230957
1.3602596999990055,50,CCW,-49.78583526611328,-0.6414424180984497,-0.10796826332807541,24.09404945373535,0.8292803168296814,44.12462615966797
1.370578200003365,50,CCW,-49.72065353393555,-0.7781952023506165,0.048008088022470474,24.084379196166992,0.8201340436935425,44.12553405761719
1.3805223000090336,50,CCW,-49.72721862792969,-0.7197859883308411,-0.1305735558271408,24.084379196166992,0.7732301354408264,44.126502990722656
1.390218200001982,50,CCW,-49.66203689575195,-0.7912942171096802,0.06223139539361,24.0908260345459,0.8432952165603638,44.127296447753906
1.4002142000099411,50,CCW,-49.665618896484375,-0.739529550075531,0.025468457490205765,24.08599090576172,0.7961177825927734,44.12869644165039
1.4102274000033503,50,CCW,-49.70765686035156,-0.6956438422203064,0.01503002643585205,24.084379196166992,0.6208522319793701,44.129852294921875
1.4204987999983132,50,CCW,-49.77987289428711,-0.7500303983688354,0.0602741539478302,24.087602615356445,0.7922734618186951,44.13105773925781
1.430127800005721,50,CCW,-49.750648498535156,-0.709621787071228,-0.0859091579914093,24.087602615356445,0.8021095991134644,44.1319580078125
1.4403279999969527,50,CCW,-49.78923416137695,-0.7662485241889954,-0.22555571794509888,24.092437744140625,0.7862081527709961,44.13322067260742
1.4504754000081448,50,CCW,-49.79264831542969,-0.7474830150604248,0.29430830478668213,24.0827693939209,0.9008541107177734,44.13429641723633
1.46017700000084,50,CCW,-49.82834243774414,-0.6824719309806824,0.0653417557477951,24.079545974731445,0.755169153213501,44.13488006591797
1.4702683000068646,50,CCW,-49.795406341552734,-0.7006481885910034,0.09012770652770996,24.0908260345459,0.7240242958068848,44.13576889038086
1.4804134000005433,50,CCW,-49.8316650390625,-0.660487174987793,-0.15884168446063995,24.0988826751709,0.7862587571144104,44.1367073059082
1.4903940000076545,50,CCW,-49.769840240478516,-0.7677577137947083,0.09118397533893585,24.079545974731445,0.8689721822738647,44.13749694824219
1.5003842000005534,50,CCW,-49.874000549316406,-0.8507833480834961,-0.05522529035806656,24.079545974731445,0.9056851267814636,44.13850021362305
1.510193199996138,50,CCW,-49.80514144897461,-0.7531991004943848,-0.17155617475509644,24.097270965576172,0.7556582093238831,44.139427185058594
1.5201003999973182,50,CCW,-49.80872344970703,-0.7186263799667358,-0.08131880313158035,24.0908260345459,0.7693406343460083,44.140235900878906
1.5303483000025153,50,CCW,-49.776611328125,-0.8229331374168396,0.007142364978790283,24.079545974731445,0.8354848027229309,44.14107131958008
1.54031360000954,50,CCW,-49.812870025634766,-0.7180553078651428,-0.002977915108203888,24.097270965576172,0.9162541031837463,44.141868591308594
1.5500364000035916,50,CCW,-49.75127029418945,-0.6702154278755188,-0.09723427146673203,24.087602615356445,0.805768609046936,44.142818450927734
1.5601297999965027,50,CCW,-49.82982635498047,-0.8274908065795898,0.12340735644102097,24.09404945373535,0.7478429079055786,44.14630126953125
1.5892029000096954,50,CCW,-49.86565399169922,-0.7553576827049255,-0.0033095143735408783,24.092437744140625,0.7673044204711914,44.14652633666992
1.5931345999997575,50,CCW,-49.86565399169922,-0.7661255598068237,0.025192439556121826,24.081157684326172,0.6987360119819641,44.14690017700195
1.5968189999985043,50,CCW,-49.90121841430664,-0.7855981588363647,-0.12031567841768265,24.07793426513672,0.778433084487915,44.1472053527832
1.6004800000082469,50,CCW,-49.972965240478516,-0.7425153851509094,-0.13179926574230194,24.079545974731445,0.7229249477386475,44.147705078125
1.6104936000047019,50,CCW,-49.87471389770508,-0.718775749206543,0.15835973620414734,24.0988826751709,0.8038153648376465,44.14820098876953
1.6203661000035936,50,CCW,-49.946929931640625,-0.6998977065086365,-0.16820907592773438,24.08599090576172,0.7680809497833252,44.14884948730469
1.6303537000057986,50,CCW,-49.81358337402344,-0.6503920555114746,-0.011827051639556885,24.084379196166992,0.7457196116447449,44.149559020996094
1.6405009000009159,50,CCW,-49.81358337402344,-0.6395326256752014,-0.19441117346286774,24.084379196166992,0.8203340768814087,44.15046310424805
1.6504985000065062,50,CCW,-49.713043212890625,-0.6578533053398132,-0.08227000385522842,24.0988826751709,0.8887250423431396,44.151302337646484
1.6601787999970838,50,CCW,-49.74860763549805,-0.7522531747817993,-0.14888644218444824,24.071489334106445,0.8272629380226135,44.15237808227539
1.6701782000018284,50,CCW,-49.78417205810547,-0.8113799095153809,-0.07642187178134918,24.0827693939209,0.8350942134857178,44.15329360961914
1.6801187000091886,50,CCW,-49.82331848144531,-0.8332086205482483,-0.05658259242773056,24.0988826751709,0.8095970153808594,44.153926849365234
1.6904538000089815,50,CCW,-49.8267707824707,-0.5475059151649475,0.03200022131204605,24.07793426513672,0.7407435178756714,44.15472412109375
1.7004680999962147,50,CCW,-49.826602935791016,-0.7103360295295715,-0.14480793476104736,24.09404945373535,0.6862604022026062,44.155670166015625
1.710237599996617,50,CCW,-49.794227600097656,-0.6392064094543457,0.079356849193573,24.08599090576172,0.8654856085777283,44.15636444091797
1.720461200005957,50,CCW,-49.832942962646484,-0.8752769827842712,-0.0808742567896843,24.089214324951172,0.85909503698349,44.157318115234375
1.730163200001698,50,CCW,-49.767066955566406,-0.7039414048194885,0.04206416755914688,24.08599090576172,0.8611298203468323,44.15790557861328
1.7400959000078728,50,CCW,-49.80643844604492,-0.8067272305488586,0.19466064870357513,24.084379196166992,0.7739123106002808,44.158790588378906
1.7503185000095982,50,CCW,-49.81304168701172,-0.7218712568283081,-0.004352599382400513,24.087602615356445,0.8047483563423157,44.159751892089844
1.7602175000065472,50,CCW,-49.84562301635742,-0.7362627387046814,-0.03954102098941803,24.0908260345459,0.7042468786239624,44.16100311279297
1.7702430000063032,50,CCW,-49.84838104248047,-0.7767184972763062,-0.040150515735149384,24.084379196166992,0.7964648008346558,44.16157531738281
1.7802368999982718,50,CCW,-49.85196304321289,-0.7256112098693848,-0.12130741775035858,24.08599090576172,0.858715295791626,44.16236877441406
1.790493200009223,50,CCW,-49.85856628417969,-0.7455151677131653,-0.1049651950597763,24.089214324951172,0.7403867840766907,44.16292953491211
1.8000381000019843,50,CCW,-49.822383880615234,-0.6966603994369507,-0.21103326976299286,24.087602615356445,0.7301082015037537,44.16371536254883
1.8100370000029216,50,CCW,-49.860931396484375,-0.7526082992553711,0.06392942368984222,24.08599090576172,0.8233345150947571,44.164249420166016
1.8203670000075363,50,CCW,-49.9713020324707,-0.7064602375030518,-0.09223996847867966,24.092437744140625,0.7877348065376282,44.16505813598633
1.830401900006109,50,CCW,-49.938270568847656,-0.7135695219039917,0.058977097272872925,24.1069393157959,0.7307983636856079,44.165679931640625
1.840391300007468,50,CCW,-50.01298141479492,-0.7687101364135742,-0.10529367625713348,24.0827693939209,0.7528874278068542,44.16630172729492
1.8504487000027439,50,CCW,-49.94438552856445,-0.6994035840034485,0.07566212862730026,24.08599090576172,0.7290166616439819,44.16661071777344
1.8603432000090834,50,CCW,-49.91217803955078,-0.7409069538116455,-0.0035231634974479675,24.084379196166992,0.6951695680618286,44.16701889038086
1.870668300005491,50,CCW,-49.78181457519531,-0.7377841472625732,0.14123320579528809,24.0827693939209,0.8882969617843628,44.16758346557617
1.8804994000092847,50,CCW,-49.785396575927734,-0.6805191040039062,-0.0011616796255111694,24.0827693939209,0.7709088325500488,44.16851806640625
1.8900934999983292,50,CCW,-49.75604248046875,-0.7563232183456421,0.004271894693374634,24.084379196166992,0.8516749143600464,44.16929626464844
1.9002700999990338,50,CCW,-49.792301177978516,-0.7034370303153992,-0.1517905443906784,24.0827693939209,0.7811501026153564,44.170249938964844
1.9105109000083758,50,CCW,-49.766265869140625,-0.7766960263252258,0.009226754307746887,24.081157684326172,0.7921249866485596,44.1712532043457
1.9203501000010874,50,CCW,-49.79884719848633,-0.6440099477767944,-0.2106514424085617,24.084379196166992,0.7912652492523193,44.17243194580078
1.930140600001323,50,CCW,-49.87046432495117,-0.7569938898086548,-0.008976802229881287,24.092437744140625,0.7726007699966431,44.17313766479492
1.9400456000003032,50,CCW,-49.906028747558594,-0.7162221670150757,-0.233798548579216,24.087602615356445,0.7785981297492981,44.17387008666992
1.950365900003817,50,CCW,-49.90839385986328,-0.6364006400108337,-0.11581579595804214,24.092437744140625,0.681111752986908,44.17409896850586
1.9603759000019636,50,CCW,-49.94478225708008,-0.6984270811080933,0.03659848868846893,24.095659255981445,0.7981386780738831,44.17460250854492
1.970089000009466,50,CCW,-49.8799934387207,-0.8159067630767822,0.1478395015001297,24.0827693939209,0.9092573523521423,44.175296783447266
1.9805152000044473,50,CCW,-49.80824661254883,-0.6837799549102783,-0.2578624486923218,24.089214324951172,0.7747556567192078,44.17622375488281
1.9905150999984471,50,CCW,-49.74707794189453,-0.7008451819419861,-0.01087304949760437,24.111774444580078,0.8250882029533386,44.177146911621094
5.199995939619839e-06,60,CCW,-59.61332702636719,-0.7909768223762512,-0.028716623783111572,24.07793426513672,1.1000405550003052,44.600379943847656
0.010472599999047816,60,CCW,-59.580596923828125,-0.7763767838478088,-0.08087995648384094,24.084379196166992,1.054980754852295,44.601837158203125
0.020094000006793067,60,CCW,-59.652549743652344,-0.7402309775352478,-0.26839929819107056,24.10210609436035,1.0797498226165771,44.60354232788086
0.030111400003079325,60,CCW,-59.587669372558594,-0.7581339478492737,0.1259554773569107,24.074710845947266,0.9782977104187012,44.6048698425293
0.04011670000909362,60,CCW,-59.55827713012695,-0.7869446873664856,0.14819777011871338,24.092437744140625,0.953959584236145,44.60661697387695
0.05017050000606105,60,CCW,-59.593971252441406,-0.7952877283096313,-0.10058297216892242,24.08599090576172,1.0920202732086182,44.60881805419922
0.06051550000847783,60,CCW,-59.48971939086914,-0.6782759428024292,-0.22113656997680664,24.095659255981445,1.0098509788513184,44.61055374145508
0.07028290000744164,60,CCW,-59.52528381347656,-0.8521847128868103,-0.11001614481210709,24.08599090576172,1.163545846939087,44.61237716674805
0.08030000000144355,60,CCW,-59.45664978027344,-0.8912702798843384,0.4697786867618561,24.084379196166992,0.9961140155792236,44.614166259765625
0.0904350000055274,60,CCW,-59.49519729614258,-0.7759312391281128,0.1497739851474762,24.0827693939209,1.0467352867126465,44.615901947021484
0.10049749999598134,60,CCW,-59.56671905517578,-0.7002761363983154,-0.17664958536624908,24.084379196166992,0.9701907634735107,44.61774826049805
0.1105736000026809,60,CCW,-59.50174331665039,-0.937620222568512,0.32371944189071655,24.0827693939209,1.2048611640930176,44.6197624206543
0.12003859999822453,60,CCW,-59.608699798583984,-0.8553890585899353,-0.22220955789089203,24.07309913635254,1.0662177801132202,44.6213264465332
0.13005700000212528,60,CCW,-59.54329299926758,-0.9475117921829224,0.17504100501537323,24.092437744140625,1.0533124208450317,44.62297821044922
0.1400458999996772,60,CCW,-59.69541549682617,-0.8061526417732239,0.13303060829639435,24.087602615356445,1.0161751508712769,44.62862777709961
0.17224690000875853,60,CCW,-59.6626091003418,-0.8178009390830994,-0.0403195358812809,24.09404945373535,1.0741033554077148,44.62922668457031
0.1770427000010386,60,CCW,-59.69817352294922,-0.7326444983482361,-0.11051932722330093,24.0827693939209,1.0347648859024048,44.62957763671875
0.18060690000129398,60,CCW,-59.665367126464844,-0.6475510001182556,-0.10747465491294861,24.076322555541992,1.1735368967056274,44.630027770996094
0.18459669999720063,60,CCW,-59.736759185791016,-0.7488078474998474,-0.0986013114452362,24.087602615356445,1.0548778772354126,44.63039016723633
0.1901384000084363,60,CCW,-59.707366943359375,-0.8413995504379272,0.3167411983013153,24.0908260345459,0.9023966789245605,44.63091278076172
0.20036719999916386,60,CCW,-59.70753479003906,-0.7782222032546997,0.09296740591526031,24.08599090576172,1.0084830522537231,44.632469177246094
0.2105225999985123,60,CCW,-59.67814254760742,-0.7661451101303101,0.06398656219244003,24.079545974731445,0.814364492893219,44.633934020996094
0.22021300000778865,60,CCW,-59.68090057373047,-0.8039282560348511,-0.17262187600135803,24.087602615356445,0.9451066255569458,44.63490295410156
0.23024780000559986,60,CCW,-59.68063735961914,-0.8238227963447571,-0.09029465913772583,24.0908260345459,0.9985657334327698,44.636146545410156
0.24032350000925362,60,CCW,-59.68335723876953,-0.811832070350647,-0.07253021746873856,24.095659255981445,0.9559383392333984,44.637298583984375
0.2501678999979049,60,CCW,-59.719181060791016,-0.8186452984809875,-0.17215247452259064,24.08599090576172,1.0508897304534912,44.638370513916016
0.26008429999637883,60,CCW,-59.68999481201172,-0.8315941691398621,-0.0030899792909622192,24.087602615356445,1.1433300971984863,44.639400482177734
0.27041820000158623,60,CCW,-59.68986129760742,-0.83607417345047,-0.15142230689525604,24.087602615356445,0.9317348599433899,44.64065170288086
0.2801843000052031,60,CCW,-59.62428665161133,-0.8752836585044861,0.1434389054775238,24.07793426513672,0.9780360460281372,44.642093658447266
0.2901650999992853,60,CCW,-59.624717712402344,-0.7227534651756287,-0.06960128247737885,24.089214324951172,0.9265725016593933,44.64362335205078
0.30018330000166316,60,CCW,-59.595401763916016,-0.7785826921463013,-0.0402730330824852,24.0827693939209,1.0023808479309082,44.64523696899414
0.31001860000833403,60,CCW,-59.59842300415039,-0.9456993937492371,-0.029290206730365753,24.0908260345459,1.008438229560852,44.646759033203125
0.3202058000024408,60,CCW,-59.60161209106445,-0.8748000860214233,0.03946857526898384,24.097270965576172,1.1487617492675781,44.64841079711914
0.3302605000062613,60,CCW,-59.6043701171875,-0.8390271067619324,0.10436611622571945,24.0827693939209,1.1037434339523315,44.65011215209961
0.3403744000097504,60,CCW,-59.61054229736328,-0.8171765208244324,0.1739097237586975,24.081157684326172,1.0538725852966309,44.65166473388672
0.3504899999970803,60,CCW,-59.61343002319336,-0.8552883863449097,-0.1858910620212555,24.08599090576172,0.9827606678009033,44.653236389160156
0.36021210000035353,60,CCW,-59.65253829956055,-0.8987929821014404,0.0740107074379921,24.08599090576172,1.110636830329895,44.654693603515625
0.370251600004849,60,CCW,-59.759849548339844,-0.9242275953292847,-0.14009663462638855,24.089214324951172,1.086967945098877,44.656150817871094
0.38021600000502076,60,CCW,-59.72677993774414,-0.8662083745002747,0.1255379319190979,24.087602615356445,0.9560839533805847,44.657371520996094
0.39049140000133775,60,CCW,-59.80158615112305,-0.6561794281005859,-0.09911242127418518,24.079545974731445,1.0072855949401855,44.658443450927734
0.4004784999997355,60,CCW,-59.80166244506836,-0.8797491192817688,-0.049592018127441406,24.081157684326172,0.9785402417182922,44.65922164916992
0.41012650000629947,60,CCW,-59.769287109375,-0.889846920967102,0.06376112997531891,24.092437744140625,1.0440819263458252,44.65998458862305
0.4201041000051191,60,CCW,-59.80528259277344,-0.7231667637825012,-0.18311229348182678,24.081157684326172,0.9049015641212463,44.66153335571289
0.4301536999992095,60,CCW,-59.7369499206543,-0.8692252039909363,-0.06829112768173218,24.076322555541992,1.078803539276123,44.662513732910156
0.4404941999964649,60,CCW,-59.7369499206543,-0.7860915064811707,-0.04805396497249603,24.084379196166992,0.9822410941123962,44.66337966918945
0.45048480000696145,60,CCW,-59.74026870727539,-0.8057700991630554,-0.1933680772781372,24.079545974731445,0.9634892344474792,44.66468048095703
0.4604993000102695,60,CCW,-59.67253494262695,-0.7780994772911072,0.0624808743596077,24.092437744140625,0.9611212611198425,44.665863037109375
0.4701188000035472,60,CCW,-59.672142028808594,-0.8199946880340576,-0.002471134066581726,24.095659255981445,0.9770728349685669,44.667213439941406
0.48034650000045076,60,CCW,-59.71076583862305,-0.9089103937149048,-0.09903150051832199,24.087602615356445,0.9847907423973083,44.66884231567383
0.4900419000041438,60,CCW,-59.710933685302734,-0.8411708474159241,0.1087111085653305,24.0908260345459,0.9738189578056335,44.67000198364258
0.5003272000030847,60,CCW,-59.61324691772461,-0.723202109336853,0.2626762092113495,24.081157684326172,1.1085151433944702,44.671993255615234
0.5100826999987476,60,CCW,-59.652488708496094,-0.8331049084663391,0.20941390097141266,24.08599090576172,1.0289714336395264,44.67337417602539
0.5204384999960894,60,CCW,-59.62300109863281,-0.8351969718933105,-0.14565512537956238,24.0827693939209,1.1807459592819214,44.67539978027344
0.5304360000009183,60,CCW,-59.55738830566406,-0.7763270139694214,0.0012650880962610245,24.081157684326172,0.9763694405555725,44.676639556884766
0.5405159000074491,60,CCW,-59.592464447021484,-0.8350021839141846,0.10367303341627121,24.079545974731445,1.045728087425232,44.67825698852539
0.5503390000085346,60,CCW,-59.63121795654297,-0.9217339158058167,0.21801172196865082,24.089214324951172,1.1165438890457153,44.67975616455078
0.5604732000065269,60,CCW,-59.599273681640625,-0.8317135572433472,0.06762008368968964,24.08599090576172,1.0710320472717285,44.681373596191406
0.5701829000026919,60,CCW,-59.67079544067383,-0.807344377040863,-0.12806759774684906,24.089214324951172,1.01832115650177,44.682987213134766
0.5802485000021989,60,CCW,-59.63842010498047,-0.8632727265357971,-0.1808842122554779,24.0908260345459,1.0756947994232178,44.68461990356445
0.5902076000056695,60,CCW,-59.67437744140625,-0.6773555278778076,-0.12189338356256485,24.0827693939209,1.0311318635940552,44.685829162597656
0.6003247000044212,60,CCW,-59.713523864746094,-0.9035775065422058,-0.16392165422439575,24.07309913635254,1.0286391973495483,44.68782424926758
0.6104087999992771,60,CCW,-59.681148529052734,-0.8259087204933167,0.05997293069958687,24.089214324951172,0.9861418604850769,44.6892204284668
0.6204335000074934,60,CCW,-59.61285400390625,-0.9289987683296204,-0.29083922505378723,24.084379196166992,1.1140670776367188,44.69086837768555
0.6300962999957846,60,CCW,-59.44692611694336,-1.004437804222107,0.007905326783657074,24.089214324951172,0.9477028250694275,44.69279098510742
0.6402594999963185,60,CCW,-59.48265838623047,-0.8727077841758728,-0.05505381524562836,24.087602615356445,1.0925989151000977,44.69451904296875
0.6504881000000751,60,CCW,-59.417213439941406,-0.8381046056747437,0.08720836043357849,24.0908260345459,0.8465796709060669,44.696197509765625
0.6603885000076843,60,CCW,-59.56333541870117,-0.8376582264900208,0.1891365796327591,24.089214324951172,1.0716667175292969,44.69794845581055
0.6700577000010526,60,CCW,-59.63528823852539,-0.8936758637428284,-0.06416559964418411,24.07309913635254,1.0115314722061157,44.699851989746094
0.6802403000037884,60,CCW,-59.70983123779297,-0.8376407623291016,-0.04993785172700882,24.074710845947266,0.9848506450653076,44.70109939575195
0.6903824000037275,60,CCW,-59.846405029296875,-0.7642070055007935,-0.00047647953033447266,24.092437744140625,1.070878028869629,44.70221710205078
0.7003185000066878,60,CCW,-59.777679443359375,-0.8199409246444702,0.08559976518154144,24.07793426513672,1.0591894388198853,44.70342254638672
0.7100858000048902,60,CCW,-59.85559844970703,-0.8927149772644043,0.06840913742780685,24.079545974731445,1.0533267259597778,44.7040901184082
0.7204392999992706,60,CCW,-59.822959899902344,-0.7337929606437683,-0.2349625676870346,24.084379196166992,1.0490058660507202,44.705379486083984
0.7304437999991933,60,CCW,-59.757423400878906,-0.9101991653442383,-0.031065691262483597,24.09404945373535,0.9657551050186157,44.70637512207031
0.7401263000065228,60,CCW,-59.82881546020508,-0.8436014652252197,-0.05232451856136322,24.092437744140625,0.9789586663246155,44.707584381103516
0.7500460000010207,60,CCW,-59.760257720947266,-0.8696627616882324,-0.08779788762331009,24.0908260345459,1.1969202756881714,44.708370208740234
0.7601936999999452,60,CCW,-59.69507598876953,-0.8374496102333069,-0.06390310823917389,24.084379196166992,1.0850720405578613,44.70966339111328
0.7702761999971699,60,CCW,-59.62664794921875,-0.8264757394790649,0.2117955982685089,24.084379196166992,1.1141560077667236,44.71068572998047
0.7804121000081068,60,CCW,-59.49270248413086,-0.9051922559738159,0.09238503873348236,24.084379196166992,0.8827652931213379,44.712303161621094
0.7901249999995343,60,CCW,-59.561241149902344,-0.9020341038703918,-0.09224779158830643,24.08599090576172,0.958877682685852,44.713844299316406
0.8004677999997512,60,CCW,-59.63621520996094,-0.8335642218589783,-0.16551248729228973,24.087602615356445,1.0996285676956177,44.71598434448242
0.8102214999962598,60,CCW,-59.630043029785156,-0.8461129069328308,0.18921296298503876,24.087602615356445,1.1483408212661743,44.71728515625
0.8204480999993393,60,CCW,-59.773048400878906,-0.7632310390472412,0.03945785015821457,24.079545974731445,1.041337013244629,44.719017028808594
0.8303298999962863,60,CCW,-59.77301025390625,-0.750310480594635,-0.14108140766620636,24.087602615356445,1.1445270776748657,44.71995162963867
0.840171800009557,60,CCW,-59.81155776977539,-0.7534671425819397,-0.0231894850730896,24.084379196166992,0.8669138550758362,44.72103500366211
0.8502771000057692,60,CCW,-59.71097946166992,-0.8460522294044495,0.1817978471517563,24.079545974731445,1.0910316705703735,44.72209548950195
0.8603328000026522,60,CCW,-59.71692657470703,-0.8488007187843323,-0.04437698423862457,24.084379196166992,1.0351005792617798,44.72325134277344
0.8705049999989569,60,CCW,-59.7166633605957,-0.7920374870300293,-0.10680921375751495,24.07793426513672,0.9872453808784485,44.72463607788086
0.8801185000047553,60,CCW,-59.687007904052734,-0.7362491488456726,-0.0545983612537384,24.089214324951172,1.0497123003005981,44.72587203979492
0.8904258999973536,60,CCW,-59.68976593017578,-0.826646089553833,-0.07892248034477234,24.097270965576172,0.9931069612503052,44.72685241699219
0.9001840999990236,60,CCW,-59.68950271606445,-1.0515326261520386,-0.1391087919473648,24.07793426513672,1.0502086877822876,44.72805404663086
0.9104958999960218,60,CCW,-59.72795486450195,-0.7315342426300049,0.0918143093585968,24.084379196166992,0.9750757217407227,44.72903823852539
0.9200714000035077,60,CCW,-59.691864013671875,-1.0268186330795288,-0.03987249359488487,24.087602615356445,0.938105583190918,44.730621337890625
0.9304778000077931,60,CCW,-59.698333740234375,-0.7582381963729858,-0.0636359304189682,24.07793426513672,1.1418063640594482,44.73189926147461
0.9404866999975638,60,CCW,-59.70463562011719,-0.829346776008606,0.07315395772457123,24.089214324951172,0.9716368913650513,44.73310852050781
0.9502973000053316,60,CCW,-59.63945388793945,-0.8947581052780151,0.22138960659503937,24.081157684326172,1.0276339054107666,44.73423767089844
0.9605308000027435,60,CCW,-59.63922882080078,-0.7690321803092957,-0.11661162972450256,24.095659255981445,0.9631623029708862,44.736114501953125
0.9703997000033269,60,CCW,-59.64258575439453,-1.03509521484375,-0.10852214694023132,24.089214324951172,1.13414466381073,44.738311767578125
0.9800630000099773,60,CCW,-59.5774040222168,-0.8170654773712158,-0.02843732386827469,24.079545974731445,1.0276669263839722,44.73956298828125
0.9906584999989718,60,CCW,-59.61615753173828,-0.8814848065376282,0.019416503608226776,24.084379196166992,1.0156818628311157,44.741661071777344
1.0004734999965876,60,CCW,-59.586578369140625,-0.8464793562889099,0.029918640851974487,24.0908260345459,0.9479750990867615,44.74325180053711
1.0104729000013322,60,CCW,-59.65819549560547,-0.7606701850891113,-0.21307241916656494,24.089214324951172,1.0603218078613281,44.744808197021484
1.0209450999973342,60,CCW,-59.69721221923828,-0.9583467841148376,0.20418822765350342,24.084379196166992,0.9159946441650391,44.74613571166992
1.030439900001511,60,CCW,-59.6998405456543,-0.8369171619415283,-0.12226767092943192,24.087602615356445,0.9769723415374756,44.74740219116211
1.0405099000054179,60,CCW,-59.70263671875,-0.7961578369140625,-0.22735726833343506,24.089214324951172,1.052514910697937,44.74907302856445
1.050457400007872,60,CCW,-59.708885192871094,-0.8817527294158936,0.2312372624874115,24.084379196166992,0.971687376499176,44.750030517578125
1.060474300000351,60,CCW,-59.744449615478516,-0.8108808398246765,0.054198186844587326,24.0908260345459,1.09469473361969,44.751338958740234
1.0702222999971127,60,CCW,-59.78346633911133,-0.7896273136138916,-0.13513970375061035,24.0827693939209,1.0591038465499878,44.754417419433594
1.0916432000085479,60,CCW,-59.81880569458008,-0.8611785769462585,-0.14808440208435059,24.0908260345459,0.9483274221420288,44.75471496582031
1.0951499000075273,60,CCW,-59.81880569458008,-0.7760251760482788,-0.08424931764602661,24.081157684326172,0.920297384262085,44.75498962402344
1.1004409000015585,60,CCW,-59.7859992980957,-0.8555383682250977,0.17122122645378113,24.100494384765625,1.0730133056640625,44.75541687011719
1.1104072000016458,60,CCW,-59.792171478271484,-0.767203688621521,0.17318947613239288,24.087602615356445,1.012615442276001,44.75623321533203
1.1204983000061475,60,CCW,-59.723968505859375,-0.8270629048347473,0.12334491312503815,24.08599090576172,1.0405415296554565,44.75725555419922
1.1305226999975275,60,CCW,-59.79558563232422,-0.9624063372612,-0.1281709522008896,24.07793426513672,1.0541257858276367,44.75825119018555
1.140360999997938,60,CCW,-59.86360168457031,-0.8384593725204468,0.03641112148761749,24.100494384765625,1.0012924671173096,44.75942611694336
1.1501381999987643,60,CCW,-59.80747985839844,-0.6414961218833923,-0.03628460317850113,24.081157684326172,0.8993563652038574,44.76200485229492
1.177839199997834,60,CCW,-59.7422981262207,-0.8345060348510742,-0.15751565992832184,24.087602615356445,1.086305022239685,44.7623405456543
1.1815785000071628,60,CCW,-59.742034912109375,-0.7670776844024658,-0.03560637682676315,24.0827693939209,1.1461968421936035,44.76286697387695
1.1855720000021392,60,CCW,-59.709228515625,-0.817165732383728,-0.19975195825099945,24.08599090576172,0.974334180355072,44.763267517089844
1.1901612000074238,60,CCW,-59.7090950012207,-0.86590576171875,-0.09312128275632858,24.0827693939209,1.1605664491653442,44.76401901245117
1.2002059000078589,60,CCW,-59.53318786621094,-0.7687624096870422,-0.24424444139003754,24.0827693939209,1.0493059158325195,44.765987396240234
1.21033480000915,60,CCW,-59.506553649902344,-0.8260959386825562,-0.04703494906425476,24.081157684326172,0.9949689507484436,44.76765060424805
1.220390500006033,60,CCW,-59.473876953125,-0.8645914793014526,-0.16819530725479126,24.0827693939209,1.2454614639282227,44.76986312866211
1.2303898999962257,60,CCW,-59.474082946777344,-0.8411886096000671,0.22005227208137512,24.081157684326172,1.0312983989715576,44.771785736083984
1.2404083000001265,60,CCW,-59.545082092285156,-0.9670107364654541,0.024473130702972412,24.089214324951172,1.2672903537750244,44.77383041381836
1.250335400007316,60,CCW,-59.51227569580078,-0.8800974488258362,0.21286088228225708,24.087602615356445,1.1563149690628052,44.77552032470703
1.2602806000068085,60,CCW,-59.5577278137207,-0.7634246349334717,0.3038618862628937,24.092437744140625,0.9427251815795898,44.77745056152344
1.2705475999973714,60,CCW,-59.59661102294922,-0.8930447101593018,-0.004129897803068161,24.0827693939209,1.0190759897232056,44.77888870239258
1.2801677999959793,60,CCW,-59.739620208740234,-0.7717079520225525,0.023466482758522034,24.081157684326172,1.0121876001358032,44.78049087524414
1.2902257999958238,60,CCW,-59.810787200927734,-0.7069222331047058,0.0365372896194458,24.07793426513672,1.0508334636688232,44.78173065185547
1.3001041000097757,60,CCW,-59.77775573730469,-0.7786199450492859,0.055081576108932495,24.089214324951172,1.0563671588897705,44.78248977661133
1.3100709999998799,60,CCW,-59.81966018676758,-0.8058410286903381,0.038263168185949326,24.0908260345459,1.044465184211731,44.78342056274414
1.32003899999836,60,CCW,-59.78702163696289,-0.7593977451324463,0.22247201204299927,24.084379196166992,0.9541217684745789,44.78419876098633
1.3302065000025323,60,CCW,-59.826263427734375,-0.8805580735206604,-0.05307646095752716,24.08599090576172,0.9622421860694885,44.785099029541016
1.3402244000026258,60,CCW,-59.757835388183594,-0.7899270057678223,0.048884227871894836,24.084379196166992,1.0983251333236694,44.786293029785156
1.350499000007403,60,CCW,-59.72844314575195,-0.876067578792572,0.10587567090988159,24.09404945373535,1.188895344734192,44.787498474121094
1.36022810000577,60,CCW,-59.63088607788086,-0.8275288343429565,-0.12941446900367737,24.084379196166992,1.1628509759902954,44.788578033447266
1.3703977999975905,60,CCW,-59.63407516479492,-0.7972887754440308,-0.07263456284999847,24.08599090576172,1.0023070573806763,44.78974533081055
1.3801007000001846,60,CCW,-59.70835494995117,-0.8472215533256531,0.002928301692008972,24.076322555541992,0.9707234501838684,44.790767669677734
1.3900393000076292,60,CCW,-59.70852279663086,-0.9003614783287048,0.09398070722818375,24.081157684326172,1.1062272787094116,44.792076110839844
1.4001091999962227,60,CCW,-59.71443176269531,-0.7875126004219055,-0.17429476976394653,24.07793426513672,1.0021692514419556,44.793399810791016
1.4101845999975922,60,CCW,-59.82493209838867,-0.8702807426452637,-0.010835930705070496,24.0827693939209,1.1364498138427734,44.7947998046875
1.4200636000023223,60,CCW,-59.727149963378906,-0.9587970972061157,0.15606532990932465,24.087602615356445,1.079751968383789,44.79606628417969
1.4305146999977296,60,CCW,-59.72990798950195,-0.7608446478843689,-0.044047798961400986,24.0908260345459,1.0281181335449219,44.797332763671875
1.4402586000069277,60,CCW,-59.768699645996094,-0.7914595603942871,0.1797623634338379,24.074710845947266,1.1545451879501343,44.798583984375
1.4503433000063524,60,CCW,-59.736324310302734,-0.8244099020957947,0.1859845072031021,24.08599090576172,1.0657594203948975,44.7995719909668
1.4606255999970017,60,CCW,-59.807884216308594,-0.7325592637062073,0.07878178358078003,24.084379196166992,1.1421352624893188,44.8007926940918
1.4700867000065045,60,CCW,-59.775115966796875,-0.8225255608558655,-0.09047505259513855,24.0827693939209,1.1669830083847046,44.801822662353516
1.4802223000006052,60,CCW,-59.81081008911133,-0.7994863390922546,0.07831110805273056,24.0827693939209,0.9465528130531311,44.802833557128906
1.4905387000035262,60,CCW,-59.81412887573242,-0.7217022776603699,-0.06271430850028992,24.0827693939209,1.0571929216384888,44.80366516113281
1.5002970000059577,60,CCW,-59.8203010559082,-0.7386791706085205,-0.12902788817882538,24.084379196166992,1.0538791418075562,44.80466079711914
1.510083900007885,60,CCW,-59.823490142822266,-0.8104730248451233,-0.08358583599328995,24.095659255981445,0.9355524778366089,44.80598831176758
1.5202883000019938,60,CCW,-59.82947540283203,-0.8627229928970337,-0.17127825319766998,24.087602615356445,1.059170126914978,44.807106018066406
1.5302805000101216,60,CCW,-59.79329299926758,-0.750131368637085,0.2803453505039215,24.08599090576172,0.8856308460235596,44.80765914916992
1.540382999999565,60,CCW,-59.86455154418945,-0.6922567486763,-0.21601879596710205,24.081157684326172,1.0338399410247803,44.80896759033203
1.5500638000085019,60,CCW,-59.831912994384766,-0.6849345564842224,0.17373795807361603,24.079545974731445,0.9965867400169373,44.81131362915039
1.5736139000073308,60,CCW,-59.7730712890625,-0.9120001196861267,-0.044467899948358536,24.084379196166992,0.9949402809143066,44.811767578125
1.5769000000000233,60,CCW,-59.77605438232422,-0.8222878575325012,0.03976923227310181,24.0827693939209,1.0612504482269287,44.81217575073242
1.5804336000001058,60,CCW,-59.74367904663086,-0.8742441534996033,-0.023992449045181274,24.089214324951172,1.1875150203704834,44.81253433227539
1.5912477000092622,60,CCW,-59.746437072753906,-0.8151568174362183,-0.22164887189865112,24.079545974731445,1.1240509748458862,44.81367111206055
1.6003842000063742,60,CCW,-59.680992126464844,-0.900328516960144,-0.007212691009044647,24.07793426513672,1.1644014120101929,44.81489562988281
1.6100300999969477,60,CCW,-59.684181213378906,-0.8594847321510315,0.27028030157089233,24.0827693939209,1.1343576908111572,44.816261291503906
1.6202196000085678,60,CCW,-59.68391799926758,-0.8207677006721497,-0.11159884929656982,24.0827693939209,1.0383352041244507,44.81736373901367
1.6303179000096861,60,CCW,-59.686676025390625,-0.7921940088272095,-0.18067610263824463,24.08599090576172,1.1335824728012085,44.818416595458984
1.640481299997191,60,CCW,-59.72193908691406,-0.8644096255302429,-0.014099054038524628,24.0827693939209,1.1066347360610962,44.81962585449219
1.6501254000031622,60,CCW,-59.68926239013672,-0.8228996992111206,0.012029111385345459,24.087602615356445,1.1855552196502686,44.820884704589844
1.6601104000001214,60,CCW,-59.724788665771484,-0.7423344254493713,-0.18408966064453125,24.07309913635254,1.0256038904190063,44.82174301147461
1.670392100000754,60,CCW,-59.6921501159668,-0.7629027366638184,0.01780042052268982,24.09404945373535,1.0802556276321411,44.823150634765625
1.6803588000038872,60,CCW,-59.69486999511719,-0.790906548500061,-0.0407208576798439,24.084379196166992,1.0073745250701904,44.8242301940918
1.6904244000033941,60,CCW,-59.73056411743164,-0.7336899638175964,-0.01681268960237503,24.084379196166992,0.976470410823822,44.8253288269043
1.7004517000023043,60,CCW,-59.70090866088867,-0.869432270526886,0.2133370339870453,24.087602615356445,1.1803373098373413,44.826576232910156
1.7102765000017826,60,CCW,-59.77571487426758,-0.772914469242096,-0.15765121579170227,24.0827693939209,1.063126564025879,44.82808303833008
1.7202951000072062,60,CCW,-59.71030807495117,-0.8974046111106873,0.18898499011993408,24.089214324951172,1.0241281986236572,44.829322814941406
1.7302236999967135,60,CCW,-59.74911880493164,-0.7400975227355957,-0.12844723463058472,24.08599090576172,1.122726559638977,44.83062744140625
1.7404313000006368,60,CCW,-59.68095397949219,-0.8967255353927612,-0.15558552742004395,24.09404945373535,1.0738441944122314,44.831787109375
1.7504647000023397,60,CCW,-59.58296585083008,-0.8457407355308533,0.13738906383514404,24.08599090576172,1.0092792510986328,44.8331413269043
1.7603492000052938,60,CCW,-59.615509033203125,-0.9287930727005005,-0.20408561825752258,24.089214324951172,1.0791895389556885,44.834716796875
1.7703922000073362,60,CCW,-59.6511116027832,-0.9357720613479614,0.1520492434501648,24.084379196166992,0.9586430788040161,44.83604049682617
1.7803416000097059,60,CCW,-59.722633361816406,-0.8434295654296875,-0.07360710948705673,24.0827693939209,1.0436772108078003,44.83761978149414
1.7903782000066712,60,CCW,-59.76131057739258,-0.7836470603942871,-0.1007826179265976,24.089214324951172,1.0347466468811035,44.838443756103516
1.8003927000099793,60,CCW,-59.728240966796875,-0.8869684934616089,0.05788926035165787,24.07309913635254,0.973725438117981,44.83978271484375
1.8105148000031477,60,CCW,-59.76721954345703,-0.8304997682571411,-0.17946386337280273,24.09404945373535,1.125584363937378,44.841033935546875
1.8200961999973515,60,CCW,-59.77044677734375,-0.7945504188537598,-0.1259785145521164,24.084379196166992,0.9526764154434204,44.842247009277344
1.8301094000053126,60,CCW,-59.809818267822266,-0.9357842206954956,-0.14570526778697968,24.08599090576172,0.9077468514442444,44.8433952331543
1.840200000006007,60,CCW,-59.74786376953125,-0.7295223474502563,0.009925201535224915,24.08599090576172,1.107811450958252,44.84447479248047
1.8504434000060428,60,CCW,-59.74786376953125,-0.8270997405052185,-0.003490746021270752,24.0908260345459,0.9559875726699829,44.845760345458984
1.8603695000056177,60,CCW,-59.92669677734375,-0.8086689114570618,-0.22473245859146118,24.084379196166992,0.9719735980033875,44.84724426269531
1.8703280000045197,60,CCW,-59.86125183105469,-0.7163775563240051,-0.07658010721206665,24.087602615356445,0.9821581244468689,44.847721099853516
1.8805177000031108,60,CCW,-59.90049362182617,-0.8311259150505066,-0.11576765775680542,24.081157684326172,0.9048805832862854,44.848411560058594
1.890036600001622,60,CCW,-59.766754150390625,-0.8796370029449463,0.12542468309402466,24.097270965576172,1.0175474882125854,44.849246978759766
1.9000981999997748,60,CCW,-59.77003860473633,-0.7341468930244446,0.17486275732517242,24.079545974731445,1.0055770874023438,44.850341796875
1.9101650000084192,60,CCW,-59.669029235839844,-0.8335433602333069,0.06783822178840637,24.079545974731445,1.0068517923355103,44.851539611816406
1.92030350001005,60,CCW,-59.74317932128906,-0.7164599895477295,-0.1458352953195572,24.08599090576172,1.0602997541427612,44.85264587402344
1.9304138000006787,60,CCW,-59.81155014038086,-0.8631912469863892,0.11359384655952454,24.081157684326172,0.9501557350158691,44.8536491394043
1.9400630000018282,60,CCW,-59.85026550292969,-0.8450895547866821,0.02388143539428711,24.081157684326172,1.037001132965088,44.85500717163086
1.950135200007935,60,CCW,-59.89265823364258,-0.7664213180541992,-0.08764542639255524,24.08599090576172,0.9608242511749268,44.855712890625
1.9602837999991607,60,CCW,-59.86001968383789,-0.8075270056724548,-0.23214665055274963,24.09404945373535,1.2088441848754883,44.85648727416992
1.9704773999983445,60,CCW,-59.83049774169922,-0.6742153763771057,-0.2623513340950012,24.089214324951172,1.028270959854126,44.8572998046875
1.980415099998936,60,CCW,-59.83385467529297,-0.7463992834091187,-0.06546402722597122,24.092437744140625,0.9378265738487244,44.85785675048828
1.9900919000065187,60,CCW,-59.80125427246094,-0.8332798480987549,-0.06151708960533142,24.092437744140625,1.1659481525421143,44.8591194152832
3.200009814463556e-06,80,CCW,-79.4984130859375,-0.8813490867614746,-0.18463191390037537,24.06987762451172,1.5345147848129272,45.6397590637207
0.01006910001160577,80,CCW,-79.49818420410156,-1.187208890914917,-0.16741706430912018,24.08599090576172,1.7248083353042603,45.641868591308594
0.02049230001284741,80,CCW,-79.56913757324219,-0.8337649703025818,0.0037793591618537903,24.084379196166992,1.6348165273666382,45.64378356933594
0.03051229999982752,80,CCW,-79.56913757324219,-0.8329153060913086,-0.034440621733665466,24.079545974731445,1.720407485961914,45.6451301574707
0.04051820001041051,80,CCW,-79.5333480834961,-0.9534828662872314,-0.11290264874696732,24.08599090576172,1.5189820528030396,45.646484375
0.050536800001282245,80,CCW,-79.64069366455078,-0.9393064379692078,-0.12130147963762283,24.089214324951172,1.665611743927002,45.648319244384766
0.06061420000332873,80,CCW,-79.60513305664062,-0.8499044179916382,0.20613254606723785,24.07793426513672,1.477271318435669,45.64962387084961
0.07052170000679325,80,CCW,-79.5725326538086,-0.7950136065483093,0.44961827993392944,24.0827693939209,1.6639878749847412,45.65129470825195
0.08003650000318885,80,CCW,-79.4361343383789,-0.9418902397155762,0.24946314096450806,24.087602615356445,1.5629572868347168,45.65278244018555
0.09042090000002645,80,CCW,-79.51050567626953,-0.865490734577179,-0.23230291903018951,24.087602615356445,1.5364797115325928,45.65497970581055
0.10040680000383873,80,CCW,-79.44559478759766,-0.9338305592536926,0.16094383597373962,24.076322555541992,1.31501042842865,45.656734466552734
0.1102386000129627,80,CCW,-79.38277435302734,-0.9687691926956177,-0.1805020570755005,24.06987762451172,1.7708126306533813,45.65900802612305
0.12042080001265276,80,CCW,-79.45389556884766,-1.0129300355911255,-0.08929795026779175,24.076322555541992,1.6299636363983154,45.661434173583984
0.13042160001350567,80,CCW,-79.45748138427734,-1.017081618309021,-0.03215695917606354,24.068265914916992,1.6652973890304565,45.66315841674805
0.14049030000751372,80,CCW,-79.4964599609375,-1.023833155632019,0.30568933486938477,24.079545974731445,1.7367292642593384,45.66498947143555
0.15015590000257362,80,CCW,-79.46661376953125,-1.0025941133499146,-0.29418590664863586,24.074710845947266,1.6269739866256714,45.66748046875
0.16003810000256635,80,CCW,-79.50200653076172,-1.011680245399475,0.12990714609622955,24.074710845947266,1.6869767904281616,45.66969680786133
0.17035750001377892,80,CCW,-79.5050277709961,-0.9047307968139648,0.06365799903869629,24.07309913635254,1.578696370124817,45.67150115966797
0.18038560000422876,80,CCW,-79.54058837890625,-0.9214909076690674,-0.1407647579908371,24.084379196166992,1.5080828666687012,45.67316436767578
0.19010170000547078,80,CCW,-79.61556243896484,-1.0340496301651,-0.043513789772987366,24.084379196166992,1.4952267408370972,45.67463684082031
0.20014900001115166,80,CCW,-79.58000183105469,-1.0067282915115356,-0.13195613026618958,24.079545974731445,1.6435747146606445,45.67637634277344
0.21029260000796057,80,CCW,-79.48218536376953,-0.9708970785140991,-0.13151516020298004,24.081157684326172,1.5828245878219604,45.67782974243164
0.22029710000788327,80,CCW,-79.41342163085938,-0.9214750528335571,-0.15761351585388184,24.071489334106445,1.6616930961608887,45.67972183227539
0.23038170000654645,80,CCW,-79.31232452392578,-0.9905019998550415,0.38871097564697266,24.084379196166992,1.452936053276062,45.68221664428711
0.2404922000132501,80,CCW,-79.35147094726562,-0.819049060344696,0.2789953052997589,24.07793426513672,1.2722471952438354,45.68464279174805
0.2502664000057848,80,CCW,-79.39061737060547,-0.9850929975509644,-0.2268206924200058,24.074710845947266,1.5659871101379395,45.68777847290039
0.26009239999984857,80,CCW,-79.35505676269531,-0.9793791770935059,0.20030279457569122,24.07793426513672,1.5337655544281006,45.6897087097168
0.270328900005552,80,CCW,-79.42657470703125,-0.9779789447784424,-0.24492590129375458,24.087602615356445,1.7688478231430054,45.69260787963867
0.28051890000642743,80,CCW,-79.50154876708984,-0.8583233952522278,0.024314124137163162,24.092437744140625,1.3424867391586304,45.69448471069336
0.2901391000050353,80,CCW,-79.54035949707031,-0.9306826591491699,-0.1709153950214386,24.074710845947266,1.4586446285247803,45.696006774902344
0.30036990001099184,80,CCW,-79.50788879394531,-0.9951834678649902,-0.03213396668434143,24.068265914916992,1.6181106567382812,45.698158264160156
0.31017440000141505,80,CCW,-79.51103973388672,-0.9083274602890015,0.3494105339050293,24.08599090576172,1.5305641889572144,45.699825286865234
0.3200360000046203,80,CCW,-79.47551727294922,-0.8666588664054871,-0.11065717041492462,24.089214324951172,1.5940446853637695,45.701839447021484
0.33030120001058094,80,CCW,-79.47551727294922,-1.0638726949691772,-0.049624159932136536,24.084379196166992,1.5395077466964722,45.70338439941406
0.3401909000094747,80,CCW,-79.58631896972656,-0.9780253767967224,0.1453983187675476,24.079545974731445,1.4395924806594849,45.7054557800293
0.35010710000642575,80,CCW,-79.55394744873047,-0.7625979781150818,-0.1442520022392273,24.08599090576172,1.470439076423645,45.706905364990234
0.3603748000023188,80,CCW,-79.62533569335938,-0.9619864821434021,-0.23884199559688568,24.07793426513672,1.551680088043213,45.708961486816406
0.37053120000928175,80,CCW,-79.62918853759766,-0.9934886693954468,0.18550194799900055,24.0827693939209,1.5987497568130493,45.71054458618164
0.38003120000939816,80,CCW,-79.59339904785156,-0.8958095908164978,0.0789792463183403,24.0827693939209,1.5850740671157837,45.71213912963867
0.39040730000124313,80,CCW,-79.56119537353516,-0.8940989375114441,-0.24637646973133087,24.08599090576172,1.4022668600082397,45.7138557434082
0.40025320000131615,80,CCW,-79.5679702758789,-1.105818271636963,-0.008569028228521347,24.0827693939209,1.664404034614563,45.715782165527344
0.4103806000057375,80,CCW,-79.46368408203125,-0.8202109932899475,0.15286649763584137,24.087602615356445,1.5848350524902344,45.717498779296875
0.4201731000066502,80,CCW,-79.53520202636719,-0.9122554659843445,-0.16350528597831726,24.0827693939209,1.6191589832305908,45.7197151184082
0.4304465000022901,80,CCW,-79.64254760742188,-0.8738090395927429,0.006137847900390625,24.087602615356445,1.6236531734466553,45.720909118652344
0.44042180001270026,80,CCW,-79.72110748291016,-1.0548888444900513,0.37355005741119385,24.087602615356445,1.352632761001587,45.72245788574219
0.4503065000026254,80,CCW,-79.62057495117188,-1.0929386615753174,0.12303674966096878,24.076322555541992,1.648377537727356,45.723426818847656
0.4600337000010768,80,CCW,-79.44742584228516,-0.97334223985672,0.14139361679553986,24.074710845947266,1.5114939212799072,45.7249641418457
0.47043060000578407,80,CCW,-79.449951171875,-0.7072669267654419,0.20992204546928406,24.081157684326172,1.6665445566177368,45.727664947509766
0.4800719000049867,80,CCW,-79.34898376464844,-0.8069738745689392,-0.017362669110298157,24.07309913635254,1.583056926727295,45.73001480102539
0.4900581000110833,80,CCW,-79.3845443725586,-1.0135751962661743,-0.0747477114200592,24.074710845947266,1.6888846158981323,45.73248291015625
0.5000812000071164,80,CCW,-79.39105224609375,-0.9526035785675049,-0.26865196228027344,24.06987762451172,1.3337827920913696,45.734474182128906
0.5100890000030631,80,CCW,-79.45968627929688,-0.9873901009559631,0.4808081090450287,24.07793426513672,1.652159333229065,45.736724853515625
0.5201078000100097,80,CCW,-79.49909973144531,-1.0289689302444458,-0.042589545249938965,24.076322555541992,1.5600004196166992,45.73863983154297
0.5302913000050467,80,CCW,-79.64498901367188,-0.9070640206336975,-0.08268886804580688,24.092437744140625,1.6404720544815063,45.74042892456055
0.5402677000092808,80,CCW,-79.64861297607422,-0.8636072278022766,-0.10407661646604538,24.089214324951172,1.7595382928848267,45.7418212890625
0.5503688000026159,80,CCW,-79.5903091430664,-0.8538844585418701,-0.03186682611703873,24.06987762451172,1.771758794784546,45.74369430541992
0.560385300006601,80,CCW,-79.66484832763672,-0.9572097659111023,-0.1450306624174118,24.092437744140625,1.7496085166931152,45.74524688720703
0.5704150000092341,80,CCW,-79.66481018066406,-0.9430236220359802,0.14350005984306335,24.081157684326172,1.4458686113357544,45.74686050415039
0.5805307000118773,80,CCW,-79.66716766357422,-0.928214430809021,0.071989506483078,24.0908260345459,1.3469408750534058,45.74840545654297
0.5901131999999052,80,CCW,-79.67035675048828,-1.0790190696716309,-0.20976968109607697,24.08599090576172,1.4249838590621948,45.749549865722656
0.600381300013396,80,CCW,-79.56620025634766,-0.9302756190299988,-0.21394041180610657,24.074710845947266,1.6661306619644165,45.75102615356445
0.6104170000035083,80,CCW,-79.50102233886719,-0.8819798827171326,-0.2335905134677887,24.076322555541992,1.2986046075820923,45.75273895263672
0.6202195000078063,80,CCW,-79.4686508178711,-0.9465969204902649,0.15877161920070648,24.081157684326172,1.56116783618927,45.75474166870117
0.6301717000023928,80,CCW,-79.50762939453125,-0.8544923067092896,-0.10963301360607147,24.081157684326172,1.585460901260376,45.756805419921875
0.6402164000028279,80,CCW,-79.57875061035156,-0.9300826787948608,-0.2020348608493805,24.08599090576172,1.5231491327285767,45.76081466674805
0.662744000001112,80,CCW,-79.54296112060547,-1.0087380409240723,-0.2293287068605423,24.074710845947266,1.851185917854309,45.761905670166016
0.6675369000004139,80,CCW,-79.64987182617188,-0.9529531002044678,-0.12764005362987518,24.0908260345459,1.586564540863037,45.76254653930664
0.6712675000017043,80,CCW,-79.61750030517578,-0.9326484203338623,0.019714713096618652,24.068265914916992,1.4852962493896484,45.76322555541992
0.680491000006441,80,CCW,-79.72826385498047,-0.8533278107643127,0.16424348950386047,24.08599090576172,1.3976645469665527,45.76420974731445
0.6905435000080615,80,CCW,-79.69881439208984,-0.9136335849761963,-0.02081809937953949,24.07793426513672,1.506137728691101,45.76554489135742
0.7001507000095444,80,CCW,-79.66587829589844,-0.8921801447868347,-0.24266527593135834,24.0827693939209,1.4575873613357544,45.76621627807617
0.7101708000118379,80,CCW,-79.70502471923828,-0.9291464686393738,0.08042555302381516,24.076322555541992,1.6436846256256104,45.76759719848633
0.7205318000051193,80,CCW,-79.71163177490234,-0.9133859276771545,-0.05874431133270264,24.076322555541992,1.598474144935608,45.76885223388672
0.7303289000119548,80,CCW,-79.64360046386719,-0.933347225189209,0.15586906671524048,24.0908260345459,1.66718590259552,45.77030944824219
0.740210300005856,80,CCW,-79.65339660644531,-0.8202412724494934,-0.16576829552650452,24.074710845947266,1.7161743640899658,45.77187728881836
0.750124100013636,80,CCW,-79.55601501464844,-0.8810291290283203,0.5242900848388672,24.084379196166992,1.3702174425125122,45.77302551269531
0.7605093000020133,80,CCW,-79.59831237792969,-0.9359915852546692,-0.060269951820373535,24.068265914916992,1.5688846111297607,45.77494430541992
0.7702529000089271,80,CCW,-79.60475158691406,-0.7951561212539673,0.08662321418523788,24.0827693939209,1.5183771848678589,45.776283264160156
0.7803592000127537,80,CCW,-79.74801635742188,-0.9753129482269287,-0.05523568391799927,24.074710845947266,1.4117331504821777,45.777549743652344
0.7903531000047224,80,CCW,-79.71524810791016,-0.8624945282936096,-0.07809954881668091,24.084379196166992,1.399413824081421,45.77897262573242
0.800462700004573,80,CCW,-79.72496795654297,-0.9441350698471069,0.06048813834786415,24.09404945373535,1.3282849788665771,45.78023147583008
0.8104552000004333,80,CCW,-79.72496795654297,-0.9777393937110901,-0.14761322736740112,24.066654205322266,1.6061134338378906,45.78145980834961
0.8204213000135496,80,CCW,-79.69893646240234,-0.9453838467597961,0.25029683113098145,24.079545974731445,1.4991846084594727,45.782894134521484
0.8301801000052365,80,CCW,-79.66314697265625,-0.9763239026069641,-0.03584912419319153,24.07793426513672,1.8329702615737915,45.784217834472656
0.8401827000052435,80,CCW,-79.4931869506836,-0.9477126598358154,-0.365862637758255,24.0827693939209,1.5101913213729858,45.78667449951172
0.8502021000022069,80,CCW,-79.49594116210938,-1.0602375268936157,-0.16192510724067688,24.07793426513672,1.604148030281067,45.78864288330078
0.8602958000119543,80,CCW,-79.46330261230469,-0.9339669942855835,0.06330153346061707,24.089214324951172,1.4932650327682495,45.79038619995117
0.870147800000268,80,CCW,-79.49929809570312,-1.0542290210723877,0.10350453853607178,24.079545974731445,1.6083444356918335,45.79219055175781
0.8801556000107666,80,CCW,-79.4722671508789,-0.8375633955001831,0.12196288257837296,24.087602615356445,1.495171308517456,45.79442596435547
0.8904023000068264,80,CCW,-79.57659149169922,-0.8198257684707642,-0.1450934261083603,24.0988826751709,1.6000653505325317,45.796756744384766
0.900136800002656,80,CCW,-79.54103088378906,-0.9834774136543274,-0.0006873682141304016,24.076322555541992,1.467288613319397,45.798946380615234
0.9103294000087772,80,CCW,-79.57659149169922,-0.9031001329421997,-0.04334910213947296,24.084379196166992,1.5573670864105225,45.80034637451172
0.9205084999994142,80,CCW,-79.61215209960938,-0.9688119888305664,-0.07204577326774597,24.092437744140625,1.4738504886627197,45.80208206176758
0.9300497000076575,80,CCW,-79.65046691894531,-0.9275124669075012,0.06977063417434692,24.0908260345459,1.478847622871399,45.803775787353516
0.940047100011725,80,CCW,-79.6532211303711,-1.1111764907836914,-0.0626852959394455,24.076322555541992,1.4743175506591797,45.80561828613281
0.9500534000108019,80,CCW,-79.73081970214844,-1.0119903087615967,-0.2609729468822479,24.07309913635254,1.4740320444107056,45.80678939819336
0.9605441000021528,80,CCW,-79.76976013183594,-0.9138411283493042,0.28773611783981323,24.084379196166992,1.460309386253357,45.807769775390625
0.9701267000054941,80,CCW,-79.77334594726562,-0.9397721290588379,0.06114421784877777,24.081157684326172,1.6643397808074951,45.8088264465332
0.9804827000043588,80,CCW,-79.74053955078125,-1.0523462295532227,-0.0819757878780365,24.08599090576172,1.6568621397018433,45.81025314331055
0.9901264000072842,80,CCW,-79.60689544677734,-0.8877962827682495,-0.20589031279087067,24.087602615356445,1.4873952865600586,45.811431884765625
1.0004975000047125,80,CCW,-79.57469177246094,-0.9210291504859924,-0.10377462953329086,24.0827693939209,1.5656791925430298,45.81330871582031
1.0105289000057383,80,CCW,-79.54188537597656,-0.9862352013587952,0.3752475082874298,24.084379196166992,1.5506502389907837,45.81467056274414
1.020514000003459,80,CCW,-79.61283874511719,-0.763854444026947,0.2939629852771759,24.0827693939209,1.3944286108016968,45.81662368774414
1.0302166000037687,80,CCW,-79.68777465820312,-0.9302218556404114,0.1798475682735443,24.095659255981445,1.5845890045166016,45.81774139404297
1.040310500000487,80,CCW,-79.75912475585938,-0.9365574717521667,0.12902872264385223,24.095659255981445,1.38722825050354,45.81904220581055
1.0503033999993932,80,CCW,-79.69036102294922,-1.0730257034301758,0.1881074458360672,24.068265914916992,1.389837622642517,45.820091247558594
1.0601778000127524,80,CCW,-79.72977447509766,-0.8555988073348999,-0.0018543712794780731,24.08599090576172,1.5214985609054565,45.82176971435547
1.070427300001029,80,CCW,-79.7033462524414,-0.989039421081543,-0.01687406748533249,24.0827693939209,1.5323257446289062,45.823184967041016
1.0801384000078542,80,CCW,-79.67416381835938,-0.8301449418067932,-0.07126924395561218,24.07793426513672,1.7283563613891602,45.82463455200195
1.090102800008026,80,CCW,-79.53763580322266,-0.9209230542182922,-0.0067033544182777405,24.079545974731445,1.5544016361236572,45.826324462890625
1.1003936000051908,80,CCW,-79.50486755371094,-1.0128881931304932,0.14405019581317902,24.092437744140625,1.5502865314483643,45.82823181152344
1.1101399000035599,80,CCW,-79.5404281616211,-0.8932177424430847,-0.03578898310661316,24.08599090576172,1.7196587324142456,45.8298225402832
1.1201200000068638,80,CCW,-79.6476058959961,-0.9479105472564697,0.09063579142093658,24.084379196166992,1.5283219814300537,45.83149337768555
1.1301843000110239,80,CCW,-79.65036010742188,-0.9579958319664001,-0.2002626657485962,24.0827693939209,1.675628900527954,45.83328628540039
1.1402278000023216,80,CCW,-79.72529602050781,-0.9379575252532959,-0.022821784019470215,24.08599090576172,1.516848087310791,45.83475112915039
1.1503095000080066,80,CCW,-79.72529602050781,-0.8164829611778259,-0.17578500509262085,24.084379196166992,1.4504724740982056,45.83584213256836
1.1603081000066595,80,CCW,-79.731201171875,-0.9981757998466492,-0.019241169095039368,24.087602615356445,1.4909040927886963,45.836952209472656
1.1705203000019537,80,CCW,-79.73422241210938,-0.9287469387054443,0.05665481463074684,24.089214324951172,1.539362907409668,45.8382568359375
1.1800967000017408,80,CCW,-79.74099731445312,-0.8386451005935669,-0.09365196526050568,24.07793426513672,1.497519612312317,45.839027404785156
1.190376099999412,80,CCW,-79.64318084716797,-1.0129013061523438,0.3485301434993744,24.08599090576172,1.7424136400222778,45.84035110473633
1.200287700004992,80,CCW,-79.64663696289062,-0.8854387402534485,-0.0932399332523346,24.087602615356445,1.5652111768722534,45.841583251953125
1.2103095000056783,80,CCW,-79.64663696289062,-0.8600189089775085,0.05819469690322876,24.076322555541992,1.578007698059082,45.84323501586914
1.2203296000079717,80,CCW,-79.71798706054688,-0.9264403581619263,0.016726024448871613,24.074710845947266,1.6537680625915527,45.84480667114258
1.2302105000126176,80,CCW,-79.68521881103516,-0.9215410351753235,-0.059707045555114746,24.076322555541992,1.583500862121582,45.84608840942383
1.240443700007745,80,CCW,-79.76042175292969,-0.9817749261856079,0.0917210578918457,24.07793426513672,1.645337700843811,45.846893310546875
1.2501862000062829,80,CCW,-79.76636505126953,-0.9550354480743408,0.1459275335073471,24.0827693939209,1.6632425785064697,45.8478889465332
1.2603033000050345,80,CCW,-79.8381118774414,-0.8613268136978149,0.12359414249658585,24.074710845947266,1.5908125638961792,45.84870529174805
1.2704564000014216,80,CCW,-79.9454574584961,-0.7921862006187439,0.06749136745929718,24.074710845947266,1.172009825706482,45.84899139404297
1.2804693000070984,80,CCW,-79.98487091064453,-1.0411393642425537,-0.049730751663446426,24.08599090576172,1.4032961130142212,45.84951400756836
1.2903935000067577,80,CCW,-79.98845672607422,-0.978297233581543,-0.18855658173561096,24.076322555541992,1.3565295934677124,45.84992980957031
1.3004767000093125,80,CCW,-79.9591064453125,-0.8218780755996704,-0.235378235578537,24.08599090576172,1.2038755416870117,45.85014724731445
1.3102745000069262,80,CCW,-79.82257843017578,-0.8346988558769226,0.02650616317987442,24.079545974731445,1.4789576530456543,45.850921630859375
1.3201994000119157,80,CCW,-79.72117614746094,-0.9476299285888672,0.06576471030712128,24.076322555541992,1.4133228063583374,45.85152053833008
1.330282900002203,80,CCW,-79.68814086914062,-1.054585576057434,-0.2017054408788681,24.076322555541992,1.5913047790527344,45.852596282958984
1.3405347000079928,80,CCW,-79.6197738647461,-0.9711535573005676,-0.10444876551628113,24.076322555541992,1.3098939657211304,45.854007720947266
1.3504556000116281,80,CCW,-79.6197738647461,-0.9512715935707092,0.15663598477840424,24.068265914916992,1.6977852582931519,45.85526657104492
1.3601612000056775,80,CCW,-79.65852355957031,-0.7155966758728027,-0.027461543679237366,24.076322555541992,1.3839714527130127,45.85620880126953
1.3703807000129018,80,CCW,-79.59268188476562,-0.9049494862556458,0.1276303082704544,24.084379196166992,1.475095272064209,45.85778045654297
1.3800227000028826,80,CCW,-79.6312255859375,-0.8783931732177734,-0.10874292254447937,24.084379196166992,1.6612050533294678,45.859352111816406
1.3902415000047768,80,CCW,-79.56262969970703,-0.8973706364631653,0.24131882190704346,24.07793426513672,1.496353030204773,45.861114501953125
1.4002781000017421,80,CCW,-79.66997528076172,-1.0326570272445679,0.052452072501182556,24.079545974731445,1.531311273574829,45.8631591796875
1.4100258000107715,80,CCW,-79.7417221069336,-0.9588345289230347,0.10176381468772888,24.08599090576172,1.4580200910568237,45.86430740356445
1.4202230000082636,80,CCW,-79.74447631835938,-1.0394121408462524,0.3069562017917633,24.076322555541992,1.5856313705444336,45.86570739746094
1.4303859000065131,80,CCW,-79.71170806884766,-0.8519225120544434,-0.07174593210220337,24.08599090576172,1.5119553804397583,45.86754608154297
1.4401054000045406,80,CCW,-79.75108337402344,-0.9950577616691589,-0.09732398390769958,24.079545974731445,1.3925501108169556,45.86838912963867
1.4501214000047185,80,CCW,-79.75068664550781,-0.8983684778213501,-0.092012420296669,24.076322555541992,1.461035132408142,45.86912536621094
1.4602677000075346,80,CCW,-79.85484313964844,-0.9625608325004578,-0.0024292469024658203,24.08599090576172,1.5287035703659058,45.870079040527344
1.470110800000839,80,CCW,-79.89067077636719,-0.9080039262771606,-0.25583407282829285,24.087602615356445,1.4421182870864868,45.870941162109375
1.4814717000117525,80,CCW,-79.89678192138672,-0.9870559573173523,0.05641049146652222,24.08599090576172,1.4410080909729004,45.87190246582031
1.4903902000078233,80,CCW,-79.79564666748047,-0.8590278029441833,-0.09080754965543747,24.079545974731445,1.6055272817611694,45.87282180786133
1.5001489999995101,80,CCW,-79.75959014892578,-0.927581250667572,0.05567218363285065,24.084379196166992,1.6899216175079346,45.87395095825195
1.5103247000079136,80,CCW,-79.69480895996094,-0.954879105091095,0.13080447912216187,24.084379196166992,1.4892793893814087,45.875144958496094
1.5203229000035208,80,CCW,-79.55722045898438,-1.036655306816101,-0.013000398874282837,24.084379196166992,1.519008994102478,45.876956939697266
1.5302274000132456,80,CCW,-79.62873840332031,-0.9637787342071533,0.04030412435531616,24.07793426513672,1.7081583738327026,45.87866973876953
1.5404801000113366,80,CCW,-79.53421020507812,-0.9971255660057068,0.004185939207673073,24.07793426513672,1.613893747329712,45.880271911621094
1.5505250999995042,80,CCW,-79.47222137451172,-0.8580940365791321,0.23493249714374542,24.074710845947266,1.2651193141937256,45.882347106933594
1.5602373000001535,80,CCW,-79.50804901123047,-0.9711832404136658,0.20992545783519745,24.081157684326172,1.504775881767273,45.884925842285156
1.5702397000131896,80,CCW,-79.61885070800781,-0.9155113697052002,-0.17156197130680084,24.079545974731445,1.4028240442276,45.886959075927734
1.5805193000123836,80,CCW,-79.69335174560547,-0.9069567918777466,0.16828089952468872,24.07793426513672,1.6890506744384766,45.888607025146484
1.5901851000089664,80,CCW,-79.6569595336914,-1.0350708961486816,0.31200456619262695,24.079545974731445,1.3733433485031128,45.889888763427734
1.600393200002145,80,CCW,-79.76470184326172,-0.8495281934738159,0.03624929487705231,24.068265914916992,1.6192588806152344,45.891212463378906
1.610316900012549,80,CCW,-79.8032455444336,-0.8773394227027893,0.17019149661064148,24.084379196166992,1.4337174892425537,45.892337799072266
1.620223400008399,80,CCW,-79.84222412109375,-0.8849189877510071,-0.21068069338798523,24.079545974731445,1.5588610172271729,45.89347457885742
1.6304291000124067,80,CCW,-79.74759674072266,-0.855789065361023,0.03547501564025879,24.084379196166992,1.5871467590332031,45.896812438964844
1.6575186000118265,80,CCW,-79.74759674072266,-0.8801035284996033,-0.06266956031322479,24.08599090576172,1.5448650121688843,45.8973274230957
1.6624209000001429,80,CCW,-79.74759674072266,-1.0063681602478027,0.0008886158466339111,24.084379196166992,1.6241687536239624,45.89799118041992
1.6667799000133527,80,CCW,-79.75035095214844,-1.0079867839813232,-0.0580253079533577,24.079545974731445,1.5609734058380127,45.89859390258789
1.67054660001304,80,CCW,-79.75051879882812,-0.8767738938331604,-0.017030194401741028,24.081157684326172,1.352667212486267,45.898963928222656
1.6803937000076985,80,CCW,-79.68192291259766,-0.9053463935852051,-0.2954678535461426,24.089214324951172,1.473720669746399,45.89997482299805
1.6904726000066148,80,CCW,-79.7532730102539,-1.0179740190505981,0.2963051199913025,24.08599090576172,1.3786741495132446,45.90097427368164
1.7004993000009563,80,CCW,-79.79198455810547,-1.082640528678894,-0.16626542806625366,24.084379196166992,1.6655107736587524,45.90229034423828
1.710401800010004,80,CCW,-79.86031341552734,-0.7967066764831543,-0.07926569133996964,24.084379196166992,1.4867006540298462,45.902992248535156
1.720397100012633,80,CCW,-79.93209838867188,-0.9524334073066711,0.13714729249477386,24.084379196166992,1.3020923137664795,45.903778076171875
1.7308538000070257,80,CCW,-79.93209838867188,-0.7746667265892029,-0.2696239650249481,24.079545974731445,1.5020076036453247,45.90452194213867
1.7403092000022298,80,CCW,-79.9706802368164,-0.8655387163162231,-0.15767885744571686,24.089214324951172,1.475400686264038,45.90485382080078
1.7504312000091886,80,CCW,-79.90248107910156,-0.9647511839866638,0.18934805691242218,24.081157684326172,1.682119607925415,45.90517044067383
1.7600367000122787,80,CCW,-79.90925598144531,-0.9976463913917542,0.26780933141708374,24.0827693939209,1.4742299318313599,45.90595626831055
1.7700580000091577,80,CCW,-79.8764877319336,-0.8242208957672119,-0.07644589990377426,24.0827693939209,1.3980016708374023,45.906524658203125
1.780096100002993,80,CCW,-79.746337890625,-0.8806465268135071,-0.03856760635972023,24.084379196166992,1.4907602071762085,45.90763854980469
1.7905555000033928,80,CCW,-79.75254821777344,-0.9036079049110413,-0.19915993511676788,24.084379196166992,1.6954915523529053,45.90898895263672
1.8001450000010664,80,CCW,-79.72359466552734,-0.9676447510719299,-0.012344859540462494,24.079545974731445,1.5552042722702026,45.90985107421875
1.8104984000092372,80,CCW,-79.75959014892578,-0.9815638065338135,-0.1306731104850769,24.07309913635254,1.5024067163467407,45.91122055053711
1.8205316000094172,80,CCW,-79.76636505126953,-0.8598374128341675,0.12962721288204193,24.07793426513672,1.4685156345367432,45.91241455078125
1.8304212000075495,80,CCW,-79.5968017578125,-0.916291356086731,-0.01043674349784851,24.081157684326172,1.3998286724090576,45.914161682128906
1.8402342000044882,80,CCW,-79.53145599365234,-0.9094727635383606,0.2058023363351822,24.081157684326172,1.5269676446914673,45.915924072265625
1.850466800009599,80,CCW,-79.56741333007812,-1.025058627128601,0.2446727603673935,24.079545974731445,1.8211103677749634,45.91783142089844
1.8601834000000963,80,CCW,-79.5670166015625,-1.0090198516845703,0.17090794444084167,24.0908260345459,1.4963905811309814,45.91936492919922
1.8700252000126056,80,CCW,-79.67436218261719,-1.051792025566101,-0.11335846036672592,24.089214324951172,1.5972216129302979,45.92131042480469
1.8801725000084843,80,CCW,-79.81109619140625,-0.9535578489303589,-0.09086796641349792,24.07793426513672,1.5492609739303589,45.922760009765625
1.8906859000126133,80,CCW,-79.88221740722656,-0.9150018095970154,-0.041328899562358856,24.087602615356445,1.549989938735962,45.923179626464844
1.9005267000029562,80,CCW,-79.91777801513672,-0.858703076839447,-0.016036123037338257,24.08599090576172,1.4329826831817627,45.92365646362305
1.9104033000039635,80,CCW,-79.95609283447266,-0.9255211353302002,-0.05679678916931152,24.076322555541992,1.3455259799957275,45.92427444458008
1.9203947000059998,80,CCW,-80.02748107910156,-0.9060465693473816,-0.033764902502298355,24.087602615356445,1.5133748054504395,45.92461013793945
1.930238000000827,80,CCW,-80.03106689453125,-0.8590914011001587,-0.10154608637094498,24.081157684326172,1.5734368562698364,45.92521286010742
1.940209500011406,80,CCW,-79.99826049804688,-0.8050543665885925,-0.14891740679740906,24.07793426513672,1.6591274738311768,45.925411224365234
1.9504784000018844,80,CCW,-79.86405181884766,-0.8164570927619934,0.208583265542984,24.0827693939209,1.293781042098999,45.9257926940918
1.9604914000083227,80,CCW,-79.72652435302734,-1.0278905630111694,0.12576618790626526,24.0827693939209,1.534530520439148,45.92661666870117
1.9704277000128059,80,CCW,-79.69388580322266,-0.932976245880127,-0.11934906244277954,24.076322555541992,1.6426862478256226,45.92792510986328
1.9804232000024058,80,CCW,-79.62489318847656,-1.0168770551681519,-0.3412949740886688,24.087602615356445,1.695486307144165,45.93003845214844
1.990166000003228,80,CCW,-79.5919189453125,-0.7852931022644043,0.07777902483940125,24.0827693939209,1.3434098958969116,45.93147659301758
